sprint_id,sprint_name,sprint_number,team_id,team_name,release_id,start_date,end_date,capacity_hours,headcount
1,Sprint 1 - Amazon - Release X+2,1,1,Amazon,REL_X+2,2024-01-01,2024-01-11,240,6
2,Sprint 2 - Amazon - Release X+2,2,1,Amazon,REL_X+2,2024-01-11,2024-01-21,240,6
3,Sprint 3 - Amazon - Release X+2,3,1,Amazon,REL_X+2,2024-01-21,2024-01-31,240,6
4,Sprint 4 - Amazon - Release X+2,4,1,Amazon,REL_X+2,2024-01-31,2024-02-10,240,6
5,Sprint 5 - Amazon - Release X+2,5,1,Amazon,REL_X+2,2024-02-10,2024-02-20,240,6
6,Sprint 6 - Amazon - Release X+2,6,1,Amazon,REL_X+2,2024-02-20,2024-03-01,240,6
7,Sprint 7 - Amazon - Release X+2,7,1,Amazon,REL_X+2,2024-03-01,2024-03-11,240,6
8,Sprint 8 - Amazon - Release X+2,8,1,Amazon,REL_X+2,2024-03-11,2024-03-21,240,6
9,Sprint 9 - Amazon - Release X+2,9,1,Amazon,REL_X+2,2024-03-21,2024-03-31,240,6
10,Sprint 10 - Amazon - Release X+2,10,1,Amazon,REL_X+2,2024-03-31,2024-04-10,240,6
11,Sprint 11 - Amazon - Release X+2,11,1,Amazon,REL_X+2,2024-04-10,2024-04-20,240,6
12,Sprint 12 - Amazon - Release X+2,12,1,Amazon,REL_X+2,2024-04-20,2024-04-30,240,6
13,Sprint 13 - Amazon - Release X+2,13,1,Amazon,REL_X+2,2024-04-30,2024-05-10,240,6
14,Sprint 14 - Amazon - Release X+2,14,1,Amazon,REL_X+2,2024-05-10,2024-05-20,240,6
15,Sprint 15 - Amazon - Release X+2,15,1,Amazon,REL_X+2,2024-05-20,2024-05-30,240,6
16,Sprint 16 - Amazon - Release X+2,16,1,Amazon,REL_X+2,2024-05-30,2024-06-09,240,6
17,Sprint 17 - Amazon - Release X+2,17,1,Amazon,REL_X+2,2024-06-09,2024-06-19,240,6
18,Sprint 18 - Amazon - Release X+2,18,1,Amazon,REL_X+2,2024-06-19,2024-06-29,240,6
19,Sprint 19 - Amazon - Release X+2,19,1,Amazon,REL_X+2,2024-06-29,2024-07-09,240,6
20,Sprint 20 - Amazon - Release X+2,20,1,Amazon,REL_X+2,2024-07-09,2024-07-19,240,6
21,Sprint 21 - Amazon - Release X+2,21,1,Amazon,REL_X+2,2024-07-19,2024-07-29,240,6
22,Sprint 22 - Amazon - Release X+2,22,1,Amazon,REL_X+2,2024-07-29,2024-08-08,240,6
23,Sprint 23 - Amazon - Release X+2,23,1,Amazon,REL_X+2,2024-08-08,2024-08-18,240,6
24,Sprint 24 - Amazon - Release X+2,24,1,Amazon,REL_X+2,2024-08-18,2024-08-28,240,6
25,Sprint 25 - Amazon - Release X+2,25,1,Amazon,REL_X+2,2024-08-28,2024-09-07,240,6
26,Sprint 26 - Amazon - Release X+2,26,1,Amazon,REL_X+2,2024-09-07,2024-09-17,240,6
27,Sprint 1 - Nile - Release X+2,1,2,Nile,REL_X+2,2024-01-01,2024-01-11,280,7
28,Sprint 2 - Nile - Release X+2,2,2,Nile,REL_X+2,2024-01-11,2024-01-21,280,7
29,Sprint 3 - Nile - Release X+2,3,2,Nile,REL_X+2,2024-01-21,2024-01-31,280,7
30,Sprint 4 - Nile - Release X+2,4,2,Nile,REL_X+2,2024-01-31,2024-02-10,280,7
31,Sprint 5 - Nile - Release X+2,5,2,Nile,REL_X+2,2024-02-10,2024-02-20,280,7
32,Sprint 6 - Nile - Release X+2,6,2,Nile,REL_X+2,2024-02-20,2024-03-01,280,7
33,Sprint 7 - Nile - Release X+2,7,2,Nile,REL_X+2,2024-03-01,2024-03-11,280,7
34,Sprint 8 - Nile - Release X+2,8,2,Nile,REL_X+2,2024-03-11,2024-03-21,280,7
35,Sprint 9 - Nile - Release X+2,9,2,Nile,REL_X+2,2024-03-21,2024-03-31,280,7
36,Sprint 10 - Nile - Release X+2,10,2,Nile,REL_X+2,2024-03-31,2024-04-10,280,7
37,Sprint 11 - Nile - Release X+2,11,2,Nile,REL_X+2,2024-04-10,2024-04-20,280,7
38,Sprint 12 - Nile - Release X+2,12,2,Nile,REL_X+2,2024-04-20,2024-04-30,280,7
39,Sprint 13 - Nile - Release X+2,13,2,Nile,REL_X+2,2024-04-30,2024-05-10,280,7
40,Sprint 14 - Nile - Release X+2,14,2,Nile,REL_X+2,2024-05-10,2024-05-20,280,7
41,Sprint 15 - Nile - Release X+2,15,2,Nile,REL_X+2,2024-05-20,2024-05-30,280,7
42,Sprint 16 - Nile - Release X+2,16,2,Nile,REL_X+2,2024-05-30,2024-06-09,280,7
43,Sprint 17 - Nile - Release X+2,17,2,Nile,REL_X+2,2024-06-09,2024-06-19,280,7
44,Sprint 18 - Nile - Release X+2,18,2,Nile,REL_X+2,2024-06-19,2024-06-29,280,7
45,Sprint 19 - Nile - Release X+2,19,2,Nile,REL_X+2,2024-06-29,2024-07-09,280,7
46,Sprint 20 - Nile - Release X+2,20,2,Nile,REL_X+2,2024-07-09,2024-07-19,280,7
47,Sprint 21 - Nile - Release X+2,21,2,Nile,REL_X+2,2024-07-19,2024-07-29,280,7
48,Sprint 22 - Nile - Release X+2,22,2,Nile,REL_X+2,2024-07-29,2024-08-08,280,7
49,Sprint 23 - Nile - Release X+2,23,2,Nile,REL_X+2,2024-08-08,2024-08-18,280,7
50,Sprint 24 - Nile - Release X+2,24,2,Nile,REL_X+2,2024-08-18,2024-08-28,280,7
51,Sprint 25 - Nile - Release X+2,25,2,Nile,REL_X+2,2024-08-28,2024-09-07,280,7
52,Sprint 26 - Nile - Release X+2,26,2,Nile,REL_X+2,2024-09-07,2024-09-17,280,7
53,Sprint 1 - Yangtze - Release X+2,1,3,Yangtze,REL_X+2,2024-01-01,2024-01-11,320,8
54,Sprint 2 - Yangtze - Release X+2,2,3,Yangtze,REL_X+2,2024-01-11,2024-01-21,320,8
55,Sprint 3 - Yangtze - Release X+2,3,3,Yangtze,REL_X+2,2024-01-21,2024-01-31,320,8
56,Sprint 4 - Yangtze - Release X+2,4,3,Yangtze,REL_X+2,2024-01-31,2024-02-10,320,8
57,Sprint 5 - Yangtze - Release X+2,5,3,Yangtze,REL_X+2,2024-02-10,2024-02-20,320,8
58,Sprint 6 - Yangtze - Release X+2,6,3,Yangtze,REL_X+2,2024-02-20,2024-03-01,320,8
59,Sprint 7 - Yangtze - Release X+2,7,3,Yangtze,REL_X+2,2024-03-01,2024-03-11,320,8
60,Sprint 8 - Yangtze - Release X+2,8,3,Yangtze,REL_X+2,2024-03-11,2024-03-21,320,8
61,Sprint 9 - Yangtze - Release X+2,9,3,Yangtze,REL_X+2,2024-03-21,2024-03-31,320,8
62,Sprint 10 - Yangtze - Release X+2,10,3,Yangtze,REL_X+2,2024-03-31,2024-04-10,320,8
63,Sprint 11 - Yangtze - Release X+2,11,3,Yangtze,REL_X+2,2024-04-10,2024-04-20,320,8
64,Sprint 12 - Yangtze - Release X+2,12,3,Yangtze,REL_X+2,2024-04-20,2024-04-30,320,8
65,Sprint 13 - Yangtze - Release X+2,13,3,Yangtze,REL_X+2,2024-04-30,2024-05-10,320,8
66,Sprint 14 - Yangtze - Release X+2,14,3,Yangtze,REL_X+2,2024-05-10,2024-05-20,320,8
67,Sprint 15 - Yangtze - Release X+2,15,3,Yangtze,REL_X+2,2024-05-20,2024-05-30,320,8
68,Sprint 16 - Yangtze - Release X+2,16,3,Yangtze,REL_X+2,2024-05-30,2024-06-09,320,8
69,Sprint 17 - Yangtze - Release X+2,17,3,Yangtze,REL_X+2,2024-06-09,2024-06-19,320,8
70,Sprint 18 - Yangtze - Release X+2,18,3,Yangtze,REL_X+2,2024-06-19,2024-06-29,320,8
71,Sprint 19 - Yangtze - Release X+2,19,3,Yangtze,REL_X+2,2024-06-29,2024-07-09,320,8
72,Sprint 20 - Yangtze - Release X+2,20,3,Yangtze,REL_X+2,2024-07-09,2024-07-19,320,8
73,Sprint 21 - Yangtze - Release X+2,21,3,Yangtze,REL_X+2,2024-07-19,2024-07-29,320,8
74,Sprint 22 - Yangtze - Release X+2,22,3,Yangtze,REL_X+2,2024-07-29,2024-08-08,320,8
75,Sprint 23 - Yangtze - Release X+2,23,3,Yangtze,REL_X+2,2024-08-08,2024-08-18,320,8
76,Sprint 24 - Yangtze - Release X+2,24,3,Yangtze,REL_X+2,2024-08-18,2024-08-28,320,8
77,Sprint 25 - Yangtze - Release X+2,25,3,Yangtze,REL_X+2,2024-08-28,2024-09-07,320,8
78,Sprint 26 - Yangtze - Release X+2,26,3,Yangtze,REL_X+2,2024-09-07,2024-09-17,320,8
79,Sprint 1 - Yenisei - Release X+2,1,4,Yenisei,REL_X+2,2024-01-01,2024-01-11,360,9
80,Sprint 2 - Yenisei - Release X+2,2,4,Yenisei,REL_X+2,2024-01-11,2024-01-21,360,9
81,Sprint 3 - Yenisei - Release X+2,3,4,Yenisei,REL_X+2,2024-01-21,2024-01-31,360,9
82,Sprint 4 - Yenisei - Release X+2,4,4,Yenisei,REL_X+2,2024-01-31,2024-02-10,360,9
83,Sprint 5 - Yenisei - Release X+2,5,4,Yenisei,REL_X+2,2024-02-10,2024-02-20,360,9
84,Sprint 6 - Yenisei - Release X+2,6,4,Yenisei,REL_X+2,2024-02-20,2024-03-01,360,9
85,Sprint 7 - Yenisei - Release X+2,7,4,Yenisei,REL_X+2,2024-03-01,2024-03-11,360,9
86,Sprint 8 - Yenisei - Release X+2,8,4,Yenisei,REL_X+2,2024-03-11,2024-03-21,360,9
87,Sprint 9 - Yenisei - Release X+2,9,4,Yenisei,REL_X+2,2024-03-21,2024-03-31,360,9
88,Sprint 10 - Yenisei - Release X+2,10,4,Yenisei,REL_X+2,2024-03-31,2024-04-10,360,9
89,Sprint 11 - Yenisei - Release X+2,11,4,Yenisei,REL_X+2,2024-04-10,2024-04-20,360,9
90,Sprint 12 - Yenisei - Release X+2,12,4,Yenisei,REL_X+2,2024-04-20,2024-04-30,360,9
91,Sprint 13 - Yenisei - Release X+2,13,4,Yenisei,REL_X+2,2024-04-30,2024-05-10,360,9
92,Sprint 14 - Yenisei - Release X+2,14,4,Yenisei,REL_X+2,2024-05-10,2024-05-20,360,9
93,Sprint 15 - Yenisei - Release X+2,15,4,Yenisei,REL_X+2,2024-05-20,2024-05-30,360,9
94,Sprint 16 - Yenisei - Release X+2,16,4,Yenisei,REL_X+2,2024-05-30,2024-06-09,360,9
95,Sprint 17 - Yenisei - Release X+2,17,4,Yenisei,REL_X+2,2024-06-09,2024-06-19,360,9
96,Sprint 18 - Yenisei - Release X+2,18,4,Yenisei,REL_X+2,2024-06-19,2024-06-29,360,9
97,Sprint 19 - Yenisei - Release X+2,19,4,Yenisei,REL_X+2,2024-06-29,2024-07-09,360,9
98,Sprint 20 - Yenisei - Release X+2,20,4,Yenisei,REL_X+2,2024-07-09,2024-07-19,360,9
99,Sprint 21 - Yenisei - Release X+2,21,4,Yenisei,REL_X+2,2024-07-19,2024-07-29,360,9
100,Sprint 22 - Yenisei - Release X+2,22,4,Yenisei,REL_X+2,2024-07-29,2024-08-08,360,9
101,Sprint 23 - Yenisei - Release X+2,23,4,Yenisei,REL_X+2,2024-08-08,2024-08-18,360,9
102,Sprint 24 - Yenisei - Release X+2,24,4,Yenisei,REL_X+2,2024-08-18,2024-08-28,360,9
103,Sprint 25 - Yenisei - Release X+2,25,4,Yenisei,REL_X+2,2024-08-28,2024-09-07,360,9
104,Sprint 26 - Yenisei - Release X+2,26,4,Yenisei,REL_X+2,2024-09-07,2024-09-17,360,9
105,Sprint 1 - Mississippi - Release X+2,1,5,Mississippi,REL_X+2,2024-01-01,2024-01-11,400,10
106,Sprint 2 - Mississippi - Release X+2,2,5,Mississippi,REL_X+2,2024-01-11,2024-01-21,400,10
107,Sprint 3 - Mississippi - Release X+2,3,5,Mississippi,REL_X+2,2024-01-21,2024-01-31,400,10
108,Sprint 4 - Mississippi - Release X+2,4,5,Mississippi,REL_X+2,2024-01-31,2024-02-10,400,10
109,Sprint 5 - Mississippi - Release X+2,5,5,Mississippi,REL_X+2,2024-02-10,2024-02-20,400,10
110,Sprint 6 - Mississippi - Release X+2,6,5,Mississippi,REL_X+2,2024-02-20,2024-03-01,400,10
111,Sprint 7 - Mississippi - Release X+2,7,5,Mississippi,REL_X+2,2024-03-01,2024-03-11,400,10
112,Sprint 8 - Mississippi - Release X+2,8,5,Mississippi,REL_X+2,2024-03-11,2024-03-21,400,10
113,Sprint 9 - Mississippi - Release X+2,9,5,Mississippi,REL_X+2,2024-03-21,2024-03-31,400,10
114,Sprint 10 - Mississippi - Release X+2,10,5,Mississippi,REL_X+2,2024-03-31,2024-04-10,400,10
115,Sprint 11 - Mississippi - Release X+2,11,5,Mississippi,REL_X+2,2024-04-10,2024-04-20,400,10
116,Sprint 12 - Mississippi - Release X+2,12,5,Mississippi,REL_X+2,2024-04-20,2024-04-30,400,10
117,Sprint 13 - Mississippi - Release X+2,13,5,Mississippi,REL_X+2,2024-04-30,2024-05-10,400,10
118,Sprint 14 - Mississippi - Release X+2,14,5,Mississippi,REL_X+2,2024-05-10,2024-05-20,400,10
119,Sprint 15 - Mississippi - Release X+2,15,5,Mississippi,REL_X+2,2024-05-20,2024-05-30,400,10
120,Sprint 16 - Mississippi - Release X+2,16,5,Mississippi,REL_X+2,2024-05-30,2024-06-09,400,10
121,Sprint 17 - Mississippi - Release X+2,17,5,Mississippi,REL_X+2,2024-06-09,2024-06-19,400,10
122,Sprint 18 - Mississippi - Release X+2,18,5,Mississippi,REL_X+2,2024-06-19,2024-06-29,400,10
123,Sprint 19 - Mississippi - Release X+2,19,5,Mississippi,REL_X+2,2024-06-29,2024-07-09,400,10
124,Sprint 20 - Mississippi - Release X+2,20,5,Mississippi,REL_X+2,2024-07-09,2024-07-19,400,10
125,Sprint 21 - Mississippi - Release X+2,21,5,Mississippi,REL_X+2,2024-07-19,2024-07-29,400,10
126,Sprint 22 - Mississippi - Release X+2,22,5,Mississippi,REL_X+2,2024-07-29,2024-08-08,400,10
127,Sprint 23 - Mississippi - Release X+2,23,5,Mississippi,REL_X+2,2024-08-08,2024-08-18,400,10
128,Sprint 24 - Mississippi - Release X+2,24,5,Mississippi,REL_X+2,2024-08-18,2024-08-28,400,10
129,Sprint 25 - Mississippi - Release X+2,25,5,Mississippi,REL_X+2,2024-08-28,2024-09-07,400,10
130,Sprint 26 - Mississippi - Release X+2,26,5,Mississippi,REL_X+2,2024-09-07,2024-09-17,400,10
131,Sprint 1 - Waikato - Release X+2,1,6,Waikato,REL_X+2,2024-01-01,2024-01-11,120,3
132,Sprint 2 - Waikato - Release X+2,2,6,Waikato,REL_X+2,2024-01-11,2024-01-21,120,3
133,Sprint 3 - Waikato - Release X+2,3,6,Waikato,REL_X+2,2024-01-21,2024-01-31,120,3
134,Sprint 4 - Waikato - Release X+2,4,6,Waikato,REL_X+2,2024-01-31,2024-02-10,120,3
135,Sprint 5 - Waikato - Release X+2,5,6,Waikato,REL_X+2,2024-02-10,2024-02-20,120,3
136,Sprint 6 - Waikato - Release X+2,6,6,Waikato,REL_X+2,2024-02-20,2024-03-01,120,3
137,Sprint 7 - Waikato - Release X+2,7,6,Waikato,REL_X+2,2024-03-01,2024-03-11,120,3
138,Sprint 8 - Waikato - Release X+2,8,6,Waikato,REL_X+2,2024-03-11,2024-03-21,120,3
139,Sprint 9 - Waikato - Release X+2,9,6,Waikato,REL_X+2,2024-03-21,2024-03-31,120,3
140,Sprint 10 - Waikato - Release X+2,10,6,Waikato,REL_X+2,2024-03-31,2024-04-10,120,3
141,Sprint 11 - Waikato - Release X+2,11,6,Waikato,REL_X+2,2024-04-10,2024-04-20,120,3
142,Sprint 12 - Waikato - Release X+2,12,6,Waikato,REL_X+2,2024-04-20,2024-04-30,120,3
143,Sprint 13 - Waikato - Release X+2,13,6,Waikato,REL_X+2,2024-04-30,2024-05-10,120,3
144,Sprint 14 - Waikato - Release X+2,14,6,Waikato,REL_X+2,2024-05-10,2024-05-20,120,3
145,Sprint 15 - Waikato - Release X+2,15,6,Waikato,REL_X+2,2024-05-20,2024-05-30,120,3
146,Sprint 16 - Waikato - Release X+2,16,6,Waikato,REL_X+2,2024-05-30,2024-06-09,120,3
147,Sprint 17 - Waikato - Release X+2,17,6,Waikato,REL_X+2,2024-06-09,2024-06-19,120,3
148,Sprint 18 - Waikato - Release X+2,18,6,Waikato,REL_X+2,2024-06-19,2024-06-29,120,3
149,Sprint 19 - Waikato - Release X+2,19,6,Waikato,REL_X+2,2024-06-29,2024-07-09,120,3
150,Sprint 20 - Waikato - Release X+2,20,6,Waikato,REL_X+2,2024-07-09,2024-07-19,120,3
151,Sprint 21 - Waikato - Release X+2,21,6,Waikato,REL_X+2,2024-07-19,2024-07-29,120,3
152,Sprint 22 - Waikato - Release X+2,22,6,Waikato,REL_X+2,2024-07-29,2024-08-08,120,3
153,Sprint 23 - Waikato - Release X+2,23,6,Waikato,REL_X+2,2024-08-08,2024-08-18,120,3
154,Sprint 24 - Waikato - Release X+2,24,6,Waikato,REL_X+2,2024-08-18,2024-08-28,120,3
155,Sprint 25 - Waikato - Release X+2,25,6,Waikato,REL_X+2,2024-08-28,2024-09-07,120,3
156,Sprint 26 - Waikato - Release X+2,26,6,Waikato,REL_X+2,2024-09-07,2024-09-17,120,3
157,Sprint 1 - Ganga - Release X+2,1,7,Ganga,REL_X+2,2024-01-01,2024-01-11,200,5
158,Sprint 2 - Ganga - Release X+2,2,7,Ganga,REL_X+2,2024-01-11,2024-01-21,200,5
159,Sprint 3 - Ganga - Release X+2,3,7,Ganga,REL_X+2,2024-01-21,2024-01-31,200,5
160,Sprint 4 - Ganga - Release X+2,4,7,Ganga,REL_X+2,2024-01-31,2024-02-10,200,5
161,Sprint 5 - Ganga - Release X+2,5,7,Ganga,REL_X+2,2024-02-10,2024-02-20,200,5
162,Sprint 6 - Ganga - Release X+2,6,7,Ganga,REL_X+2,2024-02-20,2024-03-01,200,5
163,Sprint 7 - Ganga - Release X+2,7,7,Ganga,REL_X+2,2024-03-01,2024-03-11,200,5
164,Sprint 8 - Ganga - Release X+2,8,7,Ganga,REL_X+2,2024-03-11,2024-03-21,200,5
165,Sprint 9 - Ganga - Release X+2,9,7,Ganga,REL_X+2,2024-03-21,2024-03-31,200,5
166,Sprint 10 - Ganga - Release X+2,10,7,Ganga,REL_X+2,2024-03-31,2024-04-10,200,5
167,Sprint 11 - Ganga - Release X+2,11,7,Ganga,REL_X+2,2024-04-10,2024-04-20,200,5
168,Sprint 12 - Ganga - Release X+2,12,7,Ganga,REL_X+2,2024-04-20,2024-04-30,200,5
169,Sprint 13 - Ganga - Release X+2,13,7,Ganga,REL_X+2,2024-04-30,2024-05-10,200,5
170,Sprint 14 - Ganga - Release X+2,14,7,Ganga,REL_X+2,2024-05-10,2024-05-20,200,5
171,Sprint 15 - Ganga - Release X+2,15,7,Ganga,REL_X+2,2024-05-20,2024-05-30,200,5
172,Sprint 16 - Ganga - Release X+2,16,7,Ganga,REL_X+2,2024-05-30,2024-06-09,200,5
173,Sprint 17 - Ganga - Release X+2,17,7,Ganga,REL_X+2,2024-06-09,2024-06-19,200,5
174,Sprint 18 - Ganga - Release X+2,18,7,Ganga,REL_X+2,2024-06-19,2024-06-29,200,5
175,Sprint 19 - Ganga - Release X+2,19,7,Ganga,REL_X+2,2024-06-29,2024-07-09,200,5
176,Sprint 20 - Ganga - Release X+2,20,7,Ganga,REL_X+2,2024-07-09,2024-07-19,200,5
177,Sprint 21 - Ganga - Release X+2,21,7,Ganga,REL_X+2,2024-07-19,2024-07-29,200,5
178,Sprint 22 - Ganga - Release X+2,22,7,Ganga,REL_X+2,2024-07-29,2024-08-08,200,5
179,Sprint 23 - Ganga - Release X+2,23,7,Ganga,REL_X+2,2024-08-08,2024-08-18,200,5
180,Sprint 24 - Ganga - Release X+2,24,7,Ganga,REL_X+2,2024-08-18,2024-08-28,200,5
181,Sprint 25 - Ganga - Release X+2,25,7,Ganga,REL_X+2,2024-08-28,2024-09-07,200,5
182,Sprint 26 - Ganga - Release X+2,26,7,Ganga,REL_X+2,2024-09-07,2024-09-17,200,5
183,Sprint 1 - Congo - Release X+2,1,8,Congo,REL_X+2,2024-01-01,2024-01-11,160,4
184,Sprint 2 - Congo - Release X+2,2,8,Congo,REL_X+2,2024-01-11,2024-01-21,160,4
185,Sprint 3 - Congo - Release X+2,3,8,Congo,REL_X+2,2024-01-21,2024-01-31,160,4
186,Sprint 4 - Congo - Release X+2,4,8,Congo,REL_X+2,2024-01-31,2024-02-10,160,4
187,Sprint 5 - Congo - Release X+2,5,8,Congo,REL_X+2,2024-02-10,2024-02-20,160,4
188,Sprint 6 - Congo - Release X+2,6,8,Congo,REL_X+2,2024-02-20,2024-03-01,160,4
189,Sprint 7 - Congo - Release X+2,7,8,Congo,REL_X+2,2024-03-01,2024-03-11,160,4
190,Sprint 8 - Congo - Release X+2,8,8,Congo,REL_X+2,2024-03-11,2024-03-21,160,4
191,Sprint 9 - Congo - Release X+2,9,8,Congo,REL_X+2,2024-03-21,2024-03-31,160,4
192,Sprint 10 - Congo - Release X+2,10,8,Congo,REL_X+2,2024-03-31,2024-04-10,160,4
193,Sprint 11 - Congo - Release X+2,11,8,Congo,REL_X+2,2024-04-10,2024-04-20,160,4
194,Sprint 12 - Congo - Release X+2,12,8,Congo,REL_X+2,2024-04-20,2024-04-30,160,4
195,Sprint 13 - Congo - Release X+2,13,8,Congo,REL_X+2,2024-04-30,2024-05-10,160,4
196,Sprint 14 - Congo - Release X+2,14,8,Congo,REL_X+2,2024-05-10,2024-05-20,160,4
197,Sprint 15 - Congo - Release X+2,15,8,Congo,REL_X+2,2024-05-20,2024-05-30,160,4
198,Sprint 16 - Congo - Release X+2,16,8,Congo,REL_X+2,2024-05-30,2024-06-09,160,4
199,Sprint 17 - Congo - Release X+2,17,8,Congo,REL_X+2,2024-06-09,2024-06-19,160,4
200,Sprint 18 - Congo - Release X+2,18,8,Congo,REL_X+2,2024-06-19,2024-06-29,160,4
201,Sprint 19 - Congo - Release X+2,19,8,Congo,REL_X+2,2024-06-29,2024-07-09,160,4
202,Sprint 20 - Congo - Release X+2,20,8,Congo,REL_X+2,2024-07-09,2024-07-19,160,4
203,Sprint 21 - Congo - Release X+2,21,8,Congo,REL_X+2,2024-07-19,2024-07-29,160,4
204,Sprint 22 - Congo - Release X+2,22,8,Congo,REL_X+2,2024-07-29,2024-08-08,160,4
205,Sprint 23 - Congo - Release X+2,23,8,Congo,REL_X+2,2024-08-08,2024-08-18,160,4
206,Sprint 24 - Congo - Release X+2,24,8,Congo,REL_X+2,2024-08-18,2024-08-28,160,4
207,Sprint 25 - Congo - Release X+2,25,8,Congo,REL_X+2,2024-08-28,2024-09-07,160,4
208,Sprint 26 - Congo - Release X+2,26,8,Congo,REL_X+2,2024-09-07,2024-09-17,160,4
209,Sprint 1 - Amazon - Release X+3,1,1,Amazon,REL_X+3,2024-03-11,2024-03-21,240,6
210,Sprint 2 - Amazon - Release X+3,2,1,Amazon,REL_X+3,2024-03-21,2024-03-31,240,6
211,Sprint 3 - Amazon - Release X+3,3,1,Amazon,REL_X+3,2024-03-31,2024-04-10,240,6
212,Sprint 4 - Amazon - Release X+3,4,1,Amazon,REL_X+3,2024-04-10,2024-04-20,240,6
213,Sprint 5 - Amazon - Release X+3,5,1,Amazon,REL_X+3,2024-04-20,2024-04-30,240,6
214,Sprint 6 - Amazon - Release X+3,6,1,Amazon,REL_X+3,2024-04-30,2024-05-10,240,6
215,Sprint 7 - Amazon - Release X+3,7,1,Amazon,REL_X+3,2024-05-10,2024-05-20,240,6
216,Sprint 8 - Amazon - Release X+3,8,1,Amazon,REL_X+3,2024-05-20,2024-05-30,240,6
217,Sprint 9 - Amazon - Release X+3,9,1,Amazon,REL_X+3,2024-05-30,2024-06-09,240,6
218,Sprint 10 - Amazon - Release X+3,10,1,Amazon,REL_X+3,2024-06-09,2024-06-19,240,6
219,Sprint 11 - Amazon - Release X+3,11,1,Amazon,REL_X+3,2024-06-19,2024-06-29,240,6
220,Sprint 12 - Amazon - Release X+3,12,1,Amazon,REL_X+3,2024-06-29,2024-07-09,240,6
221,Sprint 13 - Amazon - Release X+3,13,1,Amazon,REL_X+3,2024-07-09,2024-07-19,240,6
222,Sprint 14 - Amazon - Release X+3,14,1,Amazon,REL_X+3,2024-07-19,2024-07-29,240,6
223,Sprint 15 - Amazon - Release X+3,15,1,Amazon,REL_X+3,2024-07-29,2024-08-08,240,6
224,Sprint 16 - Amazon - Release X+3,16,1,Amazon,REL_X+3,2024-08-08,2024-08-18,240,6
225,Sprint 17 - Amazon - Release X+3,17,1,Amazon,REL_X+3,2024-08-18,2024-08-28,240,6
226,Sprint 18 - Amazon - Release X+3,18,1,Amazon,REL_X+3,2024-08-28,2024-09-07,240,6
227,Sprint 19 - Amazon - Release X+3,19,1,Amazon,REL_X+3,2024-09-07,2024-09-17,240,6
228,Sprint 20 - Amazon - Release X+3,20,1,Amazon,REL_X+3,2024-09-17,2024-09-27,240,6
229,Sprint 21 - Amazon - Release X+3,21,1,Amazon,REL_X+3,2024-09-27,2024-10-07,240,6
230,Sprint 22 - Amazon - Release X+3,22,1,Amazon,REL_X+3,2024-10-07,2024-10-17,240,6
231,Sprint 23 - Amazon - Release X+3,23,1,Amazon,REL_X+3,2024-10-17,2024-10-27,240,6
232,Sprint 24 - Amazon - Release X+3,24,1,Amazon,REL_X+3,2024-10-27,2024-11-06,240,6
233,Sprint 25 - Amazon - Release X+3,25,1,Amazon,REL_X+3,2024-11-06,2024-11-16,240,6
234,Sprint 26 - Amazon - Release X+3,26,1,Amazon,REL_X+3,2024-11-16,2024-11-26,240,6
235,Sprint 1 - Nile - Release X+3,1,2,Nile,REL_X+3,2024-03-11,2024-03-21,280,7
236,Sprint 2 - Nile - Release X+3,2,2,Nile,REL_X+3,2024-03-21,2024-03-31,280,7
237,Sprint 3 - Nile - Release X+3,3,2,Nile,REL_X+3,2024-03-31,2024-04-10,280,7
238,Sprint 4 - Nile - Release X+3,4,2,Nile,REL_X+3,2024-04-10,2024-04-20,280,7
239,Sprint 5 - Nile - Release X+3,5,2,Nile,REL_X+3,2024-04-20,2024-04-30,280,7
240,Sprint 6 - Nile - Release X+3,6,2,Nile,REL_X+3,2024-04-30,2024-05-10,280,7
241,Sprint 7 - Nile - Release X+3,7,2,Nile,REL_X+3,2024-05-10,2024-05-20,280,7
242,Sprint 8 - Nile - Release X+3,8,2,Nile,REL_X+3,2024-05-20,2024-05-30,280,7
243,Sprint 9 - Nile - Release X+3,9,2,Nile,REL_X+3,2024-05-30,2024-06-09,280,7
244,Sprint 10 - Nile - Release X+3,10,2,Nile,REL_X+3,2024-06-09,2024-06-19,280,7
245,Sprint 11 - Nile - Release X+3,11,2,Nile,REL_X+3,2024-06-19,2024-06-29,280,7
246,Sprint 12 - Nile - Release X+3,12,2,Nile,REL_X+3,2024-06-29,2024-07-09,280,7
247,Sprint 13 - Nile - Release X+3,13,2,Nile,REL_X+3,2024-07-09,2024-07-19,280,7
248,Sprint 14 - Nile - Release X+3,14,2,Nile,REL_X+3,2024-07-19,2024-07-29,280,7
249,Sprint 15 - Nile - Release X+3,15,2,Nile,REL_X+3,2024-07-29,2024-08-08,280,7
250,Sprint 16 - Nile - Release X+3,16,2,Nile,REL_X+3,2024-08-08,2024-08-18,280,7
251,Sprint 17 - Nile - Release X+3,17,2,Nile,REL_X+3,2024-08-18,2024-08-28,280,7
252,Sprint 18 - Nile - Release X+3,18,2,Nile,REL_X+3,2024-08-28,2024-09-07,280,7
253,Sprint 19 - Nile - Release X+3,19,2,Nile,REL_X+3,2024-09-07,2024-09-17,280,7
254,Sprint 20 - Nile - Release X+3,20,2,Nile,REL_X+3,2024-09-17,2024-09-27,280,7
255,Sprint 21 - Nile - Release X+3,21,2,Nile,REL_X+3,2024-09-27,2024-10-07,280,7
256,Sprint 22 - Nile - Release X+3,22,2,Nile,REL_X+3,2024-10-07,2024-10-17,280,7
257,Sprint 23 - Nile - Release X+3,23,2,Nile,REL_X+3,2024-10-17,2024-10-27,280,7
258,Sprint 24 - Nile - Release X+3,24,2,Nile,REL_X+3,2024-10-27,2024-11-06,280,7
259,Sprint 25 - Nile - Release X+3,25,2,Nile,REL_X+3,2024-11-06,2024-11-16,280,7
260,Sprint 26 - Nile - Release X+3,26,2,Nile,REL_X+3,2024-11-16,2024-11-26,280,7
261,Sprint 1 - Yangtze - Release X+3,1,3,Yangtze,REL_X+3,2024-03-11,2024-03-21,320,8
262,Sprint 2 - Yangtze - Release X+3,2,3,Yangtze,REL_X+3,2024-03-21,2024-03-31,320,8
263,Sprint 3 - Yangtze - Release X+3,3,3,Yangtze,REL_X+3,2024-03-31,2024-04-10,320,8
264,Sprint 4 - Yangtze - Release X+3,4,3,Yangtze,REL_X+3,2024-04-10,2024-04-20,320,8
265,Sprint 5 - Yangtze - Release X+3,5,3,Yangtze,REL_X+3,2024-04-20,2024-04-30,320,8
266,Sprint 6 - Yangtze - Release X+3,6,3,Yangtze,REL_X+3,2024-04-30,2024-05-10,320,8
267,Sprint 7 - Yangtze - Release X+3,7,3,Yangtze,REL_X+3,2024-05-10,2024-05-20,320,8
268,Sprint 8 - Yangtze - Release X+3,8,3,Yangtze,REL_X+3,2024-05-20,2024-05-30,320,8
269,Sprint 9 - Yangtze - Release X+3,9,3,Yangtze,REL_X+3,2024-05-30,2024-06-09,320,8
270,Sprint 10 - Yangtze - Release X+3,10,3,Yangtze,REL_X+3,2024-06-09,2024-06-19,320,8
271,Sprint 11 - Yangtze - Release X+3,11,3,Yangtze,REL_X+3,2024-06-19,2024-06-29,320,8
272,Sprint 12 - Yangtze - Release X+3,12,3,Yangtze,REL_X+3,2024-06-29,2024-07-09,320,8
273,Sprint 13 - Yangtze - Release X+3,13,3,Yangtze,REL_X+3,2024-07-09,2024-07-19,320,8
274,Sprint 14 - Yangtze - Release X+3,14,3,Yangtze,REL_X+3,2024-07-19,2024-07-29,320,8
275,Sprint 15 - Yangtze - Release X+3,15,3,Yangtze,REL_X+3,2024-07-29,2024-08-08,320,8
276,Sprint 16 - Yangtze - Release X+3,16,3,Yangtze,REL_X+3,2024-08-08,2024-08-18,320,8
277,Sprint 17 - Yangtze - Release X+3,17,3,Yangtze,REL_X+3,2024-08-18,2024-08-28,320,8
278,Sprint 18 - Yangtze - Release X+3,18,3,Yangtze,REL_X+3,2024-08-28,2024-09-07,320,8
279,Sprint 19 - Yangtze - Release X+3,19,3,Yangtze,REL_X+3,2024-09-07,2024-09-17,320,8
280,Sprint 20 - Yangtze - Release X+3,20,3,Yangtze,REL_X+3,2024-09-17,2024-09-27,320,8
281,Sprint 21 - Yangtze - Release X+3,21,3,Yangtze,REL_X+3,2024-09-27,2024-10-07,320,8
282,Sprint 22 - Yangtze - Release X+3,22,3,Yangtze,REL_X+3,2024-10-07,2024-10-17,320,8
283,Sprint 23 - Yangtze - Release X+3,23,3,Yangtze,REL_X+3,2024-10-17,2024-10-27,320,8
284,Sprint 24 - Yangtze - Release X+3,24,3,Yangtze,REL_X+3,2024-10-27,2024-11-06,320,8
285,Sprint 25 - Yangtze - Release X+3,25,3,Yangtze,REL_X+3,2024-11-06,2024-11-16,320,8
286,Sprint 26 - Yangtze - Release X+3,26,3,Yangtze,REL_X+3,2024-11-16,2024-11-26,320,8
287,Sprint 1 - Yenisei - Release X+3,1,4,Yenisei,REL_X+3,2024-03-11,2024-03-21,360,9
288,Sprint 2 - Yenisei - Release X+3,2,4,Yenisei,REL_X+3,2024-03-21,2024-03-31,360,9
289,Sprint 3 - Yenisei - Release X+3,3,4,Yenisei,REL_X+3,2024-03-31,2024-04-10,360,9
290,Sprint 4 - Yenisei - Release X+3,4,4,Yenisei,REL_X+3,2024-04-10,2024-04-20,360,9
291,Sprint 5 - Yenisei - Release X+3,5,4,Yenisei,REL_X+3,2024-04-20,2024-04-30,360,9
292,Sprint 6 - Yenisei - Release X+3,6,4,Yenisei,REL_X+3,2024-04-30,2024-05-10,360,9
293,Sprint 7 - Yenisei - Release X+3,7,4,Yenisei,REL_X+3,2024-05-10,2024-05-20,360,9
294,Sprint 8 - Yenisei - Release X+3,8,4,Yenisei,REL_X+3,2024-05-20,2024-05-30,360,9
295,Sprint 9 - Yenisei - Release X+3,9,4,Yenisei,REL_X+3,2024-05-30,2024-06-09,360,9
296,Sprint 10 - Yenisei - Release X+3,10,4,Yenisei,REL_X+3,2024-06-09,2024-06-19,360,9
297,Sprint 11 - Yenisei - Release X+3,11,4,Yenisei,REL_X+3,2024-06-19,2024-06-29,360,9
298,Sprint 12 - Yenisei - Release X+3,12,4,Yenisei,REL_X+3,2024-06-29,2024-07-09,360,9
299,Sprint 13 - Yenisei - Release X+3,13,4,Yenisei,REL_X+3,2024-07-09,2024-07-19,360,9
300,Sprint 14 - Yenisei - Release X+3,14,4,Yenisei,REL_X+3,2024-07-19,2024-07-29,360,9
301,Sprint 15 - Yenisei - Release X+3,15,4,Yenisei,REL_X+3,2024-07-29,2024-08-08,360,9
302,Sprint 16 - Yenisei - Release X+3,16,4,Yenisei,REL_X+3,2024-08-08,2024-08-18,360,9
303,Sprint 17 - Yenisei - Release X+3,17,4,Yenisei,REL_X+3,2024-08-18,2024-08-28,360,9
304,Sprint 18 - Yenisei - Release X+3,18,4,Yenisei,REL_X+3,2024-08-28,2024-09-07,360,9
305,Sprint 19 - Yenisei - Release X+3,19,4,Yenisei,REL_X+3,2024-09-07,2024-09-17,360,9
306,Sprint 20 - Yenisei - Release X+3,20,4,Yenisei,REL_X+3,2024-09-17,2024-09-27,360,9
307,Sprint 21 - Yenisei - Release X+3,21,4,Yenisei,REL_X+3,2024-09-27,2024-10-07,360,9
308,Sprint 22 - Yenisei - Release X+3,22,4,Yenisei,REL_X+3,2024-10-07,2024-10-17,360,9
309,Sprint 23 - Yenisei - Release X+3,23,4,Yenisei,REL_X+3,2024-10-17,2024-10-27,360,9
310,Sprint 24 - Yenisei - Release X+3,24,4,Yenisei,REL_X+3,2024-10-27,2024-11-06,360,9
311,Sprint 25 - Yenisei - Release X+3,25,4,Yenisei,REL_X+3,2024-11-06,2024-11-16,360,9
312,Sprint 26 - Yenisei - Release X+3,26,4,Yenisei,REL_X+3,2024-11-16,2024-11-26,360,9
313,Sprint 1 - Mississippi - Release X+3,1,5,Mississippi,REL_X+3,2024-03-11,2024-03-21,400,10
314,Sprint 2 - Mississippi - Release X+3,2,5,Mississippi,REL_X+3,2024-03-21,2024-03-31,400,10
315,Sprint 3 - Mississippi - Release X+3,3,5,Mississippi,REL_X+3,2024-03-31,2024-04-10,400,10
316,Sprint 4 - Mississippi - Release X+3,4,5,Mississippi,REL_X+3,2024-04-10,2024-04-20,400,10
317,Sprint 5 - Mississippi - Release X+3,5,5,Mississippi,REL_X+3,2024-04-20,2024-04-30,400,10
318,Sprint 6 - Mississippi - Release X+3,6,5,Mississippi,REL_X+3,2024-04-30,2024-05-10,400,10
319,Sprint 7 - Mississippi - Release X+3,7,5,Mississippi,REL_X+3,2024-05-10,2024-05-20,400,10
320,Sprint 8 - Mississippi - Release X+3,8,5,Mississippi,REL_X+3,2024-05-20,2024-05-30,400,10
321,Sprint 9 - Mississippi - Release X+3,9,5,Mississippi,REL_X+3,2024-05-30,2024-06-09,400,10
322,Sprint 10 - Mississippi - Release X+3,10,5,Mississippi,REL_X+3,2024-06-09,2024-06-19,400,10
323,Sprint 11 - Mississippi - Release X+3,11,5,Mississippi,REL_X+3,2024-06-19,2024-06-29,400,10
324,Sprint 12 - Mississippi - Release X+3,12,5,Mississippi,REL_X+3,2024-06-29,2024-07-09,400,10
325,Sprint 13 - Mississippi - Release X+3,13,5,Mississippi,REL_X+3,2024-07-09,2024-07-19,400,10
326,Sprint 14 - Mississippi - Release X+3,14,5,Mississippi,REL_X+3,2024-07-19,2024-07-29,400,10
327,Sprint 15 - Mississippi - Release X+3,15,5,Mississippi,REL_X+3,2024-07-29,2024-08-08,400,10
328,Sprint 16 - Mississippi - Release X+3,16,5,Mississippi,REL_X+3,2024-08-08,2024-08-18,400,10
329,Sprint 17 - Mississippi - Release X+3,17,5,Mississippi,REL_X+3,2024-08-18,2024-08-28,400,10
330,Sprint 18 - Mississippi - Release X+3,18,5,Mississippi,REL_X+3,2024-08-28,2024-09-07,400,10
331,Sprint 19 - Mississippi - Release X+3,19,5,Mississippi,REL_X+3,2024-09-07,2024-09-17,400,10
332,Sprint 20 - Mississippi - Release X+3,20,5,Mississippi,REL_X+3,2024-09-17,2024-09-27,400,10
333,Sprint 21 - Mississippi - Release X+3,21,5,Mississippi,REL_X+3,2024-09-27,2024-10-07,400,10
334,Sprint 22 - Mississippi - Release X+3,22,5,Mississippi,REL_X+3,2024-10-07,2024-10-17,400,10
335,Sprint 23 - Mississippi - Release X+3,23,5,Mississippi,REL_X+3,2024-10-17,2024-10-27,400,10
336,Sprint 24 - Mississippi - Release X+3,24,5,Mississippi,REL_X+3,2024-10-27,2024-11-06,400,10
337,Sprint 25 - Mississippi - Release X+3,25,5,Mississippi,REL_X+3,2024-11-06,2024-11-16,400,10
338,Sprint 26 - Mississippi - Release X+3,26,5,Mississippi,REL_X+3,2024-11-16,2024-11-26,400,10
339,Sprint 1 - Waikato - Release X+3,1,6,Waikato,REL_X+3,2024-03-11,2024-03-21,120,3
340,Sprint 2 - Waikato - Release X+3,2,6,Waikato,REL_X+3,2024-03-21,2024-03-31,120,3
341,Sprint 3 - Waikato - Release X+3,3,6,Waikato,REL_X+3,2024-03-31,2024-04-10,120,3
342,Sprint 4 - Waikato - Release X+3,4,6,Waikato,REL_X+3,2024-04-10,2024-04-20,120,3
343,Sprint 5 - Waikato - Release X+3,5,6,Waikato,REL_X+3,2024-04-20,2024-04-30,120,3
344,Sprint 6 - Waikato - Release X+3,6,6,Waikato,REL_X+3,2024-04-30,2024-05-10,120,3
345,Sprint 7 - Waikato - Release X+3,7,6,Waikato,REL_X+3,2024-05-10,2024-05-20,120,3
346,Sprint 8 - Waikato - Release X+3,8,6,Waikato,REL_X+3,2024-05-20,2024-05-30,120,3
347,Sprint 9 - Waikato - Release X+3,9,6,Waikato,REL_X+3,2024-05-30,2024-06-09,120,3
348,Sprint 10 - Waikato - Release X+3,10,6,Waikato,REL_X+3,2024-06-09,2024-06-19,120,3
349,Sprint 11 - Waikato - Release X+3,11,6,Waikato,REL_X+3,2024-06-19,2024-06-29,120,3
350,Sprint 12 - Waikato - Release X+3,12,6,Waikato,REL_X+3,2024-06-29,2024-07-09,120,3
351,Sprint 13 - Waikato - Release X+3,13,6,Waikato,REL_X+3,2024-07-09,2024-07-19,120,3
352,Sprint 14 - Waikato - Release X+3,14,6,Waikato,REL_X+3,2024-07-19,2024-07-29,120,3
353,Sprint 15 - Waikato - Release X+3,15,6,Waikato,REL_X+3,2024-07-29,2024-08-08,120,3
354,Sprint 16 - Waikato - Release X+3,16,6,Waikato,REL_X+3,2024-08-08,2024-08-18,120,3
355,Sprint 17 - Waikato - Release X+3,17,6,Waikato,REL_X+3,2024-08-18,2024-08-28,120,3
356,Sprint 18 - Waikato - Release X+3,18,6,Waikato,REL_X+3,2024-08-28,2024-09-07,120,3
357,Sprint 19 - Waikato - Release X+3,19,6,Waikato,REL_X+3,2024-09-07,2024-09-17,120,3
358,Sprint 20 - Waikato - Release X+3,20,6,Waikato,REL_X+3,2024-09-17,2024-09-27,120,3
359,Sprint 21 - Waikato - Release X+3,21,6,Waikato,REL_X+3,2024-09-27,2024-10-07,120,3
360,Sprint 22 - Waikato - Release X+3,22,6,Waikato,REL_X+3,2024-10-07,2024-10-17,120,3
361,Sprint 23 - Waikato - Release X+3,23,6,Waikato,REL_X+3,2024-10-17,2024-10-27,120,3
362,Sprint 24 - Waikato - Release X+3,24,6,Waikato,REL_X+3,2024-10-27,2024-11-06,120,3
363,Sprint 25 - Waikato - Release X+3,25,6,Waikato,REL_X+3,2024-11-06,2024-11-16,120,3
364,Sprint 26 - Waikato - Release X+3,26,6,Waikato,REL_X+3,2024-11-16,2024-11-26,120,3
365,Sprint 1 - Ganga - Release X+3,1,7,Ganga,REL_X+3,2024-03-11,2024-03-21,200,5
366,Sprint 2 - Ganga - Release X+3,2,7,Ganga,REL_X+3,2024-03-21,2024-03-31,200,5
367,Sprint 3 - Ganga - Release X+3,3,7,Ganga,REL_X+3,2024-03-31,2024-04-10,200,5
368,Sprint 4 - Ganga - Release X+3,4,7,Ganga,REL_X+3,2024-04-10,2024-04-20,200,5
369,Sprint 5 - Ganga - Release X+3,5,7,Ganga,REL_X+3,2024-04-20,2024-04-30,200,5
370,Sprint 6 - Ganga - Release X+3,6,7,Ganga,REL_X+3,2024-04-30,2024-05-10,200,5
371,Sprint 7 - Ganga - Release X+3,7,7,Ganga,REL_X+3,2024-05-10,2024-05-20,200,5
372,Sprint 8 - Ganga - Release X+3,8,7,Ganga,REL_X+3,2024-05-20,2024-05-30,200,5
373,Sprint 9 - Ganga - Release X+3,9,7,Ganga,REL_X+3,2024-05-30,2024-06-09,200,5
374,Sprint 10 - Ganga - Release X+3,10,7,Ganga,REL_X+3,2024-06-09,2024-06-19,200,5
375,Sprint 11 - Ganga - Release X+3,11,7,Ganga,REL_X+3,2024-06-19,2024-06-29,200,5
376,Sprint 12 - Ganga - Release X+3,12,7,Ganga,REL_X+3,2024-06-29,2024-07-09,200,5
377,Sprint 13 - Ganga - Release X+3,13,7,Ganga,REL_X+3,2024-07-09,2024-07-19,200,5
378,Sprint 14 - Ganga - Release X+3,14,7,Ganga,REL_X+3,2024-07-19,2024-07-29,200,5
379,Sprint 15 - Ganga - Release X+3,15,7,Ganga,REL_X+3,2024-07-29,2024-08-08,200,5
380,Sprint 16 - Ganga - Release X+3,16,7,Ganga,REL_X+3,2024-08-08,2024-08-18,200,5
381,Sprint 17 - Ganga - Release X+3,17,7,Ganga,REL_X+3,2024-08-18,2024-08-28,200,5
382,Sprint 18 - Ganga - Release X+3,18,7,Ganga,REL_X+3,2024-08-28,2024-09-07,200,5
383,Sprint 19 - Ganga - Release X+3,19,7,Ganga,REL_X+3,2024-09-07,2024-09-17,200,5
384,Sprint 20 - Ganga - Release X+3,20,7,Ganga,REL_X+3,2024-09-17,2024-09-27,200,5
385,Sprint 21 - Ganga - Release X+3,21,7,Ganga,REL_X+3,2024-09-27,2024-10-07,200,5
386,Sprint 22 - Ganga - Release X+3,22,7,Ganga,REL_X+3,2024-10-07,2024-10-17,200,5
387,Sprint 23 - Ganga - Release X+3,23,7,Ganga,REL_X+3,2024-10-17,2024-10-27,200,5
388,Sprint 24 - Ganga - Release X+3,24,7,Ganga,REL_X+3,2024-10-27,2024-11-06,200,5
389,Sprint 25 - Ganga - Release X+3,25,7,Ganga,REL_X+3,2024-11-06,2024-11-16,200,5
390,Sprint 26 - Ganga - Release X+3,26,7,Ganga,REL_X+3,2024-11-16,2024-11-26,200,5
391,Sprint 1 - Congo - Release X+3,1,8,Congo,REL_X+3,2024-03-11,2024-03-21,160,4
392,Sprint 2 - Congo - Release X+3,2,8,Congo,REL_X+3,2024-03-21,2024-03-31,160,4
393,Sprint 3 - Congo - Release X+3,3,8,Congo,REL_X+3,2024-03-31,2024-04-10,160,4
394,Sprint 4 - Congo - Release X+3,4,8,Congo,REL_X+3,2024-04-10,2024-04-20,160,4
395,Sprint 5 - Congo - Release X+3,5,8,Congo,REL_X+3,2024-04-20,2024-04-30,160,4
396,Sprint 6 - Congo - Release X+3,6,8,Congo,REL_X+3,2024-04-30,2024-05-10,160,4
397,Sprint 7 - Congo - Release X+3,7,8,Congo,REL_X+3,2024-05-10,2024-05-20,160,4
398,Sprint 8 - Congo - Release X+3,8,8,Congo,REL_X+3,2024-05-20,2024-05-30,160,4
399,Sprint 9 - Congo - Release X+3,9,8,Congo,REL_X+3,2024-05-30,2024-06-09,160,4
400,Sprint 10 - Congo - Release X+3,10,8,Congo,REL_X+3,2024-06-09,2024-06-19,160,4
401,Sprint 11 - Congo - Release X+3,11,8,Congo,REL_X+3,2024-06-19,2024-06-29,160,4
402,Sprint 12 - Congo - Release X+3,12,8,Congo,REL_X+3,2024-06-29,2024-07-09,160,4
403,Sprint 13 - Congo - Release X+3,13,8,Congo,REL_X+3,2024-07-09,2024-07-19,160,4
404,Sprint 14 - Congo - Release X+3,14,8,Congo,REL_X+3,2024-07-19,2024-07-29,160,4
405,Sprint 15 - Congo - Release X+3,15,8,Congo,REL_X+3,2024-07-29,2024-08-08,160,4
406,Sprint 16 - Congo - Release X+3,16,8,Congo,REL_X+3,2024-08-08,2024-08-18,160,4
407,Sprint 17 - Congo - Release X+3,17,8,Congo,REL_X+3,2024-08-18,2024-08-28,160,4
408,Sprint 18 - Congo - Release X+3,18,8,Congo,REL_X+3,2024-08-28,2024-09-07,160,4
409,Sprint 19 - Congo - Release X+3,19,8,Congo,REL_X+3,2024-09-07,2024-09-17,160,4
410,Sprint 20 - Congo - Release X+3,20,8,Congo,REL_X+3,2024-09-17,2024-09-27,160,4
411,Sprint 21 - Congo - Release X+3,21,8,Congo,REL_X+3,2024-09-27,2024-10-07,160,4
412,Sprint 22 - Congo - Release X+3,22,8,Congo,REL_X+3,2024-10-07,2024-10-17,160,4
413,Sprint 23 - Congo - Release X+3,23,8,Congo,REL_X+3,2024-10-17,2024-10-27,160,4
414,Sprint 24 - Congo - Release X+3,24,8,Congo,REL_X+3,2024-10-27,2024-11-06,160,4
415,Sprint 25 - Congo - Release X+3,25,8,Congo,REL_X+3,2024-11-06,2024-11-16,160,4
416,Sprint 26 - Congo - Release X+3,26,8,Congo,REL_X+3,2024-11-16,2024-11-26,160,4
417,Sprint 1 - Amazon - Release X+4,1,1,Amazon,REL_X+4,2024-05-20,2024-05-30,240,6
418,Sprint 2 - Amazon - Release X+4,2,1,Amazon,REL_X+4,2024-05-30,2024-06-09,240,6
419,Sprint 3 - Amazon - Release X+4,3,1,Amazon,REL_X+4,2024-06-09,2024-06-19,240,6
420,Sprint 4 - Amazon - Release X+4,4,1,Amazon,REL_X+4,2024-06-19,2024-06-29,240,6
421,Sprint 5 - Amazon - Release X+4,5,1,Amazon,REL_X+4,2024-06-29,2024-07-09,240,6
422,Sprint 6 - Amazon - Release X+4,6,1,Amazon,REL_X+4,2024-07-09,2024-07-19,240,6
423,Sprint 7 - Amazon - Release X+4,7,1,Amazon,REL_X+4,2024-07-19,2024-07-29,240,6
424,Sprint 8 - Amazon - Release X+4,8,1,Amazon,REL_X+4,2024-07-29,2024-08-08,240,6
425,Sprint 9 - Amazon - Release X+4,9,1,Amazon,REL_X+4,2024-08-08,2024-08-18,240,6
426,Sprint 10 - Amazon - Release X+4,10,1,Amazon,REL_X+4,2024-08-18,2024-08-28,240,6
427,Sprint 11 - Amazon - Release X+4,11,1,Amazon,REL_X+4,2024-08-28,2024-09-07,240,6
428,Sprint 12 - Amazon - Release X+4,12,1,Amazon,REL_X+4,2024-09-07,2024-09-17,240,6
429,Sprint 13 - Amazon - Release X+4,13,1,Amazon,REL_X+4,2024-09-17,2024-09-27,240,6
430,Sprint 14 - Amazon - Release X+4,14,1,Amazon,REL_X+4,2024-09-27,2024-10-07,240,6
431,Sprint 15 - Amazon - Release X+4,15,1,Amazon,REL_X+4,2024-10-07,2024-10-17,240,6
432,Sprint 16 - Amazon - Release X+4,16,1,Amazon,REL_X+4,2024-10-17,2024-10-27,240,6
433,Sprint 17 - Amazon - Release X+4,17,1,Amazon,REL_X+4,2024-10-27,2024-11-06,240,6
434,Sprint 18 - Amazon - Release X+4,18,1,Amazon,REL_X+4,2024-11-06,2024-11-16,240,6
435,Sprint 19 - Amazon - Release X+4,19,1,Amazon,REL_X+4,2024-11-16,2024-11-26,240,6
436,Sprint 20 - Amazon - Release X+4,20,1,Amazon,REL_X+4,2024-11-26,2024-12-06,240,6
437,Sprint 21 - Amazon - Release X+4,21,1,Amazon,REL_X+4,2024-12-06,2024-12-16,240,6
438,Sprint 22 - Amazon - Release X+4,22,1,Amazon,REL_X+4,2024-12-16,2024-12-26,240,6
439,Sprint 23 - Amazon - Release X+4,23,1,Amazon,REL_X+4,2024-12-26,2025-01-05,240,6
440,Sprint 24 - Amazon - Release X+4,24,1,Amazon,REL_X+4,2025-01-05,2025-01-15,240,6
441,Sprint 25 - Amazon - Release X+4,25,1,Amazon,REL_X+4,2025-01-15,2025-01-25,240,6
442,Sprint 26 - Amazon - Release X+4,26,1,Amazon,REL_X+4,2025-01-25,2025-02-04,240,6
443,Sprint 1 - Nile - Release X+4,1,2,Nile,REL_X+4,2024-05-20,2024-05-30,280,7
444,Sprint 2 - Nile - Release X+4,2,2,Nile,REL_X+4,2024-05-30,2024-06-09,280,7
445,Sprint 3 - Nile - Release X+4,3,2,Nile,REL_X+4,2024-06-09,2024-06-19,280,7
446,Sprint 4 - Nile - Release X+4,4,2,Nile,REL_X+4,2024-06-19,2024-06-29,280,7
447,Sprint 5 - Nile - Release X+4,5,2,Nile,REL_X+4,2024-06-29,2024-07-09,280,7
448,Sprint 6 - Nile - Release X+4,6,2,Nile,REL_X+4,2024-07-09,2024-07-19,280,7
449,Sprint 7 - Nile - Release X+4,7,2,Nile,REL_X+4,2024-07-19,2024-07-29,280,7
450,Sprint 8 - Nile - Release X+4,8,2,Nile,REL_X+4,2024-07-29,2024-08-08,280,7
451,Sprint 9 - Nile - Release X+4,9,2,Nile,REL_X+4,2024-08-08,2024-08-18,280,7
452,Sprint 10 - Nile - Release X+4,10,2,Nile,REL_X+4,2024-08-18,2024-08-28,280,7
453,Sprint 11 - Nile - Release X+4,11,2,Nile,REL_X+4,2024-08-28,2024-09-07,280,7
454,Sprint 12 - Nile - Release X+4,12,2,Nile,REL_X+4,2024-09-07,2024-09-17,280,7
455,Sprint 13 - Nile - Release X+4,13,2,Nile,REL_X+4,2024-09-17,2024-09-27,280,7
456,Sprint 14 - Nile - Release X+4,14,2,Nile,REL_X+4,2024-09-27,2024-10-07,280,7
457,Sprint 15 - Nile - Release X+4,15,2,Nile,REL_X+4,2024-10-07,2024-10-17,280,7
458,Sprint 16 - Nile - Release X+4,16,2,Nile,REL_X+4,2024-10-17,2024-10-27,280,7
459,Sprint 17 - Nile - Release X+4,17,2,Nile,REL_X+4,2024-10-27,2024-11-06,280,7
460,Sprint 18 - Nile - Release X+4,18,2,Nile,REL_X+4,2024-11-06,2024-11-16,280,7
461,Sprint 19 - Nile - Release X+4,19,2,Nile,REL_X+4,2024-11-16,2024-11-26,280,7
462,Sprint 20 - Nile - Release X+4,20,2,Nile,REL_X+4,2024-11-26,2024-12-06,280,7
463,Sprint 21 - Nile - Release X+4,21,2,Nile,REL_X+4,2024-12-06,2024-12-16,280,7
464,Sprint 22 - Nile - Release X+4,22,2,Nile,REL_X+4,2024-12-16,2024-12-26,280,7
465,Sprint 23 - Nile - Release X+4,23,2,Nile,REL_X+4,2024-12-26,2025-01-05,280,7
466,Sprint 24 - Nile - Release X+4,24,2,Nile,REL_X+4,2025-01-05,2025-01-15,280,7
467,Sprint 25 - Nile - Release X+4,25,2,Nile,REL_X+4,2025-01-15,2025-01-25,280,7
468,Sprint 26 - Nile - Release X+4,26,2,Nile,REL_X+4,2025-01-25,2025-02-04,280,7
469,Sprint 1 - Yangtze - Release X+4,1,3,Yangtze,REL_X+4,2024-05-20,2024-05-30,320,8
470,Sprint 2 - Yangtze - Release X+4,2,3,Yangtze,REL_X+4,2024-05-30,2024-06-09,320,8
471,Sprint 3 - Yangtze - Release X+4,3,3,Yangtze,REL_X+4,2024-06-09,2024-06-19,320,8
472,Sprint 4 - Yangtze - Release X+4,4,3,Yangtze,REL_X+4,2024-06-19,2024-06-29,320,8
473,Sprint 5 - Yangtze - Release X+4,5,3,Yangtze,REL_X+4,2024-06-29,2024-07-09,320,8
474,Sprint 6 - Yangtze - Release X+4,6,3,Yangtze,REL_X+4,2024-07-09,2024-07-19,320,8
475,Sprint 7 - Yangtze - Release X+4,7,3,Yangtze,REL_X+4,2024-07-19,2024-07-29,320,8
476,Sprint 8 - Yangtze - Release X+4,8,3,Yangtze,REL_X+4,2024-07-29,2024-08-08,320,8
477,Sprint 9 - Yangtze - Release X+4,9,3,Yangtze,REL_X+4,2024-08-08,2024-08-18,320,8
478,Sprint 10 - Yangtze - Release X+4,10,3,Yangtze,REL_X+4,2024-08-18,2024-08-28,320,8
479,Sprint 11 - Yangtze - Release X+4,11,3,Yangtze,REL_X+4,2024-08-28,2024-09-07,320,8
480,Sprint 12 - Yangtze - Release X+4,12,3,Yangtze,REL_X+4,2024-09-07,2024-09-17,320,8
481,Sprint 13 - Yangtze - Release X+4,13,3,Yangtze,REL_X+4,2024-09-17,2024-09-27,320,8
482,Sprint 14 - Yangtze - Release X+4,14,3,Yangtze,REL_X+4,2024-09-27,2024-10-07,320,8
483,Sprint 15 - Yangtze - Release X+4,15,3,Yangtze,REL_X+4,2024-10-07,2024-10-17,320,8
484,Sprint 16 - Yangtze - Release X+4,16,3,Yangtze,REL_X+4,2024-10-17,2024-10-27,320,8
485,Sprint 17 - Yangtze - Release X+4,17,3,Yangtze,REL_X+4,2024-10-27,2024-11-06,320,8
486,Sprint 18 - Yangtze - Release X+4,18,3,Yangtze,REL_X+4,2024-11-06,2024-11-16,320,8
487,Sprint 19 - Yangtze - Release X+4,19,3,Yangtze,REL_X+4,2024-11-16,2024-11-26,320,8
488,Sprint 20 - Yangtze - Release X+4,20,3,Yangtze,REL_X+4,2024-11-26,2024-12-06,320,8
489,Sprint 21 - Yangtze - Release X+4,21,3,Yangtze,REL_X+4,2024-12-06,2024-12-16,320,8
490,Sprint 22 - Yangtze - Release X+4,22,3,Yangtze,REL_X+4,2024-12-16,2024-12-26,320,8
491,Sprint 23 - Yangtze - Release X+4,23,3,Yangtze,REL_X+4,2024-12-26,2025-01-05,320,8
492,Sprint 24 - Yangtze - Release X+4,24,3,Yangtze,REL_X+4,2025-01-05,2025-01-15,320,8
493,Sprint 25 - Yangtze - Release X+4,25,3,Yangtze,REL_X+4,2025-01-15,2025-01-25,320,8
494,Sprint 26 - Yangtze - Release X+4,26,3,Yangtze,REL_X+4,2025-01-25,2025-02-04,320,8
495,Sprint 1 - Yenisei - Release X+4,1,4,Yenisei,REL_X+4,2024-05-20,2024-05-30,360,9
496,Sprint 2 - Yenisei - Release X+4,2,4,Yenisei,REL_X+4,2024-05-30,2024-06-09,360,9
497,Sprint 3 - Yenisei - Release X+4,3,4,Yenisei,REL_X+4,2024-06-09,2024-06-19,360,9
498,Sprint 4 - Yenisei - Release X+4,4,4,Yenisei,REL_X+4,2024-06-19,2024-06-29,360,9
499,Sprint 5 - Yenisei - Release X+4,5,4,Yenisei,REL_X+4,2024-06-29,2024-07-09,360,9
500,Sprint 6 - Yenisei - Release X+4,6,4,Yenisei,REL_X+4,2024-07-09,2024-07-19,360,9
501,Sprint 7 - Yenisei - Release X+4,7,4,Yenisei,REL_X+4,2024-07-19,2024-07-29,360,9
502,Sprint 8 - Yenisei - Release X+4,8,4,Yenisei,REL_X+4,2024-07-29,2024-08-08,360,9
503,Sprint 9 - Yenisei - Release X+4,9,4,Yenisei,REL_X+4,2024-08-08,2024-08-18,360,9
504,Sprint 10 - Yenisei - Release X+4,10,4,Yenisei,REL_X+4,2024-08-18,2024-08-28,360,9
505,Sprint 11 - Yenisei - Release X+4,11,4,Yenisei,REL_X+4,2024-08-28,2024-09-07,360,9
506,Sprint 12 - Yenisei - Release X+4,12,4,Yenisei,REL_X+4,2024-09-07,2024-09-17,360,9
507,Sprint 13 - Yenisei - Release X+4,13,4,Yenisei,REL_X+4,2024-09-17,2024-09-27,360,9
508,Sprint 14 - Yenisei - Release X+4,14,4,Yenisei,REL_X+4,2024-09-27,2024-10-07,360,9
509,Sprint 15 - Yenisei - Release X+4,15,4,Yenisei,REL_X+4,2024-10-07,2024-10-17,360,9
510,Sprint 16 - Yenisei - Release X+4,16,4,Yenisei,REL_X+4,2024-10-17,2024-10-27,360,9
511,Sprint 17 - Yenisei - Release X+4,17,4,Yenisei,REL_X+4,2024-10-27,2024-11-06,360,9
512,Sprint 18 - Yenisei - Release X+4,18,4,Yenisei,REL_X+4,2024-11-06,2024-11-16,360,9
513,Sprint 19 - Yenisei - Release X+4,19,4,Yenisei,REL_X+4,2024-11-16,2024-11-26,360,9
514,Sprint 20 - Yenisei - Release X+4,20,4,Yenisei,REL_X+4,2024-11-26,2024-12-06,360,9
515,Sprint 21 - Yenisei - Release X+4,21,4,Yenisei,REL_X+4,2024-12-06,2024-12-16,360,9
516,Sprint 22 - Yenisei - Release X+4,22,4,Yenisei,REL_X+4,2024-12-16,2024-12-26,360,9
517,Sprint 23 - Yenisei - Release X+4,23,4,Yenisei,REL_X+4,2024-12-26,2025-01-05,360,9
518,Sprint 24 - Yenisei - Release X+4,24,4,Yenisei,REL_X+4,2025-01-05,2025-01-15,360,9
519,Sprint 25 - Yenisei - Release X+4,25,4,Yenisei,REL_X+4,2025-01-15,2025-01-25,360,9
520,Sprint 26 - Yenisei - Release X+4,26,4,Yenisei,REL_X+4,2025-01-25,2025-02-04,360,9
521,Sprint 1 - Mississippi - Release X+4,1,5,Mississippi,REL_X+4,2024-05-20,2024-05-30,400,10
522,Sprint 2 - Mississippi - Release X+4,2,5,Mississippi,REL_X+4,2024-05-30,2024-06-09,400,10
523,Sprint 3 - Mississippi - Release X+4,3,5,Mississippi,REL_X+4,2024-06-09,2024-06-19,400,10
524,Sprint 4 - Mississippi - Release X+4,4,5,Mississippi,REL_X+4,2024-06-19,2024-06-29,400,10
525,Sprint 5 - Mississippi - Release X+4,5,5,Mississippi,REL_X+4,2024-06-29,2024-07-09,400,10
526,Sprint 6 - Mississippi - Release X+4,6,5,Mississippi,REL_X+4,2024-07-09,2024-07-19,400,10
527,Sprint 7 - Mississippi - Release X+4,7,5,Mississippi,REL_X+4,2024-07-19,2024-07-29,400,10
528,Sprint 8 - Mississippi - Release X+4,8,5,Mississippi,REL_X+4,2024-07-29,2024-08-08,400,10
529,Sprint 9 - Mississippi - Release X+4,9,5,Mississippi,REL_X+4,2024-08-08,2024-08-18,400,10
530,Sprint 10 - Mississippi - Release X+4,10,5,Mississippi,REL_X+4,2024-08-18,2024-08-28,400,10
531,Sprint 11 - Mississippi - Release X+4,11,5,Mississippi,REL_X+4,2024-08-28,2024-09-07,400,10
532,Sprint 12 - Mississippi - Release X+4,12,5,Mississippi,REL_X+4,2024-09-07,2024-09-17,400,10
533,Sprint 13 - Mississippi - Release X+4,13,5,Mississippi,REL_X+4,2024-09-17,2024-09-27,400,10
534,Sprint 14 - Mississippi - Release X+4,14,5,Mississippi,REL_X+4,2024-09-27,2024-10-07,400,10
535,Sprint 15 - Mississippi - Release X+4,15,5,Mississippi,REL_X+4,2024-10-07,2024-10-17,400,10
536,Sprint 16 - Mississippi - Release X+4,16,5,Mississippi,REL_X+4,2024-10-17,2024-10-27,400,10
537,Sprint 17 - Mississippi - Release X+4,17,5,Mississippi,REL_X+4,2024-10-27,2024-11-06,400,10
538,Sprint 18 - Mississippi - Release X+4,18,5,Mississippi,REL_X+4,2024-11-06,2024-11-16,400,10
539,Sprint 19 - Mississippi - Release X+4,19,5,Mississippi,REL_X+4,2024-11-16,2024-11-26,400,10
540,Sprint 20 - Mississippi - Release X+4,20,5,Mississippi,REL_X+4,2024-11-26,2024-12-06,400,10
541,Sprint 21 - Mississippi - Release X+4,21,5,Mississippi,REL_X+4,2024-12-06,2024-12-16,400,10
542,Sprint 22 - Mississippi - Release X+4,22,5,Mississippi,REL_X+4,2024-12-16,2024-12-26,400,10
543,Sprint 23 - Mississippi - Release X+4,23,5,Mississippi,REL_X+4,2024-12-26,2025-01-05,400,10
544,Sprint 24 - Mississippi - Release X+4,24,5,Mississippi,REL_X+4,2025-01-05,2025-01-15,400,10
545,Sprint 25 - Mississippi - Release X+4,25,5,Mississippi,REL_X+4,2025-01-15,2025-01-25,400,10
546,Sprint 26 - Mississippi - Release X+4,26,5,Mississippi,REL_X+4,2025-01-25,2025-02-04,400,10
547,Sprint 1 - Waikato - Release X+4,1,6,Waikato,REL_X+4,2024-05-20,2024-05-30,120,3
548,Sprint 2 - Waikato - Release X+4,2,6,Waikato,REL_X+4,2024-05-30,2024-06-09,120,3
549,Sprint 3 - Waikato - Release X+4,3,6,Waikato,REL_X+4,2024-06-09,2024-06-19,120,3
550,Sprint 4 - Waikato - Release X+4,4,6,Waikato,REL_X+4,2024-06-19,2024-06-29,120,3
551,Sprint 5 - Waikato - Release X+4,5,6,Waikato,REL_X+4,2024-06-29,2024-07-09,120,3
552,Sprint 6 - Waikato - Release X+4,6,6,Waikato,REL_X+4,2024-07-09,2024-07-19,120,3
553,Sprint 7 - Waikato - Release X+4,7,6,Waikato,REL_X+4,2024-07-19,2024-07-29,120,3
554,Sprint 8 - Waikato - Release X+4,8,6,Waikato,REL_X+4,2024-07-29,2024-08-08,120,3
555,Sprint 9 - Waikato - Release X+4,9,6,Waikato,REL_X+4,2024-08-08,2024-08-18,120,3
556,Sprint 10 - Waikato - Release X+4,10,6,Waikato,REL_X+4,2024-08-18,2024-08-28,120,3
557,Sprint 11 - Waikato - Release X+4,11,6,Waikato,REL_X+4,2024-08-28,2024-09-07,120,3
558,Sprint 12 - Waikato - Release X+4,12,6,Waikato,REL_X+4,2024-09-07,2024-09-17,120,3
559,Sprint 13 - Waikato - Release X+4,13,6,Waikato,REL_X+4,2024-09-17,2024-09-27,120,3
560,Sprint 14 - Waikato - Release X+4,14,6,Waikato,REL_X+4,2024-09-27,2024-10-07,120,3
561,Sprint 15 - Waikato - Release X+4,15,6,Waikato,REL_X+4,2024-10-07,2024-10-17,120,3
562,Sprint 16 - Waikato - Release X+4,16,6,Waikato,REL_X+4,2024-10-17,2024-10-27,120,3
563,Sprint 17 - Waikato - Release X+4,17,6,Waikato,REL_X+4,2024-10-27,2024-11-06,120,3
564,Sprint 18 - Waikato - Release X+4,18,6,Waikato,REL_X+4,2024-11-06,2024-11-16,120,3
565,Sprint 19 - Waikato - Release X+4,19,6,Waikato,REL_X+4,2024-11-16,2024-11-26,120,3
566,Sprint 20 - Waikato - Release X+4,20,6,Waikato,REL_X+4,2024-11-26,2024-12-06,120,3
567,Sprint 21 - Waikato - Release X+4,21,6,Waikato,REL_X+4,2024-12-06,2024-12-16,120,3
568,Sprint 22 - Waikato - Release X+4,22,6,Waikato,REL_X+4,2024-12-16,2024-12-26,120,3
569,Sprint 23 - Waikato - Release X+4,23,6,Waikato,REL_X+4,2024-12-26,2025-01-05,120,3
570,Sprint 24 - Waikato - Release X+4,24,6,Waikato,REL_X+4,2025-01-05,2025-01-15,120,3
571,Sprint 25 - Waikato - Release X+4,25,6,Waikato,REL_X+4,2025-01-15,2025-01-25,120,3
572,Sprint 26 - Waikato - Release X+4,26,6,Waikato,REL_X+4,2025-01-25,2025-02-04,120,3
573,Sprint 1 - Ganga - Release X+4,1,7,Ganga,REL_X+4,2024-05-20,2024-05-30,200,5
574,Sprint 2 - Ganga - Release X+4,2,7,Ganga,REL_X+4,2024-05-30,2024-06-09,200,5
575,Sprint 3 - Ganga - Release X+4,3,7,Ganga,REL_X+4,2024-06-09,2024-06-19,200,5
576,Sprint 4 - Ganga - Release X+4,4,7,Ganga,REL_X+4,2024-06-19,2024-06-29,200,5
577,Sprint 5 - Ganga - Release X+4,5,7,Ganga,REL_X+4,2024-06-29,2024-07-09,200,5
578,Sprint 6 - Ganga - Release X+4,6,7,Ganga,REL_X+4,2024-07-09,2024-07-19,200,5
579,Sprint 7 - Ganga - Release X+4,7,7,Ganga,REL_X+4,2024-07-19,2024-07-29,200,5
580,Sprint 8 - Ganga - Release X+4,8,7,Ganga,REL_X+4,2024-07-29,2024-08-08,200,5
581,Sprint 9 - Ganga - Release X+4,9,7,Ganga,REL_X+4,2024-08-08,2024-08-18,200,5
582,Sprint 10 - Ganga - Release X+4,10,7,Ganga,REL_X+4,2024-08-18,2024-08-28,200,5
583,Sprint 11 - Ganga - Release X+4,11,7,Ganga,REL_X+4,2024-08-28,2024-09-07,200,5
584,Sprint 12 - Ganga - Release X+4,12,7,Ganga,REL_X+4,2024-09-07,2024-09-17,200,5
585,Sprint 13 - Ganga - Release X+4,13,7,Ganga,REL_X+4,2024-09-17,2024-09-27,200,5
586,Sprint 14 - Ganga - Release X+4,14,7,Ganga,REL_X+4,2024-09-27,2024-10-07,200,5
587,Sprint 15 - Ganga - Release X+4,15,7,Ganga,REL_X+4,2024-10-07,2024-10-17,200,5
588,Sprint 16 - Ganga - Release X+4,16,7,Ganga,REL_X+4,2024-10-17,2024-10-27,200,5
589,Sprint 17 - Ganga - Release X+4,17,7,Ganga,REL_X+4,2024-10-27,2024-11-06,200,5
590,Sprint 18 - Ganga - Release X+4,18,7,Ganga,REL_X+4,2024-11-06,2024-11-16,200,5
591,Sprint 19 - Ganga - Release X+4,19,7,Ganga,REL_X+4,2024-11-16,2024-11-26,200,5
592,Sprint 20 - Ganga - Release X+4,20,7,Ganga,REL_X+4,2024-11-26,2024-12-06,200,5
593,Sprint 21 - Ganga - Release X+4,21,7,Ganga,REL_X+4,2024-12-06,2024-12-16,200,5
594,Sprint 22 - Ganga - Release X+4,22,7,Ganga,REL_X+4,2024-12-16,2024-12-26,200,5
595,Sprint 23 - Ganga - Release X+4,23,7,Ganga,REL_X+4,2024-12-26,2025-01-05,200,5
596,Sprint 24 - Ganga - Release X+4,24,7,Ganga,REL_X+4,2025-01-05,2025-01-15,200,5
597,Sprint 25 - Ganga - Release X+4,25,7,Ganga,REL_X+4,2025-01-15,2025-01-25,200,5
598,Sprint 26 - Ganga - Release X+4,26,7,Ganga,REL_X+4,2025-01-25,2025-02-04,200,5
599,Sprint 1 - Congo - Release X+4,1,8,Congo,REL_X+4,2024-05-20,2024-05-30,160,4
600,Sprint 2 - Congo - Release X+4,2,8,Congo,REL_X+4,2024-05-30,2024-06-09,160,4
601,Sprint 3 - Congo - Release X+4,3,8,Congo,REL_X+4,2024-06-09,2024-06-19,160,4
602,Sprint 4 - Congo - Release X+4,4,8,Congo,REL_X+4,2024-06-19,2024-06-29,160,4
603,Sprint 5 - Congo - Release X+4,5,8,Congo,REL_X+4,2024-06-29,2024-07-09,160,4
604,Sprint 6 - Congo - Release X+4,6,8,Congo,REL_X+4,2024-07-09,2024-07-19,160,4
605,Sprint 7 - Congo - Release X+4,7,8,Congo,REL_X+4,2024-07-19,2024-07-29,160,4
606,Sprint 8 - Congo - Release X+4,8,8,Congo,REL_X+4,2024-07-29,2024-08-08,160,4
607,Sprint 9 - Congo - Release X+4,9,8,Congo,REL_X+4,2024-08-08,2024-08-18,160,4
608,Sprint 10 - Congo - Release X+4,10,8,Congo,REL_X+4,2024-08-18,2024-08-28,160,4
609,Sprint 11 - Congo - Release X+4,11,8,Congo,REL_X+4,2024-08-28,2024-09-07,160,4
610,Sprint 12 - Congo - Release X+4,12,8,Congo,REL_X+4,2024-09-07,2024-09-17,160,4
611,Sprint 13 - Congo - Release X+4,13,8,Congo,REL_X+4,2024-09-17,2024-09-27,160,4
612,Sprint 14 - Congo - Release X+4,14,8,Congo,REL_X+4,2024-09-27,2024-10-07,160,4
613,Sprint 15 - Congo - Release X+4,15,8,Congo,REL_X+4,2024-10-07,2024-10-17,160,4
614,Sprint 16 - Congo - Release X+4,16,8,Congo,REL_X+4,2024-10-17,2024-10-27,160,4
615,Sprint 17 - Congo - Release X+4,17,8,Congo,REL_X+4,2024-10-27,2024-11-06,160,4
616,Sprint 18 - Congo - Release X+4,18,8,Congo,REL_X+4,2024-11-06,2024-11-16,160,4
617,Sprint 19 - Congo - Release X+4,19,8,Congo,REL_X+4,2024-11-16,2024-11-26,160,4
618,Sprint 20 - Congo - Release X+4,20,8,Congo,REL_X+4,2024-11-26,2024-12-06,160,4
619,Sprint 21 - Congo - Release X+4,21,8,Congo,REL_X+4,2024-12-06,2024-12-16,160,4
620,Sprint 22 - Congo - Release X+4,22,8,Congo,REL_X+4,2024-12-16,2024-12-26,160,4
621,Sprint 23 - Congo - Release X+4,23,8,Congo,REL_X+4,2024-12-26,2025-01-05,160,4
622,Sprint 24 - Congo - Release X+4,24,8,Congo,REL_X+4,2025-01-05,2025-01-15,160,4
623,Sprint 25 - Congo - Release X+4,25,8,Congo,REL_X+4,2025-01-15,2025-01-25,160,4
624,Sprint 26 - Congo - Release X+4,26,8,Congo,REL_X+4,2025-01-25,2025-02-04,160,4
625,Sprint 1 - Amazon - Release X+5,1,1,Amazon,REL_X+5,2024-07-29,2024-08-08,240,6
626,Sprint 2 - Amazon - Release X+5,2,1,Amazon,REL_X+5,2024-08-08,2024-08-18,240,6
627,Sprint 3 - Amazon - Release X+5,3,1,Amazon,REL_X+5,2024-08-18,2024-08-28,240,6
628,Sprint 4 - Amazon - Release X+5,4,1,Amazon,REL_X+5,2024-08-28,2024-09-07,240,6
629,Sprint 5 - Amazon - Release X+5,5,1,Amazon,REL_X+5,2024-09-07,2024-09-17,240,6
630,Sprint 6 - Amazon - Release X+5,6,1,Amazon,REL_X+5,2024-09-17,2024-09-27,240,6
631,Sprint 7 - Amazon - Release X+5,7,1,Amazon,REL_X+5,2024-09-27,2024-10-07,240,6
632,Sprint 8 - Amazon - Release X+5,8,1,Amazon,REL_X+5,2024-10-07,2024-10-17,240,6
633,Sprint 9 - Amazon - Release X+5,9,1,Amazon,REL_X+5,2024-10-17,2024-10-27,240,6
634,Sprint 10 - Amazon - Release X+5,10,1,Amazon,REL_X+5,2024-10-27,2024-11-06,240,6
635,Sprint 11 - Amazon - Release X+5,11,1,Amazon,REL_X+5,2024-11-06,2024-11-16,240,6
636,Sprint 12 - Amazon - Release X+5,12,1,Amazon,REL_X+5,2024-11-16,2024-11-26,240,6
637,Sprint 13 - Amazon - Release X+5,13,1,Amazon,REL_X+5,2024-11-26,2024-12-06,240,6
638,Sprint 14 - Amazon - Release X+5,14,1,Amazon,REL_X+5,2024-12-06,2024-12-16,240,6
639,Sprint 15 - Amazon - Release X+5,15,1,Amazon,REL_X+5,2024-12-16,2024-12-26,240,6
640,Sprint 16 - Amazon - Release X+5,16,1,Amazon,REL_X+5,2024-12-26,2025-01-05,240,6
641,Sprint 17 - Amazon - Release X+5,17,1,Amazon,REL_X+5,2025-01-05,2025-01-15,240,6
642,Sprint 18 - Amazon - Release X+5,18,1,Amazon,REL_X+5,2025-01-15,2025-01-25,240,6
643,Sprint 19 - Amazon - Release X+5,19,1,Amazon,REL_X+5,2025-01-25,2025-02-04,240,6
644,Sprint 20 - Amazon - Release X+5,20,1,Amazon,REL_X+5,2025-02-04,2025-02-14,240,6
645,Sprint 21 - Amazon - Release X+5,21,1,Amazon,REL_X+5,2025-02-14,2025-02-24,240,6
646,Sprint 22 - Amazon - Release X+5,22,1,Amazon,REL_X+5,2025-02-24,2025-03-06,240,6
647,Sprint 23 - Amazon - Release X+5,23,1,Amazon,REL_X+5,2025-03-06,2025-03-16,240,6
648,Sprint 24 - Amazon - Release X+5,24,1,Amazon,REL_X+5,2025-03-16,2025-03-26,240,6
649,Sprint 25 - Amazon - Release X+5,25,1,Amazon,REL_X+5,2025-03-26,2025-04-05,240,6
650,Sprint 26 - Amazon - Release X+5,26,1,Amazon,REL_X+5,2025-04-05,2025-04-15,240,6
651,Sprint 1 - Nile - Release X+5,1,2,Nile,REL_X+5,2024-07-29,2024-08-08,280,7
652,Sprint 2 - Nile - Release X+5,2,2,Nile,REL_X+5,2024-08-08,2024-08-18,280,7
653,Sprint 3 - Nile - Release X+5,3,2,Nile,REL_X+5,2024-08-18,2024-08-28,280,7
654,Sprint 4 - Nile - Release X+5,4,2,Nile,REL_X+5,2024-08-28,2024-09-07,280,7
655,Sprint 5 - Nile - Release X+5,5,2,Nile,REL_X+5,2024-09-07,2024-09-17,280,7
656,Sprint 6 - Nile - Release X+5,6,2,Nile,REL_X+5,2024-09-17,2024-09-27,280,7
657,Sprint 7 - Nile - Release X+5,7,2,Nile,REL_X+5,2024-09-27,2024-10-07,280,7
658,Sprint 8 - Nile - Release X+5,8,2,Nile,REL_X+5,2024-10-07,2024-10-17,280,7
659,Sprint 9 - Nile - Release X+5,9,2,Nile,REL_X+5,2024-10-17,2024-10-27,280,7
660,Sprint 10 - Nile - Release X+5,10,2,Nile,REL_X+5,2024-10-27,2024-11-06,280,7
661,Sprint 11 - Nile - Release X+5,11,2,Nile,REL_X+5,2024-11-06,2024-11-16,280,7
662,Sprint 12 - Nile - Release X+5,12,2,Nile,REL_X+5,2024-11-16,2024-11-26,280,7
663,Sprint 13 - Nile - Release X+5,13,2,Nile,REL_X+5,2024-11-26,2024-12-06,280,7
664,Sprint 14 - Nile - Release X+5,14,2,Nile,REL_X+5,2024-12-06,2024-12-16,280,7
665,Sprint 15 - Nile - Release X+5,15,2,Nile,REL_X+5,2024-12-16,2024-12-26,280,7
666,Sprint 16 - Nile - Release X+5,16,2,Nile,REL_X+5,2024-12-26,2025-01-05,280,7
667,Sprint 17 - Nile - Release X+5,17,2,Nile,REL_X+5,2025-01-05,2025-01-15,280,7
668,Sprint 18 - Nile - Release X+5,18,2,Nile,REL_X+5,2025-01-15,2025-01-25,280,7
669,Sprint 19 - Nile - Release X+5,19,2,Nile,REL_X+5,2025-01-25,2025-02-04,280,7
670,Sprint 20 - Nile - Release X+5,20,2,Nile,REL_X+5,2025-02-04,2025-02-14,280,7
671,Sprint 21 - Nile - Release X+5,21,2,Nile,REL_X+5,2025-02-14,2025-02-24,280,7
672,Sprint 22 - Nile - Release X+5,22,2,Nile,REL_X+5,2025-02-24,2025-03-06,280,7
673,Sprint 23 - Nile - Release X+5,23,2,Nile,REL_X+5,2025-03-06,2025-03-16,280,7
674,Sprint 24 - Nile - Release X+5,24,2,Nile,REL_X+5,2025-03-16,2025-03-26,280,7
675,Sprint 25 - Nile - Release X+5,25,2,Nile,REL_X+5,2025-03-26,2025-04-05,280,7
676,Sprint 26 - Nile - Release X+5,26,2,Nile,REL_X+5,2025-04-05,2025-04-15,280,7
677,Sprint 1 - Yangtze - Release X+5,1,3,Yangtze,REL_X+5,2024-07-29,2024-08-08,320,8
678,Sprint 2 - Yangtze - Release X+5,2,3,Yangtze,REL_X+5,2024-08-08,2024-08-18,320,8
679,Sprint 3 - Yangtze - Release X+5,3,3,Yangtze,REL_X+5,2024-08-18,2024-08-28,320,8
680,Sprint 4 - Yangtze - Release X+5,4,3,Yangtze,REL_X+5,2024-08-28,2024-09-07,320,8
681,Sprint 5 - Yangtze - Release X+5,5,3,Yangtze,REL_X+5,2024-09-07,2024-09-17,320,8
682,Sprint 6 - Yangtze - Release X+5,6,3,Yangtze,REL_X+5,2024-09-17,2024-09-27,320,8
683,Sprint 7 - Yangtze - Release X+5,7,3,Yangtze,REL_X+5,2024-09-27,2024-10-07,320,8
684,Sprint 8 - Yangtze - Release X+5,8,3,Yangtze,REL_X+5,2024-10-07,2024-10-17,320,8
685,Sprint 9 - Yangtze - Release X+5,9,3,Yangtze,REL_X+5,2024-10-17,2024-10-27,320,8
686,Sprint 10 - Yangtze - Release X+5,10,3,Yangtze,REL_X+5,2024-10-27,2024-11-06,320,8
687,Sprint 11 - Yangtze - Release X+5,11,3,Yangtze,REL_X+5,2024-11-06,2024-11-16,320,8
688,Sprint 12 - Yangtze - Release X+5,12,3,Yangtze,REL_X+5,2024-11-16,2024-11-26,320,8
689,Sprint 13 - Yangtze - Release X+5,13,3,Yangtze,REL_X+5,2024-11-26,2024-12-06,320,8
690,Sprint 14 - Yangtze - Release X+5,14,3,Yangtze,REL_X+5,2024-12-06,2024-12-16,320,8
691,Sprint 15 - Yangtze - Release X+5,15,3,Yangtze,REL_X+5,2024-12-16,2024-12-26,320,8
692,Sprint 16 - Yangtze - Release X+5,16,3,Yangtze,REL_X+5,2024-12-26,2025-01-05,320,8
693,Sprint 17 - Yangtze - Release X+5,17,3,Yangtze,REL_X+5,2025-01-05,2025-01-15,320,8
694,Sprint 18 - Yangtze - Release X+5,18,3,Yangtze,REL_X+5,2025-01-15,2025-01-25,320,8
695,Sprint 19 - Yangtze - Release X+5,19,3,Yangtze,REL_X+5,2025-01-25,2025-02-04,320,8
696,Sprint 20 - Yangtze - Release X+5,20,3,Yangtze,REL_X+5,2025-02-04,2025-02-14,320,8
697,Sprint 21 - Yangtze - Release X+5,21,3,Yangtze,REL_X+5,2025-02-14,2025-02-24,320,8
698,Sprint 22 - Yangtze - Release X+5,22,3,Yangtze,REL_X+5,2025-02-24,2025-03-06,320,8
699,Sprint 23 - Yangtze - Release X+5,23,3,Yangtze,REL_X+5,2025-03-06,2025-03-16,320,8
700,Sprint 24 - Yangtze - Release X+5,24,3,Yangtze,REL_X+5,2025-03-16,2025-03-26,320,8
701,Sprint 25 - Yangtze - Release X+5,25,3,Yangtze,REL_X+5,2025-03-26,2025-04-05,320,8
702,Sprint 26 - Yangtze - Release X+5,26,3,Yangtze,REL_X+5,2025-04-05,2025-04-15,320,8
703,Sprint 1 - Yenisei - Release X+5,1,4,Yenisei,REL_X+5,2024-07-29,2024-08-08,360,9
704,Sprint 2 - Yenisei - Release X+5,2,4,Yenisei,REL_X+5,2024-08-08,2024-08-18,360,9
705,Sprint 3 - Yenisei - Release X+5,3,4,Yenisei,REL_X+5,2024-08-18,2024-08-28,360,9
706,Sprint 4 - Yenisei - Release X+5,4,4,Yenisei,REL_X+5,2024-08-28,2024-09-07,360,9
707,Sprint 5 - Yenisei - Release X+5,5,4,Yenisei,REL_X+5,2024-09-07,2024-09-17,360,9
708,Sprint 6 - Yenisei - Release X+5,6,4,Yenisei,REL_X+5,2024-09-17,2024-09-27,360,9
709,Sprint 7 - Yenisei - Release X+5,7,4,Yenisei,REL_X+5,2024-09-27,2024-10-07,360,9
710,Sprint 8 - Yenisei - Release X+5,8,4,Yenisei,REL_X+5,2024-10-07,2024-10-17,360,9
711,Sprint 9 - Yenisei - Release X+5,9,4,Yenisei,REL_X+5,2024-10-17,2024-10-27,360,9
712,Sprint 10 - Yenisei - Release X+5,10,4,Yenisei,REL_X+5,2024-10-27,2024-11-06,360,9
713,Sprint 11 - Yenisei - Release X+5,11,4,Yenisei,REL_X+5,2024-11-06,2024-11-16,360,9
714,Sprint 12 - Yenisei - Release X+5,12,4,Yenisei,REL_X+5,2024-11-16,2024-11-26,360,9
715,Sprint 13 - Yenisei - Release X+5,13,4,Yenisei,REL_X+5,2024-11-26,2024-12-06,360,9
716,Sprint 14 - Yenisei - Release X+5,14,4,Yenisei,REL_X+5,2024-12-06,2024-12-16,360,9
717,Sprint 15 - Yenisei - Release X+5,15,4,Yenisei,REL_X+5,2024-12-16,2024-12-26,360,9
718,Sprint 16 - Yenisei - Release X+5,16,4,Yenisei,REL_X+5,2024-12-26,2025-01-05,360,9
719,Sprint 17 - Yenisei - Release X+5,17,4,Yenisei,REL_X+5,2025-01-05,2025-01-15,360,9
720,Sprint 18 - Yenisei - Release X+5,18,4,Yenisei,REL_X+5,2025-01-15,2025-01-25,360,9
721,Sprint 19 - Yenisei - Release X+5,19,4,Yenisei,REL_X+5,2025-01-25,2025-02-04,360,9
722,Sprint 20 - Yenisei - Release X+5,20,4,Yenisei,REL_X+5,2025-02-04,2025-02-14,360,9
723,Sprint 21 - Yenisei - Release X+5,21,4,Yenisei,REL_X+5,2025-02-14,2025-02-24,360,9
724,Sprint 22 - Yenisei - Release X+5,22,4,Yenisei,REL_X+5,2025-02-24,2025-03-06,360,9
725,Sprint 23 - Yenisei - Release X+5,23,4,Yenisei,REL_X+5,2025-03-06,2025-03-16,360,9
726,Sprint 24 - Yenisei - Release X+5,24,4,Yenisei,REL_X+5,2025-03-16,2025-03-26,360,9
727,Sprint 25 - Yenisei - Release X+5,25,4,Yenisei,REL_X+5,2025-03-26,2025-04-05,360,9
728,Sprint 26 - Yenisei - Release X+5,26,4,Yenisei,REL_X+5,2025-04-05,2025-04-15,360,9
729,Sprint 1 - Mississippi - Release X+5,1,5,Mississippi,REL_X+5,2024-07-29,2024-08-08,400,10
730,Sprint 2 - Mississippi - Release X+5,2,5,Mississippi,REL_X+5,2024-08-08,2024-08-18,400,10
731,Sprint 3 - Mississippi - Release X+5,3,5,Mississippi,REL_X+5,2024-08-18,2024-08-28,400,10
732,Sprint 4 - Mississippi - Release X+5,4,5,Mississippi,REL_X+5,2024-08-28,2024-09-07,400,10
733,Sprint 5 - Mississippi - Release X+5,5,5,Mississippi,REL_X+5,2024-09-07,2024-09-17,400,10
734,Sprint 6 - Mississippi - Release X+5,6,5,Mississippi,REL_X+5,2024-09-17,2024-09-27,400,10
735,Sprint 7 - Mississippi - Release X+5,7,5,Mississippi,REL_X+5,2024-09-27,2024-10-07,400,10
736,Sprint 8 - Mississippi - Release X+5,8,5,Mississippi,REL_X+5,2024-10-07,2024-10-17,400,10
737,Sprint 9 - Mississippi - Release X+5,9,5,Mississippi,REL_X+5,2024-10-17,2024-10-27,400,10
738,Sprint 10 - Mississippi - Release X+5,10,5,Mississippi,REL_X+5,2024-10-27,2024-11-06,400,10
739,Sprint 11 - Mississippi - Release X+5,11,5,Mississippi,REL_X+5,2024-11-06,2024-11-16,400,10
740,Sprint 12 - Mississippi - Release X+5,12,5,Mississippi,REL_X+5,2024-11-16,2024-11-26,400,10
741,Sprint 13 - Mississippi - Release X+5,13,5,Mississippi,REL_X+5,2024-11-26,2024-12-06,400,10
742,Sprint 14 - Mississippi - Release X+5,14,5,Mississippi,REL_X+5,2024-12-06,2024-12-16,400,10
743,Sprint 15 - Mississippi - Release X+5,15,5,Mississippi,REL_X+5,2024-12-16,2024-12-26,400,10
744,Sprint 16 - Mississippi - Release X+5,16,5,Mississippi,REL_X+5,2024-12-26,2025-01-05,400,10
745,Sprint 17 - Mississippi - Release X+5,17,5,Mississippi,REL_X+5,2025-01-05,2025-01-15,400,10
746,Sprint 18 - Mississippi - Release X+5,18,5,Mississippi,REL_X+5,2025-01-15,2025-01-25,400,10
747,Sprint 19 - Mississippi - Release X+5,19,5,Mississippi,REL_X+5,2025-01-25,2025-02-04,400,10
748,Sprint 20 - Mississippi - Release X+5,20,5,Mississippi,REL_X+5,2025-02-04,2025-02-14,400,10
749,Sprint 21 - Mississippi - Release X+5,21,5,Mississippi,REL_X+5,2025-02-14,2025-02-24,400,10
750,Sprint 22 - Mississippi - Release X+5,22,5,Mississippi,REL_X+5,2025-02-24,2025-03-06,400,10
751,Sprint 23 - Mississippi - Release X+5,23,5,Mississippi,REL_X+5,2025-03-06,2025-03-16,400,10
752,Sprint 24 - Mississippi - Release X+5,24,5,Mississippi,REL_X+5,2025-03-16,2025-03-26,400,10
753,Sprint 25 - Mississippi - Release X+5,25,5,Mississippi,REL_X+5,2025-03-26,2025-04-05,400,10
754,Sprint 26 - Mississippi - Release X+5,26,5,Mississippi,REL_X+5,2025-04-05,2025-04-15,400,10
755,Sprint 1 - Waikato - Release X+5,1,6,Waikato,REL_X+5,2024-07-29,2024-08-08,120,3
756,Sprint 2 - Waikato - Release X+5,2,6,Waikato,REL_X+5,2024-08-08,2024-08-18,120,3
757,Sprint 3 - Waikato - Release X+5,3,6,Waikato,REL_X+5,2024-08-18,2024-08-28,120,3
758,Sprint 4 - Waikato - Release X+5,4,6,Waikato,REL_X+5,2024-08-28,2024-09-07,120,3
759,Sprint 5 - Waikato - Release X+5,5,6,Waikato,REL_X+5,2024-09-07,2024-09-17,120,3
760,Sprint 6 - Waikato - Release X+5,6,6,Waikato,REL_X+5,2024-09-17,2024-09-27,120,3
761,Sprint 7 - Waikato - Release X+5,7,6,Waikato,REL_X+5,2024-09-27,2024-10-07,120,3
762,Sprint 8 - Waikato - Release X+5,8,6,Waikato,REL_X+5,2024-10-07,2024-10-17,120,3
763,Sprint 9 - Waikato - Release X+5,9,6,Waikato,REL_X+5,2024-10-17,2024-10-27,120,3
764,Sprint 10 - Waikato - Release X+5,10,6,Waikato,REL_X+5,2024-10-27,2024-11-06,120,3
765,Sprint 11 - Waikato - Release X+5,11,6,Waikato,REL_X+5,2024-11-06,2024-11-16,120,3
766,Sprint 12 - Waikato - Release X+5,12,6,Waikato,REL_X+5,2024-11-16,2024-11-26,120,3
767,Sprint 13 - Waikato - Release X+5,13,6,Waikato,REL_X+5,2024-11-26,2024-12-06,120,3
768,Sprint 14 - Waikato - Release X+5,14,6,Waikato,REL_X+5,2024-12-06,2024-12-16,120,3
769,Sprint 15 - Waikato - Release X+5,15,6,Waikato,REL_X+5,2024-12-16,2024-12-26,120,3
770,Sprint 16 - Waikato - Release X+5,16,6,Waikato,REL_X+5,2024-12-26,2025-01-05,120,3
771,Sprint 17 - Waikato - Release X+5,17,6,Waikato,REL_X+5,2025-01-05,2025-01-15,120,3
772,Sprint 18 - Waikato - Release X+5,18,6,Waikato,REL_X+5,2025-01-15,2025-01-25,120,3
773,Sprint 19 - Waikato - Release X+5,19,6,Waikato,REL_X+5,2025-01-25,2025-02-04,120,3
774,Sprint 20 - Waikato - Release X+5,20,6,Waikato,REL_X+5,2025-02-04,2025-02-14,120,3
775,Sprint 21 - Waikato - Release X+5,21,6,Waikato,REL_X+5,2025-02-14,2025-02-24,120,3
776,Sprint 22 - Waikato - Release X+5,22,6,Waikato,REL_X+5,2025-02-24,2025-03-06,120,3
777,Sprint 23 - Waikato - Release X+5,23,6,Waikato,REL_X+5,2025-03-06,2025-03-16,120,3
778,Sprint 24 - Waikato - Release X+5,24,6,Waikato,REL_X+5,2025-03-16,2025-03-26,120,3
779,Sprint 25 - Waikato - Release X+5,25,6,Waikato,REL_X+5,2025-03-26,2025-04-05,120,3
780,Sprint 26 - Waikato - Release X+5,26,6,Waikato,REL_X+5,2025-04-05,2025-04-15,120,3
781,Sprint 1 - Ganga - Release X+5,1,7,Ganga,REL_X+5,2024-07-29,2024-08-08,200,5
782,Sprint 2 - Ganga - Release X+5,2,7,Ganga,REL_X+5,2024-08-08,2024-08-18,200,5
783,Sprint 3 - Ganga - Release X+5,3,7,Ganga,REL_X+5,2024-08-18,2024-08-28,200,5
784,Sprint 4 - Ganga - Release X+5,4,7,Ganga,REL_X+5,2024-08-28,2024-09-07,200,5
785,Sprint 5 - Ganga - Release X+5,5,7,Ganga,REL_X+5,2024-09-07,2024-09-17,200,5
786,Sprint 6 - Ganga - Release X+5,6,7,Ganga,REL_X+5,2024-09-17,2024-09-27,200,5
787,Sprint 7 - Ganga - Release X+5,7,7,Ganga,REL_X+5,2024-09-27,2024-10-07,200,5
788,Sprint 8 - Ganga - Release X+5,8,7,Ganga,REL_X+5,2024-10-07,2024-10-17,200,5
789,Sprint 9 - Ganga - Release X+5,9,7,Ganga,REL_X+5,2024-10-17,2024-10-27,200,5
790,Sprint 10 - Ganga - Release X+5,10,7,Ganga,REL_X+5,2024-10-27,2024-11-06,200,5
791,Sprint 11 - Ganga - Release X+5,11,7,Ganga,REL_X+5,2024-11-06,2024-11-16,200,5
792,Sprint 12 - Ganga - Release X+5,12,7,Ganga,REL_X+5,2024-11-16,2024-11-26,200,5
793,Sprint 13 - Ganga - Release X+5,13,7,Ganga,REL_X+5,2024-11-26,2024-12-06,200,5
794,Sprint 14 - Ganga - Release X+5,14,7,Ganga,REL_X+5,2024-12-06,2024-12-16,200,5
795,Sprint 15 - Ganga - Release X+5,15,7,Ganga,REL_X+5,2024-12-16,2024-12-26,200,5
796,Sprint 16 - Ganga - Release X+5,16,7,Ganga,REL_X+5,2024-12-26,2025-01-05,200,5
797,Sprint 17 - Ganga - Release X+5,17,7,Ganga,REL_X+5,2025-01-05,2025-01-15,200,5
798,Sprint 18 - Ganga - Release X+5,18,7,Ganga,REL_X+5,2025-01-15,2025-01-25,200,5
799,Sprint 19 - Ganga - Release X+5,19,7,Ganga,REL_X+5,2025-01-25,2025-02-04,200,5
800,Sprint 20 - Ganga - Release X+5,20,7,Ganga,REL_X+5,2025-02-04,2025-02-14,200,5
801,Sprint 21 - Ganga - Release X+5,21,7,Ganga,REL_X+5,2025-02-14,2025-02-24,200,5
802,Sprint 22 - Ganga - Release X+5,22,7,Ganga,REL_X+5,2025-02-24,2025-03-06,200,5
803,Sprint 23 - Ganga - Release X+5,23,7,Ganga,REL_X+5,2025-03-06,2025-03-16,200,5
804,Sprint 24 - Ganga - Release X+5,24,7,Ganga,REL_X+5,2025-03-16,2025-03-26,200,5
805,Sprint 25 - Ganga - Release X+5,25,7,Ganga,REL_X+5,2025-03-26,2025-04-05,200,5
806,Sprint 26 - Ganga - Release X+5,26,7,Ganga,REL_X+5,2025-04-05,2025-04-15,200,5
807,Sprint 1 - Congo - Release X+5,1,8,Congo,REL_X+5,2024-07-29,2024-08-08,160,4
808,Sprint 2 - Congo - Release X+5,2,8,Congo,REL_X+5,2024-08-08,2024-08-18,160,4
809,Sprint 3 - Congo - Release X+5,3,8,Congo,REL_X+5,2024-08-18,2024-08-28,160,4
810,Sprint 4 - Congo - Release X+5,4,8,Congo,REL_X+5,2024-08-28,2024-09-07,160,4
811,Sprint 5 - Congo - Release X+5,5,8,Congo,REL_X+5,2024-09-07,2024-09-17,160,4
812,Sprint 6 - Congo - Release X+5,6,8,Congo,REL_X+5,2024-09-17,2024-09-27,160,4
813,Sprint 7 - Congo - Release X+5,7,8,Congo,REL_X+5,2024-09-27,2024-10-07,160,4
814,Sprint 8 - Congo - Release X+5,8,8,Congo,REL_X+5,2024-10-07,2024-10-17,160,4
815,Sprint 9 - Congo - Release X+5,9,8,Congo,REL_X+5,2024-10-17,2024-10-27,160,4
816,Sprint 10 - Congo - Release X+5,10,8,Congo,REL_X+5,2024-10-27,2024-11-06,160,4
817,Sprint 11 - Congo - Release X+5,11,8,Congo,REL_X+5,2024-11-06,2024-11-16,160,4
818,Sprint 12 - Congo - Release X+5,12,8,Congo,REL_X+5,2024-11-16,2024-11-26,160,4
819,Sprint 13 - Congo - Release X+5,13,8,Congo,REL_X+5,2024-11-26,2024-12-06,160,4
820,Sprint 14 - Congo - Release X+5,14,8,Congo,REL_X+5,2024-12-06,2024-12-16,160,4
821,Sprint 15 - Congo - Release X+5,15,8,Congo,REL_X+5,2024-12-16,2024-12-26,160,4
822,Sprint 16 - Congo - Release X+5,16,8,Congo,REL_X+5,2024-12-26,2025-01-05,160,4
823,Sprint 17 - Congo - Release X+5,17,8,Congo,REL_X+5,2025-01-05,2025-01-15,160,4
824,Sprint 18 - Congo - Release X+5,18,8,Congo,REL_X+5,2025-01-15,2025-01-25,160,4
825,Sprint 19 - Congo - Release X+5,19,8,Congo,REL_X+5,2025-01-25,2025-02-04,160,4
826,Sprint 20 - Congo - Release X+5,20,8,Congo,REL_X+5,2025-02-04,2025-02-14,160,4
827,Sprint 21 - Congo - Release X+5,21,8,Congo,REL_X+5,2025-02-14,2025-02-24,160,4
828,Sprint 22 - Congo - Release X+5,22,8,Congo,REL_X+5,2025-02-24,2025-03-06,160,4
829,Sprint 23 - Congo - Release X+5,23,8,Congo,REL_X+5,2025-03-06,2025-03-16,160,4
830,Sprint 24 - Congo - Release X+5,24,8,Congo,REL_X+5,2025-03-16,2025-03-26,160,4
831,Sprint 25 - Congo - Release X+5,25,8,Congo,REL_X+5,2025-03-26,2025-04-05,160,4
832,Sprint 26 - Congo - Release X+5,26,8,Congo,REL_X+5,2025-04-05,2025-04-15,160,4
833,Sprint 1 - Amazon - Release X+6,1,1,Amazon,REL_X+6,2024-10-07,2024-10-17,240,6
834,Sprint 2 - Amazon - Release X+6,2,1,Amazon,REL_X+6,2024-10-17,2024-10-27,240,6
835,Sprint 3 - Amazon - Release X+6,3,1,Amazon,REL_X+6,2024-10-27,2024-11-06,240,6
836,Sprint 4 - Amazon - Release X+6,4,1,Amazon,REL_X+6,2024-11-06,2024-11-16,240,6
837,Sprint 5 - Amazon - Release X+6,5,1,Amazon,REL_X+6,2024-11-16,2024-11-26,240,6
838,Sprint 6 - Amazon - Release X+6,6,1,Amazon,REL_X+6,2024-11-26,2024-12-06,240,6
839,Sprint 7 - Amazon - Release X+6,7,1,Amazon,REL_X+6,2024-12-06,2024-12-16,240,6
840,Sprint 8 - Amazon - Release X+6,8,1,Amazon,REL_X+6,2024-12-16,2024-12-26,240,6
841,Sprint 9 - Amazon - Release X+6,9,1,Amazon,REL_X+6,2024-12-26,2025-01-05,240,6
842,Sprint 10 - Amazon - Release X+6,10,1,Amazon,REL_X+6,2025-01-05,2025-01-15,240,6
843,Sprint 11 - Amazon - Release X+6,11,1,Amazon,REL_X+6,2025-01-15,2025-01-25,240,6
844,Sprint 12 - Amazon - Release X+6,12,1,Amazon,REL_X+6,2025-01-25,2025-02-04,240,6
845,Sprint 13 - Amazon - Release X+6,13,1,Amazon,REL_X+6,2025-02-04,2025-02-14,240,6
846,Sprint 14 - Amazon - Release X+6,14,1,Amazon,REL_X+6,2025-02-14,2025-02-24,240,6
847,Sprint 15 - Amazon - Release X+6,15,1,Amazon,REL_X+6,2025-02-24,2025-03-06,240,6
848,Sprint 16 - Amazon - Release X+6,16,1,Amazon,REL_X+6,2025-03-06,2025-03-16,240,6
849,Sprint 17 - Amazon - Release X+6,17,1,Amazon,REL_X+6,2025-03-16,2025-03-26,240,6
850,Sprint 18 - Amazon - Release X+6,18,1,Amazon,REL_X+6,2025-03-26,2025-04-05,240,6
851,Sprint 19 - Amazon - Release X+6,19,1,Amazon,REL_X+6,2025-04-05,2025-04-15,240,6
852,Sprint 20 - Amazon - Release X+6,20,1,Amazon,REL_X+6,2025-04-15,2025-04-25,240,6
853,Sprint 21 - Amazon - Release X+6,21,1,Amazon,REL_X+6,2025-04-25,2025-05-05,240,6
854,Sprint 22 - Amazon - Release X+6,22,1,Amazon,REL_X+6,2025-05-05,2025-05-15,240,6
855,Sprint 23 - Amazon - Release X+6,23,1,Amazon,REL_X+6,2025-05-15,2025-05-25,240,6
856,Sprint 24 - Amazon - Release X+6,24,1,Amazon,REL_X+6,2025-05-25,2025-06-04,240,6
857,Sprint 25 - Amazon - Release X+6,25,1,Amazon,REL_X+6,2025-06-04,2025-06-14,240,6
858,Sprint 26 - Amazon - Release X+6,26,1,Amazon,REL_X+6,2025-06-14,2025-06-24,240,6
859,Sprint 1 - Nile - Release X+6,1,2,Nile,REL_X+6,2024-10-07,2024-10-17,280,7
860,Sprint 2 - Nile - Release X+6,2,2,Nile,REL_X+6,2024-10-17,2024-10-27,280,7
861,Sprint 3 - Nile - Release X+6,3,2,Nile,REL_X+6,2024-10-27,2024-11-06,280,7
862,Sprint 4 - Nile - Release X+6,4,2,Nile,REL_X+6,2024-11-06,2024-11-16,280,7
863,Sprint 5 - Nile - Release X+6,5,2,Nile,REL_X+6,2024-11-16,2024-11-26,280,7
864,Sprint 6 - Nile - Release X+6,6,2,Nile,REL_X+6,2024-11-26,2024-12-06,280,7
865,Sprint 7 - Nile - Release X+6,7,2,Nile,REL_X+6,2024-12-06,2024-12-16,280,7
866,Sprint 8 - Nile - Release X+6,8,2,Nile,REL_X+6,2024-12-16,2024-12-26,280,7
867,Sprint 9 - Nile - Release X+6,9,2,Nile,REL_X+6,2024-12-26,2025-01-05,280,7
868,Sprint 10 - Nile - Release X+6,10,2,Nile,REL_X+6,2025-01-05,2025-01-15,280,7
869,Sprint 11 - Nile - Release X+6,11,2,Nile,REL_X+6,2025-01-15,2025-01-25,280,7
870,Sprint 12 - Nile - Release X+6,12,2,Nile,REL_X+6,2025-01-25,2025-02-04,280,7
871,Sprint 13 - Nile - Release X+6,13,2,Nile,REL_X+6,2025-02-04,2025-02-14,280,7
872,Sprint 14 - Nile - Release X+6,14,2,Nile,REL_X+6,2025-02-14,2025-02-24,280,7
873,Sprint 15 - Nile - Release X+6,15,2,Nile,REL_X+6,2025-02-24,2025-03-06,280,7
874,Sprint 16 - Nile - Release X+6,16,2,Nile,REL_X+6,2025-03-06,2025-03-16,280,7
875,Sprint 17 - Nile - Release X+6,17,2,Nile,REL_X+6,2025-03-16,2025-03-26,280,7
876,Sprint 18 - Nile - Release X+6,18,2,Nile,REL_X+6,2025-03-26,2025-04-05,280,7
877,Sprint 19 - Nile - Release X+6,19,2,Nile,REL_X+6,2025-04-05,2025-04-15,280,7
878,Sprint 20 - Nile - Release X+6,20,2,Nile,REL_X+6,2025-04-15,2025-04-25,280,7
879,Sprint 21 - Nile - Release X+6,21,2,Nile,REL_X+6,2025-04-25,2025-05-05,280,7
880,Sprint 22 - Nile - Release X+6,22,2,Nile,REL_X+6,2025-05-05,2025-05-15,280,7
881,Sprint 23 - Nile - Release X+6,23,2,Nile,REL_X+6,2025-05-15,2025-05-25,280,7
882,Sprint 24 - Nile - Release X+6,24,2,Nile,REL_X+6,2025-05-25,2025-06-04,280,7
883,Sprint 25 - Nile - Release X+6,25,2,Nile,REL_X+6,2025-06-04,2025-06-14,280,7
884,Sprint 26 - Nile - Release X+6,26,2,Nile,REL_X+6,2025-06-14,2025-06-24,280,7
885,Sprint 1 - Yangtze - Release X+6,1,3,Yangtze,REL_X+6,2024-10-07,2024-10-17,320,8
886,Sprint 2 - Yangtze - Release X+6,2,3,Yangtze,REL_X+6,2024-10-17,2024-10-27,320,8
887,Sprint 3 - Yangtze - Release X+6,3,3,Yangtze,REL_X+6,2024-10-27,2024-11-06,320,8
888,Sprint 4 - Yangtze - Release X+6,4,3,Yangtze,REL_X+6,2024-11-06,2024-11-16,320,8
889,Sprint 5 - Yangtze - Release X+6,5,3,Yangtze,REL_X+6,2024-11-16,2024-11-26,320,8
890,Sprint 6 - Yangtze - Release X+6,6,3,Yangtze,REL_X+6,2024-11-26,2024-12-06,320,8
891,Sprint 7 - Yangtze - Release X+6,7,3,Yangtze,REL_X+6,2024-12-06,2024-12-16,320,8
892,Sprint 8 - Yangtze - Release X+6,8,3,Yangtze,REL_X+6,2024-12-16,2024-12-26,320,8
893,Sprint 9 - Yangtze - Release X+6,9,3,Yangtze,REL_X+6,2024-12-26,2025-01-05,320,8
894,Sprint 10 - Yangtze - Release X+6,10,3,Yangtze,REL_X+6,2025-01-05,2025-01-15,320,8
895,Sprint 11 - Yangtze - Release X+6,11,3,Yangtze,REL_X+6,2025-01-15,2025-01-25,320,8
896,Sprint 12 - Yangtze - Release X+6,12,3,Yangtze,REL_X+6,2025-01-25,2025-02-04,320,8
897,Sprint 13 - Yangtze - Release X+6,13,3,Yangtze,REL_X+6,2025-02-04,2025-02-14,320,8
898,Sprint 14 - Yangtze - Release X+6,14,3,Yangtze,REL_X+6,2025-02-14,2025-02-24,320,8
899,Sprint 15 - Yangtze - Release X+6,15,3,Yangtze,REL_X+6,2025-02-24,2025-03-06,320,8
900,Sprint 16 - Yangtze - Release X+6,16,3,Yangtze,REL_X+6,2025-03-06,2025-03-16,320,8
901,Sprint 17 - Yangtze - Release X+6,17,3,Yangtze,REL_X+6,2025-03-16,2025-03-26,320,8
902,Sprint 18 - Yangtze - Release X+6,18,3,Yangtze,REL_X+6,2025-03-26,2025-04-05,320,8
903,Sprint 19 - Yangtze - Release X+6,19,3,Yangtze,REL_X+6,2025-04-05,2025-04-15,320,8
904,Sprint 20 - Yangtze - Release X+6,20,3,Yangtze,REL_X+6,2025-04-15,2025-04-25,320,8
905,Sprint 21 - Yangtze - Release X+6,21,3,Yangtze,REL_X+6,2025-04-25,2025-05-05,320,8
906,Sprint 22 - Yangtze - Release X+6,22,3,Yangtze,REL_X+6,2025-05-05,2025-05-15,320,8
907,Sprint 23 - Yangtze - Release X+6,23,3,Yangtze,REL_X+6,2025-05-15,2025-05-25,320,8
908,Sprint 24 - Yangtze - Release X+6,24,3,Yangtze,REL_X+6,2025-05-25,2025-06-04,320,8
909,Sprint 25 - Yangtze - Release X+6,25,3,Yangtze,REL_X+6,2025-06-04,2025-06-14,320,8
910,Sprint 26 - Yangtze - Release X+6,26,3,Yangtze,REL_X+6,2025-06-14,2025-06-24,320,8
911,Sprint 1 - Yenisei - Release X+6,1,4,Yenisei,REL_X+6,2024-10-07,2024-10-17,360,9
912,Sprint 2 - Yenisei - Release X+6,2,4,Yenisei,REL_X+6,2024-10-17,2024-10-27,360,9
913,Sprint 3 - Yenisei - Release X+6,3,4,Yenisei,REL_X+6,2024-10-27,2024-11-06,360,9
914,Sprint 4 - Yenisei - Release X+6,4,4,Yenisei,REL_X+6,2024-11-06,2024-11-16,360,9
915,Sprint 5 - Yenisei - Release X+6,5,4,Yenisei,REL_X+6,2024-11-16,2024-11-26,360,9
916,Sprint 6 - Yenisei - Release X+6,6,4,Yenisei,REL_X+6,2024-11-26,2024-12-06,360,9
917,Sprint 7 - Yenisei - Release X+6,7,4,Yenisei,REL_X+6,2024-12-06,2024-12-16,360,9
918,Sprint 8 - Yenisei - Release X+6,8,4,Yenisei,REL_X+6,2024-12-16,2024-12-26,360,9
919,Sprint 9 - Yenisei - Release X+6,9,4,Yenisei,REL_X+6,2024-12-26,2025-01-05,360,9
920,Sprint 10 - Yenisei - Release X+6,10,4,Yenisei,REL_X+6,2025-01-05,2025-01-15,360,9
921,Sprint 11 - Yenisei - Release X+6,11,4,Yenisei,REL_X+6,2025-01-15,2025-01-25,360,9
922,Sprint 12 - Yenisei - Release X+6,12,4,Yenisei,REL_X+6,2025-01-25,2025-02-04,360,9
923,Sprint 13 - Yenisei - Release X+6,13,4,Yenisei,REL_X+6,2025-02-04,2025-02-14,360,9
924,Sprint 14 - Yenisei - Release X+6,14,4,Yenisei,REL_X+6,2025-02-14,2025-02-24,360,9
925,Sprint 15 - Yenisei - Release X+6,15,4,Yenisei,REL_X+6,2025-02-24,2025-03-06,360,9
926,Sprint 16 - Yenisei - Release X+6,16,4,Yenisei,REL_X+6,2025-03-06,2025-03-16,360,9
927,Sprint 17 - Yenisei - Release X+6,17,4,Yenisei,REL_X+6,2025-03-16,2025-03-26,360,9
928,Sprint 18 - Yenisei - Release X+6,18,4,Yenisei,REL_X+6,2025-03-26,2025-04-05,360,9
929,Sprint 19 - Yenisei - Release X+6,19,4,Yenisei,REL_X+6,2025-04-05,2025-04-15,360,9
930,Sprint 20 - Yenisei - Release X+6,20,4,Yenisei,REL_X+6,2025-04-15,2025-04-25,360,9
931,Sprint 21 - Yenisei - Release X+6,21,4,Yenisei,REL_X+6,2025-04-25,2025-05-05,360,9
932,Sprint 22 - Yenisei - Release X+6,22,4,Yenisei,REL_X+6,2025-05-05,2025-05-15,360,9
933,Sprint 23 - Yenisei - Release X+6,23,4,Yenisei,REL_X+6,2025-05-15,2025-05-25,360,9
934,Sprint 24 - Yenisei - Release X+6,24,4,Yenisei,REL_X+6,2025-05-25,2025-06-04,360,9
935,Sprint 25 - Yenisei - Release X+6,25,4,Yenisei,REL_X+6,2025-06-04,2025-06-14,360,9
936,Sprint 26 - Yenisei - Release X+6,26,4,Yenisei,REL_X+6,2025-06-14,2025-06-24,360,9
937,Sprint 1 - Mississippi - Release X+6,1,5,Mississippi,REL_X+6,2024-10-07,2024-10-17,400,10
938,Sprint 2 - Mississippi - Release X+6,2,5,Mississippi,REL_X+6,2024-10-17,2024-10-27,400,10
939,Sprint 3 - Mississippi - Release X+6,3,5,Mississippi,REL_X+6,2024-10-27,2024-11-06,400,10
940,Sprint 4 - Mississippi - Release X+6,4,5,Mississippi,REL_X+6,2024-11-06,2024-11-16,400,10
941,Sprint 5 - Mississippi - Release X+6,5,5,Mississippi,REL_X+6,2024-11-16,2024-11-26,400,10
942,Sprint 6 - Mississippi - Release X+6,6,5,Mississippi,REL_X+6,2024-11-26,2024-12-06,400,10
943,Sprint 7 - Mississippi - Release X+6,7,5,Mississippi,REL_X+6,2024-12-06,2024-12-16,400,10
944,Sprint 8 - Mississippi - Release X+6,8,5,Mississippi,REL_X+6,2024-12-16,2024-12-26,400,10
945,Sprint 9 - Mississippi - Release X+6,9,5,Mississippi,REL_X+6,2024-12-26,2025-01-05,400,10
946,Sprint 10 - Mississippi - Release X+6,10,5,Mississippi,REL_X+6,2025-01-05,2025-01-15,400,10
947,Sprint 11 - Mississippi - Release X+6,11,5,Mississippi,REL_X+6,2025-01-15,2025-01-25,400,10
948,Sprint 12 - Mississippi - Release X+6,12,5,Mississippi,REL_X+6,2025-01-25,2025-02-04,400,10
949,Sprint 13 - Mississippi - Release X+6,13,5,Mississippi,REL_X+6,2025-02-04,2025-02-14,400,10
950,Sprint 14 - Mississippi - Release X+6,14,5,Mississippi,REL_X+6,2025-02-14,2025-02-24,400,10
951,Sprint 15 - Mississippi - Release X+6,15,5,Mississippi,REL_X+6,2025-02-24,2025-03-06,400,10
952,Sprint 16 - Mississippi - Release X+6,16,5,Mississippi,REL_X+6,2025-03-06,2025-03-16,400,10
953,Sprint 17 - Mississippi - Release X+6,17,5,Mississippi,REL_X+6,2025-03-16,2025-03-26,400,10
954,Sprint 18 - Mississippi - Release X+6,18,5,Mississippi,REL_X+6,2025-03-26,2025-04-05,400,10
955,Sprint 19 - Mississippi - Release X+6,19,5,Mississippi,REL_X+6,2025-04-05,2025-04-15,400,10
956,Sprint 20 - Mississippi - Release X+6,20,5,Mississippi,REL_X+6,2025-04-15,2025-04-25,400,10
957,Sprint 21 - Mississippi - Release X+6,21,5,Mississippi,REL_X+6,2025-04-25,2025-05-05,400,10
958,Sprint 22 - Mississippi - Release X+6,22,5,Mississippi,REL_X+6,2025-05-05,2025-05-15,400,10
959,Sprint 23 - Mississippi - Release X+6,23,5,Mississippi,REL_X+6,2025-05-15,2025-05-25,400,10
960,Sprint 24 - Mississippi - Release X+6,24,5,Mississippi,REL_X+6,2025-05-25,2025-06-04,400,10
961,Sprint 25 - Mississippi - Release X+6,25,5,Mississippi,REL_X+6,2025-06-04,2025-06-14,400,10
962,Sprint 26 - Mississippi - Release X+6,26,5,Mississippi,REL_X+6,2025-06-14,2025-06-24,400,10
963,Sprint 1 - Waikato - Release X+6,1,6,Waikato,REL_X+6,2024-10-07,2024-10-17,120,3
964,Sprint 2 - Waikato - Release X+6,2,6,Waikato,REL_X+6,2024-10-17,2024-10-27,120,3
965,Sprint 3 - Waikato - Release X+6,3,6,Waikato,REL_X+6,2024-10-27,2024-11-06,120,3
966,Sprint 4 - Waikato - Release X+6,4,6,Waikato,REL_X+6,2024-11-06,2024-11-16,120,3
967,Sprint 5 - Waikato - Release X+6,5,6,Waikato,REL_X+6,2024-11-16,2024-11-26,120,3
968,Sprint 6 - Waikato - Release X+6,6,6,Waikato,REL_X+6,2024-11-26,2024-12-06,120,3
969,Sprint 7 - Waikato - Release X+6,7,6,Waikato,REL_X+6,2024-12-06,2024-12-16,120,3
970,Sprint 8 - Waikato - Release X+6,8,6,Waikato,REL_X+6,2024-12-16,2024-12-26,120,3
971,Sprint 9 - Waikato - Release X+6,9,6,Waikato,REL_X+6,2024-12-26,2025-01-05,120,3
972,Sprint 10 - Waikato - Release X+6,10,6,Waikato,REL_X+6,2025-01-05,2025-01-15,120,3
973,Sprint 11 - Waikato - Release X+6,11,6,Waikato,REL_X+6,2025-01-15,2025-01-25,120,3
974,Sprint 12 - Waikato - Release X+6,12,6,Waikato,REL_X+6,2025-01-25,2025-02-04,120,3
975,Sprint 13 - Waikato - Release X+6,13,6,Waikato,REL_X+6,2025-02-04,2025-02-14,120,3
976,Sprint 14 - Waikato - Release X+6,14,6,Waikato,REL_X+6,2025-02-14,2025-02-24,120,3
977,Sprint 15 - Waikato - Release X+6,15,6,Waikato,REL_X+6,2025-02-24,2025-03-06,120,3
978,Sprint 16 - Waikato - Release X+6,16,6,Waikato,REL_X+6,2025-03-06,2025-03-16,120,3
979,Sprint 17 - Waikato - Release X+6,17,6,Waikato,REL_X+6,2025-03-16,2025-03-26,120,3
980,Sprint 18 - Waikato - Release X+6,18,6,Waikato,REL_X+6,2025-03-26,2025-04-05,120,3
981,Sprint 19 - Waikato - Release X+6,19,6,Waikato,REL_X+6,2025-04-05,2025-04-15,120,3
982,Sprint 20 - Waikato - Release X+6,20,6,Waikato,REL_X+6,2025-04-15,2025-04-25,120,3
983,Sprint 21 - Waikato - Release X+6,21,6,Waikato,REL_X+6,2025-04-25,2025-05-05,120,3
984,Sprint 22 - Waikato - Release X+6,22,6,Waikato,REL_X+6,2025-05-05,2025-05-15,120,3
985,Sprint 23 - Waikato - Release X+6,23,6,Waikato,REL_X+6,2025-05-15,2025-05-25,120,3
986,Sprint 24 - Waikato - Release X+6,24,6,Waikato,REL_X+6,2025-05-25,2025-06-04,120,3
987,Sprint 25 - Waikato - Release X+6,25,6,Waikato,REL_X+6,2025-06-04,2025-06-14,120,3
988,Sprint 26 - Waikato - Release X+6,26,6,Waikato,REL_X+6,2025-06-14,2025-06-24,120,3
989,Sprint 1 - Ganga - Release X+6,1,7,Ganga,REL_X+6,2024-10-07,2024-10-17,200,5
990,Sprint 2 - Ganga - Release X+6,2,7,Ganga,REL_X+6,2024-10-17,2024-10-27,200,5
991,Sprint 3 - Ganga - Release X+6,3,7,Ganga,REL_X+6,2024-10-27,2024-11-06,200,5
992,Sprint 4 - Ganga - Release X+6,4,7,Ganga,REL_X+6,2024-11-06,2024-11-16,200,5
993,Sprint 5 - Ganga - Release X+6,5,7,Ganga,REL_X+6,2024-11-16,2024-11-26,200,5
994,Sprint 6 - Ganga - Release X+6,6,7,Ganga,REL_X+6,2024-11-26,2024-12-06,200,5
995,Sprint 7 - Ganga - Release X+6,7,7,Ganga,REL_X+6,2024-12-06,2024-12-16,200,5
996,Sprint 8 - Ganga - Release X+6,8,7,Ganga,REL_X+6,2024-12-16,2024-12-26,200,5
997,Sprint 9 - Ganga - Release X+6,9,7,Ganga,REL_X+6,2024-12-26,2025-01-05,200,5
998,Sprint 10 - Ganga - Release X+6,10,7,Ganga,REL_X+6,2025-01-05,2025-01-15,200,5
999,Sprint 11 - Ganga - Release X+6,11,7,Ganga,REL_X+6,2025-01-15,2025-01-25,200,5
1000,Sprint 12 - Ganga - Release X+6,12,7,Ganga,REL_X+6,2025-01-25,2025-02-04,200,5
1001,Sprint 13 - Ganga - Release X+6,13,7,Ganga,REL_X+6,2025-02-04,2025-02-14,200,5
1002,Sprint 14 - Ganga - Release X+6,14,7,Ganga,REL_X+6,2025-02-14,2025-02-24,200,5
1003,Sprint 15 - Ganga - Release X+6,15,7,Ganga,REL_X+6,2025-02-24,2025-03-06,200,5
1004,Sprint 16 - Ganga - Release X+6,16,7,Ganga,REL_X+6,2025-03-06,2025-03-16,200,5
1005,Sprint 17 - Ganga - Release X+6,17,7,Ganga,REL_X+6,2025-03-16,2025-03-26,200,5
1006,Sprint 18 - Ganga - Release X+6,18,7,Ganga,REL_X+6,2025-03-26,2025-04-05,200,5
1007,Sprint 19 - Ganga - Release X+6,19,7,Ganga,REL_X+6,2025-04-05,2025-04-15,200,5
1008,Sprint 20 - Ganga - Release X+6,20,7,Ganga,REL_X+6,2025-04-15,2025-04-25,200,5
1009,Sprint 21 - Ganga - Release X+6,21,7,Ganga,REL_X+6,2025-04-25,2025-05-05,200,5
1010,Sprint 22 - Ganga - Release X+6,22,7,Ganga,REL_X+6,2025-05-05,2025-05-15,200,5
1011,Sprint 23 - Ganga - Release X+6,23,7,Ganga,REL_X+6,2025-05-15,2025-05-25,200,5
1012,Sprint 24 - Ganga - Release X+6,24,7,Ganga,REL_X+6,2025-05-25,2025-06-04,200,5
1013,Sprint 25 - Ganga - Release X+6,25,7,Ganga,REL_X+6,2025-06-04,2025-06-14,200,5
1014,Sprint 26 - Ganga - Release X+6,26,7,Ganga,REL_X+6,2025-06-14,2025-06-24,200,5
1015,Sprint 1 - Congo - Release X+6,1,8,Congo,REL_X+6,2024-10-07,2024-10-17,160,4
1016,Sprint 2 - Congo - Release X+6,2,8,Congo,REL_X+6,2024-10-17,2024-10-27,160,4
1017,Sprint 3 - Congo - Release X+6,3,8,Congo,REL_X+6,2024-10-27,2024-11-06,160,4
1018,Sprint 4 - Congo - Release X+6,4,8,Congo,REL_X+6,2024-11-06,2024-11-16,160,4
1019,Sprint 5 - Congo - Release X+6,5,8,Congo,REL_X+6,2024-11-16,2024-11-26,160,4
1020,Sprint 6 - Congo - Release X+6,6,8,Congo,REL_X+6,2024-11-26,2024-12-06,160,4
1021,Sprint 7 - Congo - Release X+6,7,8,Congo,REL_X+6,2024-12-06,2024-12-16,160,4
1022,Sprint 8 - Congo - Release X+6,8,8,Congo,REL_X+6,2024-12-16,2024-12-26,160,4
1023,Sprint 9 - Congo - Release X+6,9,8,Congo,REL_X+6,2024-12-26,2025-01-05,160,4
1024,Sprint 10 - Congo - Release X+6,10,8,Congo,REL_X+6,2025-01-05,2025-01-15,160,4
1025,Sprint 11 - Congo - Release X+6,11,8,Congo,REL_X+6,2025-01-15,2025-01-25,160,4
1026,Sprint 12 - Congo - Release X+6,12,8,Congo,REL_X+6,2025-01-25,2025-02-04,160,4
1027,Sprint 13 - Congo - Release X+6,13,8,Congo,REL_X+6,2025-02-04,2025-02-14,160,4
1028,Sprint 14 - Congo - Release X+6,14,8,Congo,REL_X+6,2025-02-14,2025-02-24,160,4
1029,Sprint 15 - Congo - Release X+6,15,8,Congo,REL_X+6,2025-02-24,2025-03-06,160,4
1030,Sprint 16 - Congo - Release X+6,16,8,Congo,REL_X+6,2025-03-06,2025-03-16,160,4
1031,Sprint 17 - Congo - Release X+6,17,8,Congo,REL_X+6,2025-03-16,2025-03-26,160,4
1032,Sprint 18 - Congo - Release X+6,18,8,Congo,REL_X+6,2025-03-26,2025-04-05,160,4
1033,Sprint 19 - Congo - Release X+6,19,8,Congo,REL_X+6,2025-04-05,2025-04-15,160,4
1034,Sprint 20 - Congo - Release X+6,20,8,Congo,REL_X+6,2025-04-15,2025-04-25,160,4
1035,Sprint 21 - Congo - Release X+6,21,8,Congo,REL_X+6,2025-04-25,2025-05-05,160,4
1036,Sprint 22 - Congo - Release X+6,22,8,Congo,REL_X+6,2025-05-05,2025-05-15,160,4
1037,Sprint 23 - Congo - Release X+6,23,8,Congo,REL_X+6,2025-05-15,2025-05-25,160,4
1038,Sprint 24 - Congo - Release X+6,24,8,Congo,REL_X+6,2025-05-25,2025-06-04,160,4
1039,Sprint 25 - Congo - Release X+6,25,8,Congo,REL_X+6,2025-06-04,2025-06-14,160,4
1040,Sprint 26 - Congo - Release X+6,26,8,Congo,REL_X+6,2025-06-14,2025-06-24,160,4
1041,Sprint 1 - Amazon - Release X+7,1,1,Amazon,REL_X+7,2024-12-16,2024-12-26,240,6
1042,Sprint 2 - Amazon - Release X+7,2,1,Amazon,REL_X+7,2024-12-26,2025-01-05,240,6
1043,Sprint 3 - Amazon - Release X+7,3,1,Amazon,REL_X+7,2025-01-05,2025-01-15,240,6
1044,Sprint 4 - Amazon - Release X+7,4,1,Amazon,REL_X+7,2025-01-15,2025-01-25,240,6
1045,Sprint 5 - Amazon - Release X+7,5,1,Amazon,REL_X+7,2025-01-25,2025-02-04,240,6
1046,Sprint 6 - Amazon - Release X+7,6,1,Amazon,REL_X+7,2025-02-04,2025-02-14,240,6
1047,Sprint 7 - Amazon - Release X+7,7,1,Amazon,REL_X+7,2025-02-14,2025-02-24,240,6
1048,Sprint 8 - Amazon - Release X+7,8,1,Amazon,REL_X+7,2025-02-24,2025-03-06,240,6
1049,Sprint 9 - Amazon - Release X+7,9,1,Amazon,REL_X+7,2025-03-06,2025-03-16,240,6
1050,Sprint 10 - Amazon - Release X+7,10,1,Amazon,REL_X+7,2025-03-16,2025-03-26,240,6
1051,Sprint 11 - Amazon - Release X+7,11,1,Amazon,REL_X+7,2025-03-26,2025-04-05,240,6
1052,Sprint 12 - Amazon - Release X+7,12,1,Amazon,REL_X+7,2025-04-05,2025-04-15,240,6
1053,Sprint 13 - Amazon - Release X+7,13,1,Amazon,REL_X+7,2025-04-15,2025-04-25,240,6
1054,Sprint 14 - Amazon - Release X+7,14,1,Amazon,REL_X+7,2025-04-25,2025-05-05,240,6
1055,Sprint 15 - Amazon - Release X+7,15,1,Amazon,REL_X+7,2025-05-05,2025-05-15,240,6
1056,Sprint 16 - Amazon - Release X+7,16,1,Amazon,REL_X+7,2025-05-15,2025-05-25,240,6
1057,Sprint 17 - Amazon - Release X+7,17,1,Amazon,REL_X+7,2025-05-25,2025-06-04,240,6
1058,Sprint 18 - Amazon - Release X+7,18,1,Amazon,REL_X+7,2025-06-04,2025-06-14,240,6
1059,Sprint 19 - Amazon - Release X+7,19,1,Amazon,REL_X+7,2025-06-14,2025-06-24,240,6
1060,Sprint 20 - Amazon - Release X+7,20,1,Amazon,REL_X+7,2025-06-24,2025-07-04,240,6
1061,Sprint 21 - Amazon - Release X+7,21,1,Amazon,REL_X+7,2025-07-04,2025-07-14,240,6
1062,Sprint 22 - Amazon - Release X+7,22,1,Amazon,REL_X+7,2025-07-14,2025-07-24,240,6
1063,Sprint 23 - Amazon - Release X+7,23,1,Amazon,REL_X+7,2025-07-24,2025-08-03,240,6
1064,Sprint 24 - Amazon - Release X+7,24,1,Amazon,REL_X+7,2025-08-03,2025-08-13,240,6
1065,Sprint 25 - Amazon - Release X+7,25,1,Amazon,REL_X+7,2025-08-13,2025-08-23,240,6
1066,Sprint 26 - Amazon - Release X+7,26,1,Amazon,REL_X+7,2025-08-23,2025-09-02,240,6
1067,Sprint 1 - Nile - Release X+7,1,2,Nile,REL_X+7,2024-12-16,2024-12-26,280,7
1068,Sprint 2 - Nile - Release X+7,2,2,Nile,REL_X+7,2024-12-26,2025-01-05,280,7
1069,Sprint 3 - Nile - Release X+7,3,2,Nile,REL_X+7,2025-01-05,2025-01-15,280,7
1070,Sprint 4 - Nile - Release X+7,4,2,Nile,REL_X+7,2025-01-15,2025-01-25,280,7
1071,Sprint 5 - Nile - Release X+7,5,2,Nile,REL_X+7,2025-01-25,2025-02-04,280,7
1072,Sprint 6 - Nile - Release X+7,6,2,Nile,REL_X+7,2025-02-04,2025-02-14,280,7
1073,Sprint 7 - Nile - Release X+7,7,2,Nile,REL_X+7,2025-02-14,2025-02-24,280,7
1074,Sprint 8 - Nile - Release X+7,8,2,Nile,REL_X+7,2025-02-24,2025-03-06,280,7
1075,Sprint 9 - Nile - Release X+7,9,2,Nile,REL_X+7,2025-03-06,2025-03-16,280,7
1076,Sprint 10 - Nile - Release X+7,10,2,Nile,REL_X+7,2025-03-16,2025-03-26,280,7
1077,Sprint 11 - Nile - Release X+7,11,2,Nile,REL_X+7,2025-03-26,2025-04-05,280,7
1078,Sprint 12 - Nile - Release X+7,12,2,Nile,REL_X+7,2025-04-05,2025-04-15,280,7
1079,Sprint 13 - Nile - Release X+7,13,2,Nile,REL_X+7,2025-04-15,2025-04-25,280,7
1080,Sprint 14 - Nile - Release X+7,14,2,Nile,REL_X+7,2025-04-25,2025-05-05,280,7
1081,Sprint 15 - Nile - Release X+7,15,2,Nile,REL_X+7,2025-05-05,2025-05-15,280,7
1082,Sprint 16 - Nile - Release X+7,16,2,Nile,REL_X+7,2025-05-15,2025-05-25,280,7
1083,Sprint 17 - Nile - Release X+7,17,2,Nile,REL_X+7,2025-05-25,2025-06-04,280,7
1084,Sprint 18 - Nile - Release X+7,18,2,Nile,REL_X+7,2025-06-04,2025-06-14,280,7
1085,Sprint 19 - Nile - Release X+7,19,2,Nile,REL_X+7,2025-06-14,2025-06-24,280,7
1086,Sprint 20 - Nile - Release X+7,20,2,Nile,REL_X+7,2025-06-24,2025-07-04,280,7
1087,Sprint 21 - Nile - Release X+7,21,2,Nile,REL_X+7,2025-07-04,2025-07-14,280,7
1088,Sprint 22 - Nile - Release X+7,22,2,Nile,REL_X+7,2025-07-14,2025-07-24,280,7
1089,Sprint 23 - Nile - Release X+7,23,2,Nile,REL_X+7,2025-07-24,2025-08-03,280,7
1090,Sprint 24 - Nile - Release X+7,24,2,Nile,REL_X+7,2025-08-03,2025-08-13,280,7
1091,Sprint 25 - Nile - Release X+7,25,2,Nile,REL_X+7,2025-08-13,2025-08-23,280,7
1092,Sprint 26 - Nile - Release X+7,26,2,Nile,REL_X+7,2025-08-23,2025-09-02,280,7
1093,Sprint 1 - Yangtze - Release X+7,1,3,Yangtze,REL_X+7,2024-12-16,2024-12-26,320,8
1094,Sprint 2 - Yangtze - Release X+7,2,3,Yangtze,REL_X+7,2024-12-26,2025-01-05,320,8
1095,Sprint 3 - Yangtze - Release X+7,3,3,Yangtze,REL_X+7,2025-01-05,2025-01-15,320,8
1096,Sprint 4 - Yangtze - Release X+7,4,3,Yangtze,REL_X+7,2025-01-15,2025-01-25,320,8
1097,Sprint 5 - Yangtze - Release X+7,5,3,Yangtze,REL_X+7,2025-01-25,2025-02-04,320,8
1098,Sprint 6 - Yangtze - Release X+7,6,3,Yangtze,REL_X+7,2025-02-04,2025-02-14,320,8
1099,Sprint 7 - Yangtze - Release X+7,7,3,Yangtze,REL_X+7,2025-02-14,2025-02-24,320,8
1100,Sprint 8 - Yangtze - Release X+7,8,3,Yangtze,REL_X+7,2025-02-24,2025-03-06,320,8
1101,Sprint 9 - Yangtze - Release X+7,9,3,Yangtze,REL_X+7,2025-03-06,2025-03-16,320,8
1102,Sprint 10 - Yangtze - Release X+7,10,3,Yangtze,REL_X+7,2025-03-16,2025-03-26,320,8
1103,Sprint 11 - Yangtze - Release X+7,11,3,Yangtze,REL_X+7,2025-03-26,2025-04-05,320,8
1104,Sprint 12 - Yangtze - Release X+7,12,3,Yangtze,REL_X+7,2025-04-05,2025-04-15,320,8
1105,Sprint 13 - Yangtze - Release X+7,13,3,Yangtze,REL_X+7,2025-04-15,2025-04-25,320,8
1106,Sprint 14 - Yangtze - Release X+7,14,3,Yangtze,REL_X+7,2025-04-25,2025-05-05,320,8
1107,Sprint 15 - Yangtze - Release X+7,15,3,Yangtze,REL_X+7,2025-05-05,2025-05-15,320,8
1108,Sprint 16 - Yangtze - Release X+7,16,3,Yangtze,REL_X+7,2025-05-15,2025-05-25,320,8
1109,Sprint 17 - Yangtze - Release X+7,17,3,Yangtze,REL_X+7,2025-05-25,2025-06-04,320,8
1110,Sprint 18 - Yangtze - Release X+7,18,3,Yangtze,REL_X+7,2025-06-04,2025-06-14,320,8
1111,Sprint 19 - Yangtze - Release X+7,19,3,Yangtze,REL_X+7,2025-06-14,2025-06-24,320,8
1112,Sprint 20 - Yangtze - Release X+7,20,3,Yangtze,REL_X+7,2025-06-24,2025-07-04,320,8
1113,Sprint 21 - Yangtze - Release X+7,21,3,Yangtze,REL_X+7,2025-07-04,2025-07-14,320,8
1114,Sprint 22 - Yangtze - Release X+7,22,3,Yangtze,REL_X+7,2025-07-14,2025-07-24,320,8
1115,Sprint 23 - Yangtze - Release X+7,23,3,Yangtze,REL_X+7,2025-07-24,2025-08-03,320,8
1116,Sprint 24 - Yangtze - Release X+7,24,3,Yangtze,REL_X+7,2025-08-03,2025-08-13,320,8
1117,Sprint 25 - Yangtze - Release X+7,25,3,Yangtze,REL_X+7,2025-08-13,2025-08-23,320,8
1118,Sprint 26 - Yangtze - Release X+7,26,3,Yangtze,REL_X+7,2025-08-23,2025-09-02,320,8
1119,Sprint 1 - Yenisei - Release X+7,1,4,Yenisei,REL_X+7,2024-12-16,2024-12-26,360,9
1120,Sprint 2 - Yenisei - Release X+7,2,4,Yenisei,REL_X+7,2024-12-26,2025-01-05,360,9
1121,Sprint 3 - Yenisei - Release X+7,3,4,Yenisei,REL_X+7,2025-01-05,2025-01-15,360,9
1122,Sprint 4 - Yenisei - Release X+7,4,4,Yenisei,REL_X+7,2025-01-15,2025-01-25,360,9
1123,Sprint 5 - Yenisei - Release X+7,5,4,Yenisei,REL_X+7,2025-01-25,2025-02-04,360,9
1124,Sprint 6 - Yenisei - Release X+7,6,4,Yenisei,REL_X+7,2025-02-04,2025-02-14,360,9
1125,Sprint 7 - Yenisei - Release X+7,7,4,Yenisei,REL_X+7,2025-02-14,2025-02-24,360,9
1126,Sprint 8 - Yenisei - Release X+7,8,4,Yenisei,REL_X+7,2025-02-24,2025-03-06,360,9
1127,Sprint 9 - Yenisei - Release X+7,9,4,Yenisei,REL_X+7,2025-03-06,2025-03-16,360,9
1128,Sprint 10 - Yenisei - Release X+7,10,4,Yenisei,REL_X+7,2025-03-16,2025-03-26,360,9
1129,Sprint 11 - Yenisei - Release X+7,11,4,Yenisei,REL_X+7,2025-03-26,2025-04-05,360,9
1130,Sprint 12 - Yenisei - Release X+7,12,4,Yenisei,REL_X+7,2025-04-05,2025-04-15,360,9
1131,Sprint 13 - Yenisei - Release X+7,13,4,Yenisei,REL_X+7,2025-04-15,2025-04-25,360,9
1132,Sprint 14 - Yenisei - Release X+7,14,4,Yenisei,REL_X+7,2025-04-25,2025-05-05,360,9
1133,Sprint 15 - Yenisei - Release X+7,15,4,Yenisei,REL_X+7,2025-05-05,2025-05-15,360,9
1134,Sprint 16 - Yenisei - Release X+7,16,4,Yenisei,REL_X+7,2025-05-15,2025-05-25,360,9
1135,Sprint 17 - Yenisei - Release X+7,17,4,Yenisei,REL_X+7,2025-05-25,2025-06-04,360,9
1136,Sprint 18 - Yenisei - Release X+7,18,4,Yenisei,REL_X+7,2025-06-04,2025-06-14,360,9
1137,Sprint 19 - Yenisei - Release X+7,19,4,Yenisei,REL_X+7,2025-06-14,2025-06-24,360,9
1138,Sprint 20 - Yenisei - Release X+7,20,4,Yenisei,REL_X+7,2025-06-24,2025-07-04,360,9
1139,Sprint 21 - Yenisei - Release X+7,21,4,Yenisei,REL_X+7,2025-07-04,2025-07-14,360,9
1140,Sprint 22 - Yenisei - Release X+7,22,4,Yenisei,REL_X+7,2025-07-14,2025-07-24,360,9
1141,Sprint 23 - Yenisei - Release X+7,23,4,Yenisei,REL_X+7,2025-07-24,2025-08-03,360,9
1142,Sprint 24 - Yenisei - Release X+7,24,4,Yenisei,REL_X+7,2025-08-03,2025-08-13,360,9
1143,Sprint 25 - Yenisei - Release X+7,25,4,Yenisei,REL_X+7,2025-08-13,2025-08-23,360,9
1144,Sprint 26 - Yenisei - Release X+7,26,4,Yenisei,REL_X+7,2025-08-23,2025-09-02,360,9
1145,Sprint 1 - Mississippi - Release X+7,1,5,Mississippi,REL_X+7,2024-12-16,2024-12-26,400,10
1146,Sprint 2 - Mississippi - Release X+7,2,5,Mississippi,REL_X+7,2024-12-26,2025-01-05,400,10
1147,Sprint 3 - Mississippi - Release X+7,3,5,Mississippi,REL_X+7,2025-01-05,2025-01-15,400,10
1148,Sprint 4 - Mississippi - Release X+7,4,5,Mississippi,REL_X+7,2025-01-15,2025-01-25,400,10
1149,Sprint 5 - Mississippi - Release X+7,5,5,Mississippi,REL_X+7,2025-01-25,2025-02-04,400,10
1150,Sprint 6 - Mississippi - Release X+7,6,5,Mississippi,REL_X+7,2025-02-04,2025-02-14,400,10
1151,Sprint 7 - Mississippi - Release X+7,7,5,Mississippi,REL_X+7,2025-02-14,2025-02-24,400,10
1152,Sprint 8 - Mississippi - Release X+7,8,5,Mississippi,REL_X+7,2025-02-24,2025-03-06,400,10
1153,Sprint 9 - Mississippi - Release X+7,9,5,Mississippi,REL_X+7,2025-03-06,2025-03-16,400,10
1154,Sprint 10 - Mississippi - Release X+7,10,5,Mississippi,REL_X+7,2025-03-16,2025-03-26,400,10
1155,Sprint 11 - Mississippi - Release X+7,11,5,Mississippi,REL_X+7,2025-03-26,2025-04-05,400,10
1156,Sprint 12 - Mississippi - Release X+7,12,5,Mississippi,REL_X+7,2025-04-05,2025-04-15,400,10
1157,Sprint 13 - Mississippi - Release X+7,13,5,Mississippi,REL_X+7,2025-04-15,2025-04-25,400,10
1158,Sprint 14 - Mississippi - Release X+7,14,5,Mississippi,REL_X+7,2025-04-25,2025-05-05,400,10
1159,Sprint 15 - Mississippi - Release X+7,15,5,Mississippi,REL_X+7,2025-05-05,2025-05-15,400,10
1160,Sprint 16 - Mississippi - Release X+7,16,5,Mississippi,REL_X+7,2025-05-15,2025-05-25,400,10
1161,Sprint 17 - Mississippi - Release X+7,17,5,Mississippi,REL_X+7,2025-05-25,2025-06-04,400,10
1162,Sprint 18 - Mississippi - Release X+7,18,5,Mississippi,REL_X+7,2025-06-04,2025-06-14,400,10
1163,Sprint 19 - Mississippi - Release X+7,19,5,Mississippi,REL_X+7,2025-06-14,2025-06-24,400,10
1164,Sprint 20 - Mississippi - Release X+7,20,5,Mississippi,REL_X+7,2025-06-24,2025-07-04,400,10
1165,Sprint 21 - Mississippi - Release X+7,21,5,Mississippi,REL_X+7,2025-07-04,2025-07-14,400,10
1166,Sprint 22 - Mississippi - Release X+7,22,5,Mississippi,REL_X+7,2025-07-14,2025-07-24,400,10
1167,Sprint 23 - Mississippi - Release X+7,23,5,Mississippi,REL_X+7,2025-07-24,2025-08-03,400,10
1168,Sprint 24 - Mississippi - Release X+7,24,5,Mississippi,REL_X+7,2025-08-03,2025-08-13,400,10
1169,Sprint 25 - Mississippi - Release X+7,25,5,Mississippi,REL_X+7,2025-08-13,2025-08-23,400,10
1170,Sprint 26 - Mississippi - Release X+7,26,5,Mississippi,REL_X+7,2025-08-23,2025-09-02,400,10
1171,Sprint 1 - Waikato - Release X+7,1,6,Waikato,REL_X+7,2024-12-16,2024-12-26,120,3
1172,Sprint 2 - Waikato - Release X+7,2,6,Waikato,REL_X+7,2024-12-26,2025-01-05,120,3
1173,Sprint 3 - Waikato - Release X+7,3,6,Waikato,REL_X+7,2025-01-05,2025-01-15,120,3
1174,Sprint 4 - Waikato - Release X+7,4,6,Waikato,REL_X+7,2025-01-15,2025-01-25,120,3
1175,Sprint 5 - Waikato - Release X+7,5,6,Waikato,REL_X+7,2025-01-25,2025-02-04,120,3
1176,Sprint 6 - Waikato - Release X+7,6,6,Waikato,REL_X+7,2025-02-04,2025-02-14,120,3
1177,Sprint 7 - Waikato - Release X+7,7,6,Waikato,REL_X+7,2025-02-14,2025-02-24,120,3
1178,Sprint 8 - Waikato - Release X+7,8,6,Waikato,REL_X+7,2025-02-24,2025-03-06,120,3
1179,Sprint 9 - Waikato - Release X+7,9,6,Waikato,REL_X+7,2025-03-06,2025-03-16,120,3
1180,Sprint 10 - Waikato - Release X+7,10,6,Waikato,REL_X+7,2025-03-16,2025-03-26,120,3
1181,Sprint 11 - Waikato - Release X+7,11,6,Waikato,REL_X+7,2025-03-26,2025-04-05,120,3
1182,Sprint 12 - Waikato - Release X+7,12,6,Waikato,REL_X+7,2025-04-05,2025-04-15,120,3
1183,Sprint 13 - Waikato - Release X+7,13,6,Waikato,REL_X+7,2025-04-15,2025-04-25,120,3
1184,Sprint 14 - Waikato - Release X+7,14,6,Waikato,REL_X+7,2025-04-25,2025-05-05,120,3
1185,Sprint 15 - Waikato - Release X+7,15,6,Waikato,REL_X+7,2025-05-05,2025-05-15,120,3
1186,Sprint 16 - Waikato - Release X+7,16,6,Waikato,REL_X+7,2025-05-15,2025-05-25,120,3
1187,Sprint 17 - Waikato - Release X+7,17,6,Waikato,REL_X+7,2025-05-25,2025-06-04,120,3
1188,Sprint 18 - Waikato - Release X+7,18,6,Waikato,REL_X+7,2025-06-04,2025-06-14,120,3
1189,Sprint 19 - Waikato - Release X+7,19,6,Waikato,REL_X+7,2025-06-14,2025-06-24,120,3
1190,Sprint 20 - Waikato - Release X+7,20,6,Waikato,REL_X+7,2025-06-24,2025-07-04,120,3
1191,Sprint 21 - Waikato - Release X+7,21,6,Waikato,REL_X+7,2025-07-04,2025-07-14,120,3
1192,Sprint 22 - Waikato - Release X+7,22,6,Waikato,REL_X+7,2025-07-14,2025-07-24,120,3
1193,Sprint 23 - Waikato - Release X+7,23,6,Waikato,REL_X+7,2025-07-24,2025-08-03,120,3
1194,Sprint 24 - Waikato - Release X+7,24,6,Waikato,REL_X+7,2025-08-03,2025-08-13,120,3
1195,Sprint 25 - Waikato - Release X+7,25,6,Waikato,REL_X+7,2025-08-13,2025-08-23,120,3
1196,Sprint 26 - Waikato - Release X+7,26,6,Waikato,REL_X+7,2025-08-23,2025-09-02,120,3
1197,Sprint 1 - Ganga - Release X+7,1,7,Ganga,REL_X+7,2024-12-16,2024-12-26,200,5
1198,Sprint 2 - Ganga - Release X+7,2,7,Ganga,REL_X+7,2024-12-26,2025-01-05,200,5
1199,Sprint 3 - Ganga - Release X+7,3,7,Ganga,REL_X+7,2025-01-05,2025-01-15,200,5
1200,Sprint 4 - Ganga - Release X+7,4,7,Ganga,REL_X+7,2025-01-15,2025-01-25,200,5
1201,Sprint 5 - Ganga - Release X+7,5,7,Ganga,REL_X+7,2025-01-25,2025-02-04,200,5
1202,Sprint 6 - Ganga - Release X+7,6,7,Ganga,REL_X+7,2025-02-04,2025-02-14,200,5
1203,Sprint 7 - Ganga - Release X+7,7,7,Ganga,REL_X+7,2025-02-14,2025-02-24,200,5
1204,Sprint 8 - Ganga - Release X+7,8,7,Ganga,REL_X+7,2025-02-24,2025-03-06,200,5
1205,Sprint 9 - Ganga - Release X+7,9,7,Ganga,REL_X+7,2025-03-06,2025-03-16,200,5
1206,Sprint 10 - Ganga - Release X+7,10,7,Ganga,REL_X+7,2025-03-16,2025-03-26,200,5
1207,Sprint 11 - Ganga - Release X+7,11,7,Ganga,REL_X+7,2025-03-26,2025-04-05,200,5
1208,Sprint 12 - Ganga - Release X+7,12,7,Ganga,REL_X+7,2025-04-05,2025-04-15,200,5
1209,Sprint 13 - Ganga - Release X+7,13,7,Ganga,REL_X+7,2025-04-15,2025-04-25,200,5
1210,Sprint 14 - Ganga - Release X+7,14,7,Ganga,REL_X+7,2025-04-25,2025-05-05,200,5
1211,Sprint 15 - Ganga - Release X+7,15,7,Ganga,REL_X+7,2025-05-05,2025-05-15,200,5
1212,Sprint 16 - Ganga - Release X+7,16,7,Ganga,REL_X+7,2025-05-15,2025-05-25,200,5
1213,Sprint 17 - Ganga - Release X+7,17,7,Ganga,REL_X+7,2025-05-25,2025-06-04,200,5
1214,Sprint 18 - Ganga - Release X+7,18,7,Ganga,REL_X+7,2025-06-04,2025-06-14,200,5
1215,Sprint 19 - Ganga - Release X+7,19,7,Ganga,REL_X+7,2025-06-14,2025-06-24,200,5
1216,Sprint 20 - Ganga - Release X+7,20,7,Ganga,REL_X+7,2025-06-24,2025-07-04,200,5
1217,Sprint 21 - Ganga - Release X+7,21,7,Ganga,REL_X+7,2025-07-04,2025-07-14,200,5
1218,Sprint 22 - Ganga - Release X+7,22,7,Ganga,REL_X+7,2025-07-14,2025-07-24,200,5
1219,Sprint 23 - Ganga - Release X+7,23,7,Ganga,REL_X+7,2025-07-24,2025-08-03,200,5
1220,Sprint 24 - Ganga - Release X+7,24,7,Ganga,REL_X+7,2025-08-03,2025-08-13,200,5
1221,Sprint 25 - Ganga - Release X+7,25,7,Ganga,REL_X+7,2025-08-13,2025-08-23,200,5
1222,Sprint 26 - Ganga - Release X+7,26,7,Ganga,REL_X+7,2025-08-23,2025-09-02,200,5
1223,Sprint 1 - Congo - Release X+7,1,8,Congo,REL_X+7,2024-12-16,2024-12-26,160,4
1224,Sprint 2 - Congo - Release X+7,2,8,Congo,REL_X+7,2024-12-26,2025-01-05,160,4
1225,Sprint 3 - Congo - Release X+7,3,8,Congo,REL_X+7,2025-01-05,2025-01-15,160,4
1226,Sprint 4 - Congo - Release X+7,4,8,Congo,REL_X+7,2025-01-15,2025-01-25,160,4
1227,Sprint 5 - Congo - Release X+7,5,8,Congo,REL_X+7,2025-01-25,2025-02-04,160,4
1228,Sprint 6 - Congo - Release X+7,6,8,Congo,REL_X+7,2025-02-04,2025-02-14,160,4
1229,Sprint 7 - Congo - Release X+7,7,8,Congo,REL_X+7,2025-02-14,2025-02-24,160,4
1230,Sprint 8 - Congo - Release X+7,8,8,Congo,REL_X+7,2025-02-24,2025-03-06,160,4
1231,Sprint 9 - Congo - Release X+7,9,8,Congo,REL_X+7,2025-03-06,2025-03-16,160,4
1232,Sprint 10 - Congo - Release X+7,10,8,Congo,REL_X+7,2025-03-16,2025-03-26,160,4
1233,Sprint 11 - Congo - Release X+7,11,8,Congo,REL_X+7,2025-03-26,2025-04-05,160,4
1234,Sprint 12 - Congo - Release X+7,12,8,Congo,REL_X+7,2025-04-05,2025-04-15,160,4
1235,Sprint 13 - Congo - Release X+7,13,8,Congo,REL_X+7,2025-04-15,2025-04-25,160,4
1236,Sprint 14 - Congo - Release X+7,14,8,Congo,REL_X+7,2025-04-25,2025-05-05,160,4
1237,Sprint 15 - Congo - Release X+7,15,8,Congo,REL_X+7,2025-05-05,2025-05-15,160,4
1238,Sprint 16 - Congo - Release X+7,16,8,Congo,REL_X+7,2025-05-15,2025-05-25,160,4
1239,Sprint 17 - Congo - Release X+7,17,8,Congo,REL_X+7,2025-05-25,2025-06-04,160,4
1240,Sprint 18 - Congo - Release X+7,18,8,Congo,REL_X+7,2025-06-04,2025-06-14,160,4
1241,Sprint 19 - Congo - Release X+7,19,8,Congo,REL_X+7,2025-06-14,2025-06-24,160,4
1242,Sprint 20 - Congo - Release X+7,20,8,Congo,REL_X+7,2025-06-24,2025-07-04,160,4
1243,Sprint 21 - Congo - Release X+7,21,8,Congo,REL_X+7,2025-07-04,2025-07-14,160,4
1244,Sprint 22 - Congo - Release X+7,22,8,Congo,REL_X+7,2025-07-14,2025-07-24,160,4
1245,Sprint 23 - Congo - Release X+7,23,8,Congo,REL_X+7,2025-07-24,2025-08-03,160,4
1246,Sprint 24 - Congo - Release X+7,24,8,Congo,REL_X+7,2025-08-03,2025-08-13,160,4
1247,Sprint 25 - Congo - Release X+7,25,8,Congo,REL_X+7,2025-08-13,2025-08-23,160,4
1248,Sprint 26 - Congo - Release X+7,26,8,Congo,REL_X+7,2025-08-23,2025-09-02,160,4
1249,Sprint 1 - Amazon - Release X+8,1,1,Amazon,REL_X+8,2025-02-24,2025-03-06,240,6
1250,Sprint 2 - Amazon - Release X+8,2,1,Amazon,REL_X+8,2025-03-06,2025-03-16,240,6
1251,Sprint 3 - Amazon - Release X+8,3,1,Amazon,REL_X+8,2025-03-16,2025-03-26,240,6
1252,Sprint 4 - Amazon - Release X+8,4,1,Amazon,REL_X+8,2025-03-26,2025-04-05,240,6
1253,Sprint 5 - Amazon - Release X+8,5,1,Amazon,REL_X+8,2025-04-05,2025-04-15,240,6
1254,Sprint 6 - Amazon - Release X+8,6,1,Amazon,REL_X+8,2025-04-15,2025-04-25,240,6
1255,Sprint 7 - Amazon - Release X+8,7,1,Amazon,REL_X+8,2025-04-25,2025-05-05,240,6
1256,Sprint 8 - Amazon - Release X+8,8,1,Amazon,REL_X+8,2025-05-05,2025-05-15,240,6
1257,Sprint 9 - Amazon - Release X+8,9,1,Amazon,REL_X+8,2025-05-15,2025-05-25,240,6
1258,Sprint 10 - Amazon - Release X+8,10,1,Amazon,REL_X+8,2025-05-25,2025-06-04,240,6
1259,Sprint 11 - Amazon - Release X+8,11,1,Amazon,REL_X+8,2025-06-04,2025-06-14,240,6
1260,Sprint 12 - Amazon - Release X+8,12,1,Amazon,REL_X+8,2025-06-14,2025-06-24,240,6
1261,Sprint 13 - Amazon - Release X+8,13,1,Amazon,REL_X+8,2025-06-24,2025-07-04,240,6
1262,Sprint 14 - Amazon - Release X+8,14,1,Amazon,REL_X+8,2025-07-04,2025-07-14,240,6
1263,Sprint 15 - Amazon - Release X+8,15,1,Amazon,REL_X+8,2025-07-14,2025-07-24,240,6
1264,Sprint 16 - Amazon - Release X+8,16,1,Amazon,REL_X+8,2025-07-24,2025-08-03,240,6
1265,Sprint 17 - Amazon - Release X+8,17,1,Amazon,REL_X+8,2025-08-03,2025-08-13,240,6
1266,Sprint 18 - Amazon - Release X+8,18,1,Amazon,REL_X+8,2025-08-13,2025-08-23,240,6
1267,Sprint 19 - Amazon - Release X+8,19,1,Amazon,REL_X+8,2025-08-23,2025-09-02,240,6
1268,Sprint 20 - Amazon - Release X+8,20,1,Amazon,REL_X+8,2025-09-02,2025-09-12,240,6
1269,Sprint 21 - Amazon - Release X+8,21,1,Amazon,REL_X+8,2025-09-12,2025-09-22,240,6
1270,Sprint 22 - Amazon - Release X+8,22,1,Amazon,REL_X+8,2025-09-22,2025-10-02,240,6
1271,Sprint 23 - Amazon - Release X+8,23,1,Amazon,REL_X+8,2025-10-02,2025-10-12,240,6
1272,Sprint 24 - Amazon - Release X+8,24,1,Amazon,REL_X+8,2025-10-12,2025-10-22,240,6
1273,Sprint 25 - Amazon - Release X+8,25,1,Amazon,REL_X+8,2025-10-22,2025-11-01,240,6
1274,Sprint 26 - Amazon - Release X+8,26,1,Amazon,REL_X+8,2025-11-01,2025-11-11,240,6
1275,Sprint 1 - Nile - Release X+8,1,2,Nile,REL_X+8,2025-02-24,2025-03-06,280,7
1276,Sprint 2 - Nile - Release X+8,2,2,Nile,REL_X+8,2025-03-06,2025-03-16,280,7
1277,Sprint 3 - Nile - Release X+8,3,2,Nile,REL_X+8,2025-03-16,2025-03-26,280,7
1278,Sprint 4 - Nile - Release X+8,4,2,Nile,REL_X+8,2025-03-26,2025-04-05,280,7
1279,Sprint 5 - Nile - Release X+8,5,2,Nile,REL_X+8,2025-04-05,2025-04-15,280,7
1280,Sprint 6 - Nile - Release X+8,6,2,Nile,REL_X+8,2025-04-15,2025-04-25,280,7
1281,Sprint 7 - Nile - Release X+8,7,2,Nile,REL_X+8,2025-04-25,2025-05-05,280,7
1282,Sprint 8 - Nile - Release X+8,8,2,Nile,REL_X+8,2025-05-05,2025-05-15,280,7
1283,Sprint 9 - Nile - Release X+8,9,2,Nile,REL_X+8,2025-05-15,2025-05-25,280,7
1284,Sprint 10 - Nile - Release X+8,10,2,Nile,REL_X+8,2025-05-25,2025-06-04,280,7
1285,Sprint 11 - Nile - Release X+8,11,2,Nile,REL_X+8,2025-06-04,2025-06-14,280,7
1286,Sprint 12 - Nile - Release X+8,12,2,Nile,REL_X+8,2025-06-14,2025-06-24,280,7
1287,Sprint 13 - Nile - Release X+8,13,2,Nile,REL_X+8,2025-06-24,2025-07-04,280,7
1288,Sprint 14 - Nile - Release X+8,14,2,Nile,REL_X+8,2025-07-04,2025-07-14,280,7
1289,Sprint 15 - Nile - Release X+8,15,2,Nile,REL_X+8,2025-07-14,2025-07-24,280,7
1290,Sprint 16 - Nile - Release X+8,16,2,Nile,REL_X+8,2025-07-24,2025-08-03,280,7
1291,Sprint 17 - Nile - Release X+8,17,2,Nile,REL_X+8,2025-08-03,2025-08-13,280,7
1292,Sprint 18 - Nile - Release X+8,18,2,Nile,REL_X+8,2025-08-13,2025-08-23,280,7
1293,Sprint 19 - Nile - Release X+8,19,2,Nile,REL_X+8,2025-08-23,2025-09-02,280,7
1294,Sprint 20 - Nile - Release X+8,20,2,Nile,REL_X+8,2025-09-02,2025-09-12,280,7
1295,Sprint 21 - Nile - Release X+8,21,2,Nile,REL_X+8,2025-09-12,2025-09-22,280,7
1296,Sprint 22 - Nile - Release X+8,22,2,Nile,REL_X+8,2025-09-22,2025-10-02,280,7
1297,Sprint 23 - Nile - Release X+8,23,2,Nile,REL_X+8,2025-10-02,2025-10-12,280,7
1298,Sprint 24 - Nile - Release X+8,24,2,Nile,REL_X+8,2025-10-12,2025-10-22,280,7
1299,Sprint 25 - Nile - Release X+8,25,2,Nile,REL_X+8,2025-10-22,2025-11-01,280,7
1300,Sprint 26 - Nile - Release X+8,26,2,Nile,REL_X+8,2025-11-01,2025-11-11,280,7
1301,Sprint 1 - Yangtze - Release X+8,1,3,Yangtze,REL_X+8,2025-02-24,2025-03-06,320,8
1302,Sprint 2 - Yangtze - Release X+8,2,3,Yangtze,REL_X+8,2025-03-06,2025-03-16,320,8
1303,Sprint 3 - Yangtze - Release X+8,3,3,Yangtze,REL_X+8,2025-03-16,2025-03-26,320,8
1304,Sprint 4 - Yangtze - Release X+8,4,3,Yangtze,REL_X+8,2025-03-26,2025-04-05,320,8
1305,Sprint 5 - Yangtze - Release X+8,5,3,Yangtze,REL_X+8,2025-04-05,2025-04-15,320,8
1306,Sprint 6 - Yangtze - Release X+8,6,3,Yangtze,REL_X+8,2025-04-15,2025-04-25,320,8
1307,Sprint 7 - Yangtze - Release X+8,7,3,Yangtze,REL_X+8,2025-04-25,2025-05-05,320,8
1308,Sprint 8 - Yangtze - Release X+8,8,3,Yangtze,REL_X+8,2025-05-05,2025-05-15,320,8
1309,Sprint 9 - Yangtze - Release X+8,9,3,Yangtze,REL_X+8,2025-05-15,2025-05-25,320,8
1310,Sprint 10 - Yangtze - Release X+8,10,3,Yangtze,REL_X+8,2025-05-25,2025-06-04,320,8
1311,Sprint 11 - Yangtze - Release X+8,11,3,Yangtze,REL_X+8,2025-06-04,2025-06-14,320,8
1312,Sprint 12 - Yangtze - Release X+8,12,3,Yangtze,REL_X+8,2025-06-14,2025-06-24,320,8
1313,Sprint 13 - Yangtze - Release X+8,13,3,Yangtze,REL_X+8,2025-06-24,2025-07-04,320,8
1314,Sprint 14 - Yangtze - Release X+8,14,3,Yangtze,REL_X+8,2025-07-04,2025-07-14,320,8
1315,Sprint 15 - Yangtze - Release X+8,15,3,Yangtze,REL_X+8,2025-07-14,2025-07-24,320,8
1316,Sprint 16 - Yangtze - Release X+8,16,3,Yangtze,REL_X+8,2025-07-24,2025-08-03,320,8
1317,Sprint 17 - Yangtze - Release X+8,17,3,Yangtze,REL_X+8,2025-08-03,2025-08-13,320,8
1318,Sprint 18 - Yangtze - Release X+8,18,3,Yangtze,REL_X+8,2025-08-13,2025-08-23,320,8
1319,Sprint 19 - Yangtze - Release X+8,19,3,Yangtze,REL_X+8,2025-08-23,2025-09-02,320,8
1320,Sprint 20 - Yangtze - Release X+8,20,3,Yangtze,REL_X+8,2025-09-02,2025-09-12,320,8
1321,Sprint 21 - Yangtze - Release X+8,21,3,Yangtze,REL_X+8,2025-09-12,2025-09-22,320,8
1322,Sprint 22 - Yangtze - Release X+8,22,3,Yangtze,REL_X+8,2025-09-22,2025-10-02,320,8
1323,Sprint 23 - Yangtze - Release X+8,23,3,Yangtze,REL_X+8,2025-10-02,2025-10-12,320,8
1324,Sprint 24 - Yangtze - Release X+8,24,3,Yangtze,REL_X+8,2025-10-12,2025-10-22,320,8
1325,Sprint 25 - Yangtze - Release X+8,25,3,Yangtze,REL_X+8,2025-10-22,2025-11-01,320,8
1326,Sprint 26 - Yangtze - Release X+8,26,3,Yangtze,REL_X+8,2025-11-01,2025-11-11,320,8
1327,Sprint 1 - Yenisei - Release X+8,1,4,Yenisei,REL_X+8,2025-02-24,2025-03-06,360,9
1328,Sprint 2 - Yenisei - Release X+8,2,4,Yenisei,REL_X+8,2025-03-06,2025-03-16,360,9
1329,Sprint 3 - Yenisei - Release X+8,3,4,Yenisei,REL_X+8,2025-03-16,2025-03-26,360,9
1330,Sprint 4 - Yenisei - Release X+8,4,4,Yenisei,REL_X+8,2025-03-26,2025-04-05,360,9
1331,Sprint 5 - Yenisei - Release X+8,5,4,Yenisei,REL_X+8,2025-04-05,2025-04-15,360,9
1332,Sprint 6 - Yenisei - Release X+8,6,4,Yenisei,REL_X+8,2025-04-15,2025-04-25,360,9
1333,Sprint 7 - Yenisei - Release X+8,7,4,Yenisei,REL_X+8,2025-04-25,2025-05-05,360,9
1334,Sprint 8 - Yenisei - Release X+8,8,4,Yenisei,REL_X+8,2025-05-05,2025-05-15,360,9
1335,Sprint 9 - Yenisei - Release X+8,9,4,Yenisei,REL_X+8,2025-05-15,2025-05-25,360,9
1336,Sprint 10 - Yenisei - Release X+8,10,4,Yenisei,REL_X+8,2025-05-25,2025-06-04,360,9
1337,Sprint 11 - Yenisei - Release X+8,11,4,Yenisei,REL_X+8,2025-06-04,2025-06-14,360,9
1338,Sprint 12 - Yenisei - Release X+8,12,4,Yenisei,REL_X+8,2025-06-14,2025-06-24,360,9
1339,Sprint 13 - Yenisei - Release X+8,13,4,Yenisei,REL_X+8,2025-06-24,2025-07-04,360,9
1340,Sprint 14 - Yenisei - Release X+8,14,4,Yenisei,REL_X+8,2025-07-04,2025-07-14,360,9
1341,Sprint 15 - Yenisei - Release X+8,15,4,Yenisei,REL_X+8,2025-07-14,2025-07-24,360,9
1342,Sprint 16 - Yenisei - Release X+8,16,4,Yenisei,REL_X+8,2025-07-24,2025-08-03,360,9
1343,Sprint 17 - Yenisei - Release X+8,17,4,Yenisei,REL_X+8,2025-08-03,2025-08-13,360,9
1344,Sprint 18 - Yenisei - Release X+8,18,4,Yenisei,REL_X+8,2025-08-13,2025-08-23,360,9
1345,Sprint 19 - Yenisei - Release X+8,19,4,Yenisei,REL_X+8,2025-08-23,2025-09-02,360,9
1346,Sprint 20 - Yenisei - Release X+8,20,4,Yenisei,REL_X+8,2025-09-02,2025-09-12,360,9
1347,Sprint 21 - Yenisei - Release X+8,21,4,Yenisei,REL_X+8,2025-09-12,2025-09-22,360,9
1348,Sprint 22 - Yenisei - Release X+8,22,4,Yenisei,REL_X+8,2025-09-22,2025-10-02,360,9
1349,Sprint 23 - Yenisei - Release X+8,23,4,Yenisei,REL_X+8,2025-10-02,2025-10-12,360,9
1350,Sprint 24 - Yenisei - Release X+8,24,4,Yenisei,REL_X+8,2025-10-12,2025-10-22,360,9
1351,Sprint 25 - Yenisei - Release X+8,25,4,Yenisei,REL_X+8,2025-10-22,2025-11-01,360,9
1352,Sprint 26 - Yenisei - Release X+8,26,4,Yenisei,REL_X+8,2025-11-01,2025-11-11,360,9
1353,Sprint 1 - Mississippi - Release X+8,1,5,Mississippi,REL_X+8,2025-02-24,2025-03-06,400,10
1354,Sprint 2 - Mississippi - Release X+8,2,5,Mississippi,REL_X+8,2025-03-06,2025-03-16,400,10
1355,Sprint 3 - Mississippi - Release X+8,3,5,Mississippi,REL_X+8,2025-03-16,2025-03-26,400,10
1356,Sprint 4 - Mississippi - Release X+8,4,5,Mississippi,REL_X+8,2025-03-26,2025-04-05,400,10
1357,Sprint 5 - Mississippi - Release X+8,5,5,Mississippi,REL_X+8,2025-04-05,2025-04-15,400,10
1358,Sprint 6 - Mississippi - Release X+8,6,5,Mississippi,REL_X+8,2025-04-15,2025-04-25,400,10
1359,Sprint 7 - Mississippi - Release X+8,7,5,Mississippi,REL_X+8,2025-04-25,2025-05-05,400,10
1360,Sprint 8 - Mississippi - Release X+8,8,5,Mississippi,REL_X+8,2025-05-05,2025-05-15,400,10
1361,Sprint 9 - Mississippi - Release X+8,9,5,Mississippi,REL_X+8,2025-05-15,2025-05-25,400,10
1362,Sprint 10 - Mississippi - Release X+8,10,5,Mississippi,REL_X+8,2025-05-25,2025-06-04,400,10
1363,Sprint 11 - Mississippi - Release X+8,11,5,Mississippi,REL_X+8,2025-06-04,2025-06-14,400,10
1364,Sprint 12 - Mississippi - Release X+8,12,5,Mississippi,REL_X+8,2025-06-14,2025-06-24,400,10
1365,Sprint 13 - Mississippi - Release X+8,13,5,Mississippi,REL_X+8,2025-06-24,2025-07-04,400,10
1366,Sprint 14 - Mississippi - Release X+8,14,5,Mississippi,REL_X+8,2025-07-04,2025-07-14,400,10
1367,Sprint 15 - Mississippi - Release X+8,15,5,Mississippi,REL_X+8,2025-07-14,2025-07-24,400,10
1368,Sprint 16 - Mississippi - Release X+8,16,5,Mississippi,REL_X+8,2025-07-24,2025-08-03,400,10
1369,Sprint 17 - Mississippi - Release X+8,17,5,Mississippi,REL_X+8,2025-08-03,2025-08-13,400,10
1370,Sprint 18 - Mississippi - Release X+8,18,5,Mississippi,REL_X+8,2025-08-13,2025-08-23,400,10
1371,Sprint 19 - Mississippi - Release X+8,19,5,Mississippi,REL_X+8,2025-08-23,2025-09-02,400,10
1372,Sprint 20 - Mississippi - Release X+8,20,5,Mississippi,REL_X+8,2025-09-02,2025-09-12,400,10
1373,Sprint 21 - Mississippi - Release X+8,21,5,Mississippi,REL_X+8,2025-09-12,2025-09-22,400,10
1374,Sprint 22 - Mississippi - Release X+8,22,5,Mississippi,REL_X+8,2025-09-22,2025-10-02,400,10
1375,Sprint 23 - Mississippi - Release X+8,23,5,Mississippi,REL_X+8,2025-10-02,2025-10-12,400,10
1376,Sprint 24 - Mississippi - Release X+8,24,5,Mississippi,REL_X+8,2025-10-12,2025-10-22,400,10
1377,Sprint 25 - Mississippi - Release X+8,25,5,Mississippi,REL_X+8,2025-10-22,2025-11-01,400,10
1378,Sprint 26 - Mississippi - Release X+8,26,5,Mississippi,REL_X+8,2025-11-01,2025-11-11,400,10
1379,Sprint 1 - Waikato - Release X+8,1,6,Waikato,REL_X+8,2025-02-24,2025-03-06,120,3
1380,Sprint 2 - Waikato - Release X+8,2,6,Waikato,REL_X+8,2025-03-06,2025-03-16,120,3
1381,Sprint 3 - Waikato - Release X+8,3,6,Waikato,REL_X+8,2025-03-16,2025-03-26,120,3
1382,Sprint 4 - Waikato - Release X+8,4,6,Waikato,REL_X+8,2025-03-26,2025-04-05,120,3
1383,Sprint 5 - Waikato - Release X+8,5,6,Waikato,REL_X+8,2025-04-05,2025-04-15,120,3
1384,Sprint 6 - Waikato - Release X+8,6,6,Waikato,REL_X+8,2025-04-15,2025-04-25,120,3
1385,Sprint 7 - Waikato - Release X+8,7,6,Waikato,REL_X+8,2025-04-25,2025-05-05,120,3
1386,Sprint 8 - Waikato - Release X+8,8,6,Waikato,REL_X+8,2025-05-05,2025-05-15,120,3
1387,Sprint 9 - Waikato - Release X+8,9,6,Waikato,REL_X+8,2025-05-15,2025-05-25,120,3
1388,Sprint 10 - Waikato - Release X+8,10,6,Waikato,REL_X+8,2025-05-25,2025-06-04,120,3
1389,Sprint 11 - Waikato - Release X+8,11,6,Waikato,REL_X+8,2025-06-04,2025-06-14,120,3
1390,Sprint 12 - Waikato - Release X+8,12,6,Waikato,REL_X+8,2025-06-14,2025-06-24,120,3
1391,Sprint 13 - Waikato - Release X+8,13,6,Waikato,REL_X+8,2025-06-24,2025-07-04,120,3
1392,Sprint 14 - Waikato - Release X+8,14,6,Waikato,REL_X+8,2025-07-04,2025-07-14,120,3
1393,Sprint 15 - Waikato - Release X+8,15,6,Waikato,REL_X+8,2025-07-14,2025-07-24,120,3
1394,Sprint 16 - Waikato - Release X+8,16,6,Waikato,REL_X+8,2025-07-24,2025-08-03,120,3
1395,Sprint 17 - Waikato - Release X+8,17,6,Waikato,REL_X+8,2025-08-03,2025-08-13,120,3
1396,Sprint 18 - Waikato - Release X+8,18,6,Waikato,REL_X+8,2025-08-13,2025-08-23,120,3
1397,Sprint 19 - Waikato - Release X+8,19,6,Waikato,REL_X+8,2025-08-23,2025-09-02,120,3
1398,Sprint 20 - Waikato - Release X+8,20,6,Waikato,REL_X+8,2025-09-02,2025-09-12,120,3
1399,Sprint 21 - Waikato - Release X+8,21,6,Waikato,REL_X+8,2025-09-12,2025-09-22,120,3
1400,Sprint 22 - Waikato - Release X+8,22,6,Waikato,REL_X+8,2025-09-22,2025-10-02,120,3
1401,Sprint 23 - Waikato - Release X+8,23,6,Waikato,REL_X+8,2025-10-02,2025-10-12,120,3
1402,Sprint 24 - Waikato - Release X+8,24,6,Waikato,REL_X+8,2025-10-12,2025-10-22,120,3
1403,Sprint 25 - Waikato - Release X+8,25,6,Waikato,REL_X+8,2025-10-22,2025-11-01,120,3
1404,Sprint 26 - Waikato - Release X+8,26,6,Waikato,REL_X+8,2025-11-01,2025-11-11,120,3
1405,Sprint 1 - Ganga - Release X+8,1,7,Ganga,REL_X+8,2025-02-24,2025-03-06,200,5
1406,Sprint 2 - Ganga - Release X+8,2,7,Ganga,REL_X+8,2025-03-06,2025-03-16,200,5
1407,Sprint 3 - Ganga - Release X+8,3,7,Ganga,REL_X+8,2025-03-16,2025-03-26,200,5
1408,Sprint 4 - Ganga - Release X+8,4,7,Ganga,REL_X+8,2025-03-26,2025-04-05,200,5
1409,Sprint 5 - Ganga - Release X+8,5,7,Ganga,REL_X+8,2025-04-05,2025-04-15,200,5
1410,Sprint 6 - Ganga - Release X+8,6,7,Ganga,REL_X+8,2025-04-15,2025-04-25,200,5
1411,Sprint 7 - Ganga - Release X+8,7,7,Ganga,REL_X+8,2025-04-25,2025-05-05,200,5
1412,Sprint 8 - Ganga - Release X+8,8,7,Ganga,REL_X+8,2025-05-05,2025-05-15,200,5
1413,Sprint 9 - Ganga - Release X+8,9,7,Ganga,REL_X+8,2025-05-15,2025-05-25,200,5
1414,Sprint 10 - Ganga - Release X+8,10,7,Ganga,REL_X+8,2025-05-25,2025-06-04,200,5
1415,Sprint 11 - Ganga - Release X+8,11,7,Ganga,REL_X+8,2025-06-04,2025-06-14,200,5
1416,Sprint 12 - Ganga - Release X+8,12,7,Ganga,REL_X+8,2025-06-14,2025-06-24,200,5
1417,Sprint 13 - Ganga - Release X+8,13,7,Ganga,REL_X+8,2025-06-24,2025-07-04,200,5
1418,Sprint 14 - Ganga - Release X+8,14,7,Ganga,REL_X+8,2025-07-04,2025-07-14,200,5
1419,Sprint 15 - Ganga - Release X+8,15,7,Ganga,REL_X+8,2025-07-14,2025-07-24,200,5
1420,Sprint 16 - Ganga - Release X+8,16,7,Ganga,REL_X+8,2025-07-24,2025-08-03,200,5
1421,Sprint 17 - Ganga - Release X+8,17,7,Ganga,REL_X+8,2025-08-03,2025-08-13,200,5
1422,Sprint 18 - Ganga - Release X+8,18,7,Ganga,REL_X+8,2025-08-13,2025-08-23,200,5
1423,Sprint 19 - Ganga - Release X+8,19,7,Ganga,REL_X+8,2025-08-23,2025-09-02,200,5
1424,Sprint 20 - Ganga - Release X+8,20,7,Ganga,REL_X+8,2025-09-02,2025-09-12,200,5
1425,Sprint 21 - Ganga - Release X+8,21,7,Ganga,REL_X+8,2025-09-12,2025-09-22,200,5
1426,Sprint 22 - Ganga - Release X+8,22,7,Ganga,REL_X+8,2025-09-22,2025-10-02,200,5
1427,Sprint 23 - Ganga - Release X+8,23,7,Ganga,REL_X+8,2025-10-02,2025-10-12,200,5
1428,Sprint 24 - Ganga - Release X+8,24,7,Ganga,REL_X+8,2025-10-12,2025-10-22,200,5
1429,Sprint 25 - Ganga - Release X+8,25,7,Ganga,REL_X+8,2025-10-22,2025-11-01,200,5
1430,Sprint 26 - Ganga - Release X+8,26,7,Ganga,REL_X+8,2025-11-01,2025-11-11,200,5
1431,Sprint 1 - Congo - Release X+8,1,8,Congo,REL_X+8,2025-02-24,2025-03-06,160,4
1432,Sprint 2 - Congo - Release X+8,2,8,Congo,REL_X+8,2025-03-06,2025-03-16,160,4
1433,Sprint 3 - Congo - Release X+8,3,8,Congo,REL_X+8,2025-03-16,2025-03-26,160,4
1434,Sprint 4 - Congo - Release X+8,4,8,Congo,REL_X+8,2025-03-26,2025-04-05,160,4
1435,Sprint 5 - Congo - Release X+8,5,8,Congo,REL_X+8,2025-04-05,2025-04-15,160,4
1436,Sprint 6 - Congo - Release X+8,6,8,Congo,REL_X+8,2025-04-15,2025-04-25,160,4
1437,Sprint 7 - Congo - Release X+8,7,8,Congo,REL_X+8,2025-04-25,2025-05-05,160,4
1438,Sprint 8 - Congo - Release X+8,8,8,Congo,REL_X+8,2025-05-05,2025-05-15,160,4
1439,Sprint 9 - Congo - Release X+8,9,8,Congo,REL_X+8,2025-05-15,2025-05-25,160,4
1440,Sprint 10 - Congo - Release X+8,10,8,Congo,REL_X+8,2025-05-25,2025-06-04,160,4
1441,Sprint 11 - Congo - Release X+8,11,8,Congo,REL_X+8,2025-06-04,2025-06-14,160,4
1442,Sprint 12 - Congo - Release X+8,12,8,Congo,REL_X+8,2025-06-14,2025-06-24,160,4
1443,Sprint 13 - Congo - Release X+8,13,8,Congo,REL_X+8,2025-06-24,2025-07-04,160,4
1444,Sprint 14 - Congo - Release X+8,14,8,Congo,REL_X+8,2025-07-04,2025-07-14,160,4
1445,Sprint 15 - Congo - Release X+8,15,8,Congo,REL_X+8,2025-07-14,2025-07-24,160,4
1446,Sprint 16 - Congo - Release X+8,16,8,Congo,REL_X+8,2025-07-24,2025-08-03,160,4
1447,Sprint 17 - Congo - Release X+8,17,8,Congo,REL_X+8,2025-08-03,2025-08-13,160,4
1448,Sprint 18 - Congo - Release X+8,18,8,Congo,REL_X+8,2025-08-13,2025-08-23,160,4
1449,Sprint 19 - Congo - Release X+8,19,8,Congo,REL_X+8,2025-08-23,2025-09-02,160,4
1450,Sprint 20 - Congo - Release X+8,20,8,Congo,REL_X+8,2025-09-02,2025-09-12,160,4
1451,Sprint 21 - Congo - Release X+8,21,8,Congo,REL_X+8,2025-09-12,2025-09-22,160,4
1452,Sprint 22 - Congo - Release X+8,22,8,Congo,REL_X+8,2025-09-22,2025-10-02,160,4
1453,Sprint 23 - Congo - Release X+8,23,8,Congo,REL_X+8,2025-10-02,2025-10-12,160,4
1454,Sprint 24 - Congo - Release X+8,24,8,Congo,REL_X+8,2025-10-12,2025-10-22,160,4
1455,Sprint 25 - Congo - Release X+8,25,8,Congo,REL_X+8,2025-10-22,2025-11-01,160,4
1456,Sprint 26 - Congo - Release X+8,26,8,Congo,REL_X+8,2025-11-01,2025-11-11,160,4
1457,Sprint 1 - Amazon - Release X+9,1,1,Amazon,REL_X+9,2025-05-05,2025-05-15,240,6
1458,Sprint 2 - Amazon - Release X+9,2,1,Amazon,REL_X+9,2025-05-15,2025-05-25,240,6
1459,Sprint 3 - Amazon - Release X+9,3,1,Amazon,REL_X+9,2025-05-25,2025-06-04,240,6
1460,Sprint 4 - Amazon - Release X+9,4,1,Amazon,REL_X+9,2025-06-04,2025-06-14,240,6
1461,Sprint 5 - Amazon - Release X+9,5,1,Amazon,REL_X+9,2025-06-14,2025-06-24,240,6
1462,Sprint 6 - Amazon - Release X+9,6,1,Amazon,REL_X+9,2025-06-24,2025-07-04,240,6
1463,Sprint 7 - Amazon - Release X+9,7,1,Amazon,REL_X+9,2025-07-04,2025-07-14,240,6
1464,Sprint 8 - Amazon - Release X+9,8,1,Amazon,REL_X+9,2025-07-14,2025-07-24,240,6
1465,Sprint 9 - Amazon - Release X+9,9,1,Amazon,REL_X+9,2025-07-24,2025-08-03,240,6
1466,Sprint 10 - Amazon - Release X+9,10,1,Amazon,REL_X+9,2025-08-03,2025-08-13,240,6
1467,Sprint 11 - Amazon - Release X+9,11,1,Amazon,REL_X+9,2025-08-13,2025-08-23,240,6
1468,Sprint 12 - Amazon - Release X+9,12,1,Amazon,REL_X+9,2025-08-23,2025-09-02,240,6
1469,Sprint 13 - Amazon - Release X+9,13,1,Amazon,REL_X+9,2025-09-02,2025-09-12,240,6
1470,Sprint 14 - Amazon - Release X+9,14,1,Amazon,REL_X+9,2025-09-12,2025-09-22,240,6
1471,Sprint 15 - Amazon - Release X+9,15,1,Amazon,REL_X+9,2025-09-22,2025-10-02,240,6
1472,Sprint 16 - Amazon - Release X+9,16,1,Amazon,REL_X+9,2025-10-02,2025-10-12,240,6
1473,Sprint 17 - Amazon - Release X+9,17,1,Amazon,REL_X+9,2025-10-12,2025-10-22,240,6
1474,Sprint 18 - Amazon - Release X+9,18,1,Amazon,REL_X+9,2025-10-22,2025-11-01,240,6
1475,Sprint 19 - Amazon - Release X+9,19,1,Amazon,REL_X+9,2025-11-01,2025-11-11,240,6
1476,Sprint 20 - Amazon - Release X+9,20,1,Amazon,REL_X+9,2025-11-11,2025-11-21,240,6
1477,Sprint 21 - Amazon - Release X+9,21,1,Amazon,REL_X+9,2025-11-21,2025-12-01,240,6
1478,Sprint 22 - Amazon - Release X+9,22,1,Amazon,REL_X+9,2025-12-01,2025-12-11,240,6
1479,Sprint 23 - Amazon - Release X+9,23,1,Amazon,REL_X+9,2025-12-11,2025-12-21,240,6
1480,Sprint 24 - Amazon - Release X+9,24,1,Amazon,REL_X+9,2025-12-21,2025-12-31,240,6
1481,Sprint 25 - Amazon - Release X+9,25,1,Amazon,REL_X+9,2025-12-31,2026-01-10,240,6
1482,Sprint 26 - Amazon - Release X+9,26,1,Amazon,REL_X+9,2026-01-10,2026-01-20,240,6
1483,Sprint 1 - Nile - Release X+9,1,2,Nile,REL_X+9,2025-05-05,2025-05-15,280,7
1484,Sprint 2 - Nile - Release X+9,2,2,Nile,REL_X+9,2025-05-15,2025-05-25,280,7
1485,Sprint 3 - Nile - Release X+9,3,2,Nile,REL_X+9,2025-05-25,2025-06-04,280,7
1486,Sprint 4 - Nile - Release X+9,4,2,Nile,REL_X+9,2025-06-04,2025-06-14,280,7
1487,Sprint 5 - Nile - Release X+9,5,2,Nile,REL_X+9,2025-06-14,2025-06-24,280,7
1488,Sprint 6 - Nile - Release X+9,6,2,Nile,REL_X+9,2025-06-24,2025-07-04,280,7
1489,Sprint 7 - Nile - Release X+9,7,2,Nile,REL_X+9,2025-07-04,2025-07-14,280,7
1490,Sprint 8 - Nile - Release X+9,8,2,Nile,REL_X+9,2025-07-14,2025-07-24,280,7
1491,Sprint 9 - Nile - Release X+9,9,2,Nile,REL_X+9,2025-07-24,2025-08-03,280,7
1492,Sprint 10 - Nile - Release X+9,10,2,Nile,REL_X+9,2025-08-03,2025-08-13,280,7
1493,Sprint 11 - Nile - Release X+9,11,2,Nile,REL_X+9,2025-08-13,2025-08-23,280,7
1494,Sprint 12 - Nile - Release X+9,12,2,Nile,REL_X+9,2025-08-23,2025-09-02,280,7
1495,Sprint 13 - Nile - Release X+9,13,2,Nile,REL_X+9,2025-09-02,2025-09-12,280,7
1496,Sprint 14 - Nile - Release X+9,14,2,Nile,REL_X+9,2025-09-12,2025-09-22,280,7
1497,Sprint 15 - Nile - Release X+9,15,2,Nile,REL_X+9,2025-09-22,2025-10-02,280,7
1498,Sprint 16 - Nile - Release X+9,16,2,Nile,REL_X+9,2025-10-02,2025-10-12,280,7
1499,Sprint 17 - Nile - Release X+9,17,2,Nile,REL_X+9,2025-10-12,2025-10-22,280,7
1500,Sprint 18 - Nile - Release X+9,18,2,Nile,REL_X+9,2025-10-22,2025-11-01,280,7
1501,Sprint 19 - Nile - Release X+9,19,2,Nile,REL_X+9,2025-11-01,2025-11-11,280,7
1502,Sprint 20 - Nile - Release X+9,20,2,Nile,REL_X+9,2025-11-11,2025-11-21,280,7
1503,Sprint 21 - Nile - Release X+9,21,2,Nile,REL_X+9,2025-11-21,2025-12-01,280,7
1504,Sprint 22 - Nile - Release X+9,22,2,Nile,REL_X+9,2025-12-01,2025-12-11,280,7
1505,Sprint 23 - Nile - Release X+9,23,2,Nile,REL_X+9,2025-12-11,2025-12-21,280,7
1506,Sprint 24 - Nile - Release X+9,24,2,Nile,REL_X+9,2025-12-21,2025-12-31,280,7
1507,Sprint 25 - Nile - Release X+9,25,2,Nile,REL_X+9,2025-12-31,2026-01-10,280,7
1508,Sprint 26 - Nile - Release X+9,26,2,Nile,REL_X+9,2026-01-10,2026-01-20,280,7
1509,Sprint 1 - Yangtze - Release X+9,1,3,Yangtze,REL_X+9,2025-05-05,2025-05-15,320,8
1510,Sprint 2 - Yangtze - Release X+9,2,3,Yangtze,REL_X+9,2025-05-15,2025-05-25,320,8
1511,Sprint 3 - Yangtze - Release X+9,3,3,Yangtze,REL_X+9,2025-05-25,2025-06-04,320,8
1512,Sprint 4 - Yangtze - Release X+9,4,3,Yangtze,REL_X+9,2025-06-04,2025-06-14,320,8
1513,Sprint 5 - Yangtze - Release X+9,5,3,Yangtze,REL_X+9,2025-06-14,2025-06-24,320,8
1514,Sprint 6 - Yangtze - Release X+9,6,3,Yangtze,REL_X+9,2025-06-24,2025-07-04,320,8
1515,Sprint 7 - Yangtze - Release X+9,7,3,Yangtze,REL_X+9,2025-07-04,2025-07-14,320,8
1516,Sprint 8 - Yangtze - Release X+9,8,3,Yangtze,REL_X+9,2025-07-14,2025-07-24,320,8
1517,Sprint 9 - Yangtze - Release X+9,9,3,Yangtze,REL_X+9,2025-07-24,2025-08-03,320,8
1518,Sprint 10 - Yangtze - Release X+9,10,3,Yangtze,REL_X+9,2025-08-03,2025-08-13,320,8
1519,Sprint 11 - Yangtze - Release X+9,11,3,Yangtze,REL_X+9,2025-08-13,2025-08-23,320,8
1520,Sprint 12 - Yangtze - Release X+9,12,3,Yangtze,REL_X+9,2025-08-23,2025-09-02,320,8
1521,Sprint 13 - Yangtze - Release X+9,13,3,Yangtze,REL_X+9,2025-09-02,2025-09-12,320,8
1522,Sprint 14 - Yangtze - Release X+9,14,3,Yangtze,REL_X+9,2025-09-12,2025-09-22,320,8
1523,Sprint 15 - Yangtze - Release X+9,15,3,Yangtze,REL_X+9,2025-09-22,2025-10-02,320,8
1524,Sprint 16 - Yangtze - Release X+9,16,3,Yangtze,REL_X+9,2025-10-02,2025-10-12,320,8
1525,Sprint 17 - Yangtze - Release X+9,17,3,Yangtze,REL_X+9,2025-10-12,2025-10-22,320,8
1526,Sprint 18 - Yangtze - Release X+9,18,3,Yangtze,REL_X+9,2025-10-22,2025-11-01,320,8
1527,Sprint 19 - Yangtze - Release X+9,19,3,Yangtze,REL_X+9,2025-11-01,2025-11-11,320,8
1528,Sprint 20 - Yangtze - Release X+9,20,3,Yangtze,REL_X+9,2025-11-11,2025-11-21,320,8
1529,Sprint 21 - Yangtze - Release X+9,21,3,Yangtze,REL_X+9,2025-11-21,2025-12-01,320,8
1530,Sprint 22 - Yangtze - Release X+9,22,3,Yangtze,REL_X+9,2025-12-01,2025-12-11,320,8
1531,Sprint 23 - Yangtze - Release X+9,23,3,Yangtze,REL_X+9,2025-12-11,2025-12-21,320,8
1532,Sprint 24 - Yangtze - Release X+9,24,3,Yangtze,REL_X+9,2025-12-21,2025-12-31,320,8
1533,Sprint 25 - Yangtze - Release X+9,25,3,Yangtze,REL_X+9,2025-12-31,2026-01-10,320,8
1534,Sprint 26 - Yangtze - Release X+9,26,3,Yangtze,REL_X+9,2026-01-10,2026-01-20,320,8
1535,Sprint 1 - Yenisei - Release X+9,1,4,Yenisei,REL_X+9,2025-05-05,2025-05-15,360,9
1536,Sprint 2 - Yenisei - Release X+9,2,4,Yenisei,REL_X+9,2025-05-15,2025-05-25,360,9
1537,Sprint 3 - Yenisei - Release X+9,3,4,Yenisei,REL_X+9,2025-05-25,2025-06-04,360,9
1538,Sprint 4 - Yenisei - Release X+9,4,4,Yenisei,REL_X+9,2025-06-04,2025-06-14,360,9
1539,Sprint 5 - Yenisei - Release X+9,5,4,Yenisei,REL_X+9,2025-06-14,2025-06-24,360,9
1540,Sprint 6 - Yenisei - Release X+9,6,4,Yenisei,REL_X+9,2025-06-24,2025-07-04,360,9
1541,Sprint 7 - Yenisei - Release X+9,7,4,Yenisei,REL_X+9,2025-07-04,2025-07-14,360,9
1542,Sprint 8 - Yenisei - Release X+9,8,4,Yenisei,REL_X+9,2025-07-14,2025-07-24,360,9
1543,Sprint 9 - Yenisei - Release X+9,9,4,Yenisei,REL_X+9,2025-07-24,2025-08-03,360,9
1544,Sprint 10 - Yenisei - Release X+9,10,4,Yenisei,REL_X+9,2025-08-03,2025-08-13,360,9
1545,Sprint 11 - Yenisei - Release X+9,11,4,Yenisei,REL_X+9,2025-08-13,2025-08-23,360,9
1546,Sprint 12 - Yenisei - Release X+9,12,4,Yenisei,REL_X+9,2025-08-23,2025-09-02,360,9
1547,Sprint 13 - Yenisei - Release X+9,13,4,Yenisei,REL_X+9,2025-09-02,2025-09-12,360,9
1548,Sprint 14 - Yenisei - Release X+9,14,4,Yenisei,REL_X+9,2025-09-12,2025-09-22,360,9
1549,Sprint 15 - Yenisei - Release X+9,15,4,Yenisei,REL_X+9,2025-09-22,2025-10-02,360,9
1550,Sprint 16 - Yenisei - Release X+9,16,4,Yenisei,REL_X+9,2025-10-02,2025-10-12,360,9
1551,Sprint 17 - Yenisei - Release X+9,17,4,Yenisei,REL_X+9,2025-10-12,2025-10-22,360,9
1552,Sprint 18 - Yenisei - Release X+9,18,4,Yenisei,REL_X+9,2025-10-22,2025-11-01,360,9
1553,Sprint 19 - Yenisei - Release X+9,19,4,Yenisei,REL_X+9,2025-11-01,2025-11-11,360,9
1554,Sprint 20 - Yenisei - Release X+9,20,4,Yenisei,REL_X+9,2025-11-11,2025-11-21,360,9
1555,Sprint 21 - Yenisei - Release X+9,21,4,Yenisei,REL_X+9,2025-11-21,2025-12-01,360,9
1556,Sprint 22 - Yenisei - Release X+9,22,4,Yenisei,REL_X+9,2025-12-01,2025-12-11,360,9
1557,Sprint 23 - Yenisei - Release X+9,23,4,Yenisei,REL_X+9,2025-12-11,2025-12-21,360,9
1558,Sprint 24 - Yenisei - Release X+9,24,4,Yenisei,REL_X+9,2025-12-21,2025-12-31,360,9
1559,Sprint 25 - Yenisei - Release X+9,25,4,Yenisei,REL_X+9,2025-12-31,2026-01-10,360,9
1560,Sprint 26 - Yenisei - Release X+9,26,4,Yenisei,REL_X+9,2026-01-10,2026-01-20,360,9
1561,Sprint 1 - Mississippi - Release X+9,1,5,Mississippi,REL_X+9,2025-05-05,2025-05-15,400,10
1562,Sprint 2 - Mississippi - Release X+9,2,5,Mississippi,REL_X+9,2025-05-15,2025-05-25,400,10
1563,Sprint 3 - Mississippi - Release X+9,3,5,Mississippi,REL_X+9,2025-05-25,2025-06-04,400,10
1564,Sprint 4 - Mississippi - Release X+9,4,5,Mississippi,REL_X+9,2025-06-04,2025-06-14,400,10
1565,Sprint 5 - Mississippi - Release X+9,5,5,Mississippi,REL_X+9,2025-06-14,2025-06-24,400,10
1566,Sprint 6 - Mississippi - Release X+9,6,5,Mississippi,REL_X+9,2025-06-24,2025-07-04,400,10
1567,Sprint 7 - Mississippi - Release X+9,7,5,Mississippi,REL_X+9,2025-07-04,2025-07-14,400,10
1568,Sprint 8 - Mississippi - Release X+9,8,5,Mississippi,REL_X+9,2025-07-14,2025-07-24,400,10
1569,Sprint 9 - Mississippi - Release X+9,9,5,Mississippi,REL_X+9,2025-07-24,2025-08-03,400,10
1570,Sprint 10 - Mississippi - Release X+9,10,5,Mississippi,REL_X+9,2025-08-03,2025-08-13,400,10
1571,Sprint 11 - Mississippi - Release X+9,11,5,Mississippi,REL_X+9,2025-08-13,2025-08-23,400,10
1572,Sprint 12 - Mississippi - Release X+9,12,5,Mississippi,REL_X+9,2025-08-23,2025-09-02,400,10
1573,Sprint 13 - Mississippi - Release X+9,13,5,Mississippi,REL_X+9,2025-09-02,2025-09-12,400,10
1574,Sprint 14 - Mississippi - Release X+9,14,5,Mississippi,REL_X+9,2025-09-12,2025-09-22,400,10
1575,Sprint 15 - Mississippi - Release X+9,15,5,Mississippi,REL_X+9,2025-09-22,2025-10-02,400,10
1576,Sprint 16 - Mississippi - Release X+9,16,5,Mississippi,REL_X+9,2025-10-02,2025-10-12,400,10
1577,Sprint 17 - Mississippi - Release X+9,17,5,Mississippi,REL_X+9,2025-10-12,2025-10-22,400,10
1578,Sprint 18 - Mississippi - Release X+9,18,5,Mississippi,REL_X+9,2025-10-22,2025-11-01,400,10
1579,Sprint 19 - Mississippi - Release X+9,19,5,Mississippi,REL_X+9,2025-11-01,2025-11-11,400,10
1580,Sprint 20 - Mississippi - Release X+9,20,5,Mississippi,REL_X+9,2025-11-11,2025-11-21,400,10
1581,Sprint 21 - Mississippi - Release X+9,21,5,Mississippi,REL_X+9,2025-11-21,2025-12-01,400,10
1582,Sprint 22 - Mississippi - Release X+9,22,5,Mississippi,REL_X+9,2025-12-01,2025-12-11,400,10
1583,Sprint 23 - Mississippi - Release X+9,23,5,Mississippi,REL_X+9,2025-12-11,2025-12-21,400,10
1584,Sprint 24 - Mississippi - Release X+9,24,5,Mississippi,REL_X+9,2025-12-21,2025-12-31,400,10
1585,Sprint 25 - Mississippi - Release X+9,25,5,Mississippi,REL_X+9,2025-12-31,2026-01-10,400,10
1586,Sprint 26 - Mississippi - Release X+9,26,5,Mississippi,REL_X+9,2026-01-10,2026-01-20,400,10
1587,Sprint 1 - Waikato - Release X+9,1,6,Waikato,REL_X+9,2025-05-05,2025-05-15,120,3
1588,Sprint 2 - Waikato - Release X+9,2,6,Waikato,REL_X+9,2025-05-15,2025-05-25,120,3
1589,Sprint 3 - Waikato - Release X+9,3,6,Waikato,REL_X+9,2025-05-25,2025-06-04,120,3
1590,Sprint 4 - Waikato - Release X+9,4,6,Waikato,REL_X+9,2025-06-04,2025-06-14,120,3
1591,Sprint 5 - Waikato - Release X+9,5,6,Waikato,REL_X+9,2025-06-14,2025-06-24,120,3
1592,Sprint 6 - Waikato - Release X+9,6,6,Waikato,REL_X+9,2025-06-24,2025-07-04,120,3
1593,Sprint 7 - Waikato - Release X+9,7,6,Waikato,REL_X+9,2025-07-04,2025-07-14,120,3
1594,Sprint 8 - Waikato - Release X+9,8,6,Waikato,REL_X+9,2025-07-14,2025-07-24,120,3
1595,Sprint 9 - Waikato - Release X+9,9,6,Waikato,REL_X+9,2025-07-24,2025-08-03,120,3
1596,Sprint 10 - Waikato - Release X+9,10,6,Waikato,REL_X+9,2025-08-03,2025-08-13,120,3
1597,Sprint 11 - Waikato - Release X+9,11,6,Waikato,REL_X+9,2025-08-13,2025-08-23,120,3
1598,Sprint 12 - Waikato - Release X+9,12,6,Waikato,REL_X+9,2025-08-23,2025-09-02,120,3
1599,Sprint 13 - Waikato - Release X+9,13,6,Waikato,REL_X+9,2025-09-02,2025-09-12,120,3
1600,Sprint 14 - Waikato - Release X+9,14,6,Waikato,REL_X+9,2025-09-12,2025-09-22,120,3
1601,Sprint 15 - Waikato - Release X+9,15,6,Waikato,REL_X+9,2025-09-22,2025-10-02,120,3
1602,Sprint 16 - Waikato - Release X+9,16,6,Waikato,REL_X+9,2025-10-02,2025-10-12,120,3
1603,Sprint 17 - Waikato - Release X+9,17,6,Waikato,REL_X+9,2025-10-12,2025-10-22,120,3
1604,Sprint 18 - Waikato - Release X+9,18,6,Waikato,REL_X+9,2025-10-22,2025-11-01,120,3
1605,Sprint 19 - Waikato - Release X+9,19,6,Waikato,REL_X+9,2025-11-01,2025-11-11,120,3
1606,Sprint 20 - Waikato - Release X+9,20,6,Waikato,REL_X+9,2025-11-11,2025-11-21,120,3
1607,Sprint 21 - Waikato - Release X+9,21,6,Waikato,REL_X+9,2025-11-21,2025-12-01,120,3
1608,Sprint 22 - Waikato - Release X+9,22,6,Waikato,REL_X+9,2025-12-01,2025-12-11,120,3
1609,Sprint 23 - Waikato - Release X+9,23,6,Waikato,REL_X+9,2025-12-11,2025-12-21,120,3
1610,Sprint 24 - Waikato - Release X+9,24,6,Waikato,REL_X+9,2025-12-21,2025-12-31,120,3
1611,Sprint 25 - Waikato - Release X+9,25,6,Waikato,REL_X+9,2025-12-31,2026-01-10,120,3
1612,Sprint 26 - Waikato - Release X+9,26,6,Waikato,REL_X+9,2026-01-10,2026-01-20,120,3
1613,Sprint 1 - Ganga - Release X+9,1,7,Ganga,REL_X+9,2025-05-05,2025-05-15,200,5
1614,Sprint 2 - Ganga - Release X+9,2,7,Ganga,REL_X+9,2025-05-15,2025-05-25,200,5
1615,Sprint 3 - Ganga - Release X+9,3,7,Ganga,REL_X+9,2025-05-25,2025-06-04,200,5
1616,Sprint 4 - Ganga - Release X+9,4,7,Ganga,REL_X+9,2025-06-04,2025-06-14,200,5
1617,Sprint 5 - Ganga - Release X+9,5,7,Ganga,REL_X+9,2025-06-14,2025-06-24,200,5
1618,Sprint 6 - Ganga - Release X+9,6,7,Ganga,REL_X+9,2025-06-24,2025-07-04,200,5
1619,Sprint 7 - Ganga - Release X+9,7,7,Ganga,REL_X+9,2025-07-04,2025-07-14,200,5
1620,Sprint 8 - Ganga - Release X+9,8,7,Ganga,REL_X+9,2025-07-14,2025-07-24,200,5
1621,Sprint 9 - Ganga - Release X+9,9,7,Ganga,REL_X+9,2025-07-24,2025-08-03,200,5
1622,Sprint 10 - Ganga - Release X+9,10,7,Ganga,REL_X+9,2025-08-03,2025-08-13,200,5
1623,Sprint 11 - Ganga - Release X+9,11,7,Ganga,REL_X+9,2025-08-13,2025-08-23,200,5
1624,Sprint 12 - Ganga - Release X+9,12,7,Ganga,REL_X+9,2025-08-23,2025-09-02,200,5
1625,Sprint 13 - Ganga - Release X+9,13,7,Ganga,REL_X+9,2025-09-02,2025-09-12,200,5
1626,Sprint 14 - Ganga - Release X+9,14,7,Ganga,REL_X+9,2025-09-12,2025-09-22,200,5
1627,Sprint 15 - Ganga - Release X+9,15,7,Ganga,REL_X+9,2025-09-22,2025-10-02,200,5
1628,Sprint 16 - Ganga - Release X+9,16,7,Ganga,REL_X+9,2025-10-02,2025-10-12,200,5
1629,Sprint 17 - Ganga - Release X+9,17,7,Ganga,REL_X+9,2025-10-12,2025-10-22,200,5
1630,Sprint 18 - Ganga - Release X+9,18,7,Ganga,REL_X+9,2025-10-22,2025-11-01,200,5
1631,Sprint 19 - Ganga - Release X+9,19,7,Ganga,REL_X+9,2025-11-01,2025-11-11,200,5
1632,Sprint 20 - Ganga - Release X+9,20,7,Ganga,REL_X+9,2025-11-11,2025-11-21,200,5
1633,Sprint 21 - Ganga - Release X+9,21,7,Ganga,REL_X+9,2025-11-21,2025-12-01,200,5
1634,Sprint 22 - Ganga - Release X+9,22,7,Ganga,REL_X+9,2025-12-01,2025-12-11,200,5
1635,Sprint 23 - Ganga - Release X+9,23,7,Ganga,REL_X+9,2025-12-11,2025-12-21,200,5
1636,Sprint 24 - Ganga - Release X+9,24,7,Ganga,REL_X+9,2025-12-21,2025-12-31,200,5
1637,Sprint 25 - Ganga - Release X+9,25,7,Ganga,REL_X+9,2025-12-31,2026-01-10,200,5
1638,Sprint 26 - Ganga - Release X+9,26,7,Ganga,REL_X+9,2026-01-10,2026-01-20,200,5
1639,Sprint 1 - Congo - Release X+9,1,8,Congo,REL_X+9,2025-05-05,2025-05-15,160,4
1640,Sprint 2 - Congo - Release X+9,2,8,Congo,REL_X+9,2025-05-15,2025-05-25,160,4
1641,Sprint 3 - Congo - Release X+9,3,8,Congo,REL_X+9,2025-05-25,2025-06-04,160,4
1642,Sprint 4 - Congo - Release X+9,4,8,Congo,REL_X+9,2025-06-04,2025-06-14,160,4
1643,Sprint 5 - Congo - Release X+9,5,8,Congo,REL_X+9,2025-06-14,2025-06-24,160,4
1644,Sprint 6 - Congo - Release X+9,6,8,Congo,REL_X+9,2025-06-24,2025-07-04,160,4
1645,Sprint 7 - Congo - Release X+9,7,8,Congo,REL_X+9,2025-07-04,2025-07-14,160,4
1646,Sprint 8 - Congo - Release X+9,8,8,Congo,REL_X+9,2025-07-14,2025-07-24,160,4
1647,Sprint 9 - Congo - Release X+9,9,8,Congo,REL_X+9,2025-07-24,2025-08-03,160,4
1648,Sprint 10 - Congo - Release X+9,10,8,Congo,REL_X+9,2025-08-03,2025-08-13,160,4
1649,Sprint 11 - Congo - Release X+9,11,8,Congo,REL_X+9,2025-08-13,2025-08-23,160,4
1650,Sprint 12 - Congo - Release X+9,12,8,Congo,REL_X+9,2025-08-23,2025-09-02,160,4
1651,Sprint 13 - Congo - Release X+9,13,8,Congo,REL_X+9,2025-09-02,2025-09-12,160,4
1652,Sprint 14 - Congo - Release X+9,14,8,Congo,REL_X+9,2025-09-12,2025-09-22,160,4
1653,Sprint 15 - Congo - Release X+9,15,8,Congo,REL_X+9,2025-09-22,2025-10-02,160,4
1654,Sprint 16 - Congo - Release X+9,16,8,Congo,REL_X+9,2025-10-02,2025-10-12,160,4
1655,Sprint 17 - Congo - Release X+9,17,8,Congo,REL_X+9,2025-10-12,2025-10-22,160,4
1656,Sprint 18 - Congo - Release X+9,18,8,Congo,REL_X+9,2025-10-22,2025-11-01,160,4
1657,Sprint 19 - Congo - Release X+9,19,8,Congo,REL_X+9,2025-11-01,2025-11-11,160,4
1658,Sprint 20 - Congo - Release X+9,20,8,Congo,REL_X+9,2025-11-11,2025-11-21,160,4
1659,Sprint 21 - Congo - Release X+9,21,8,Congo,REL_X+9,2025-11-21,2025-12-01,160,4
1660,Sprint 22 - Congo - Release X+9,22,8,Congo,REL_X+9,2025-12-01,2025-12-11,160,4
1661,Sprint 23 - Congo - Release X+9,23,8,Congo,REL_X+9,2025-12-11,2025-12-21,160,4
1662,Sprint 24 - Congo - Release X+9,24,8,Congo,REL_X+9,2025-12-21,2025-12-31,160,4
1663,Sprint 25 - Congo - Release X+9,25,8,Congo,REL_X+9,2025-12-31,2026-01-10,160,4
1664,Sprint 26 - Congo - Release X+9,26,8,Congo,REL_X+9,2026-01-10,2026-01-20,160,4
1665,Sprint 1 - Amazon - Release X+10,1,1,Amazon,REL_X+10,2025-07-14,2025-07-24,240,6
1666,Sprint 2 - Amazon - Release X+10,2,1,Amazon,REL_X+10,2025-07-24,2025-08-03,240,6
1667,Sprint 3 - Amazon - Release X+10,3,1,Amazon,REL_X+10,2025-08-03,2025-08-13,240,6
1668,Sprint 4 - Amazon - Release X+10,4,1,Amazon,REL_X+10,2025-08-13,2025-08-23,240,6
1669,Sprint 5 - Amazon - Release X+10,5,1,Amazon,REL_X+10,2025-08-23,2025-09-02,240,6
1670,Sprint 6 - Amazon - Release X+10,6,1,Amazon,REL_X+10,2025-09-02,2025-09-12,240,6
1671,Sprint 7 - Amazon - Release X+10,7,1,Amazon,REL_X+10,2025-09-12,2025-09-22,240,6
1672,Sprint 8 - Amazon - Release X+10,8,1,Amazon,REL_X+10,2025-09-22,2025-10-02,240,6
1673,Sprint 9 - Amazon - Release X+10,9,1,Amazon,REL_X+10,2025-10-02,2025-10-12,240,6
1674,Sprint 10 - Amazon - Release X+10,10,1,Amazon,REL_X+10,2025-10-12,2025-10-22,240,6
1675,Sprint 11 - Amazon - Release X+10,11,1,Amazon,REL_X+10,2025-10-22,2025-11-01,240,6
1676,Sprint 12 - Amazon - Release X+10,12,1,Amazon,REL_X+10,2025-11-01,2025-11-11,240,6
1677,Sprint 13 - Amazon - Release X+10,13,1,Amazon,REL_X+10,2025-11-11,2025-11-21,240,6
1678,Sprint 14 - Amazon - Release X+10,14,1,Amazon,REL_X+10,2025-11-21,2025-12-01,240,6
1679,Sprint 15 - Amazon - Release X+10,15,1,Amazon,REL_X+10,2025-12-01,2025-12-11,240,6
1680,Sprint 16 - Amazon - Release X+10,16,1,Amazon,REL_X+10,2025-12-11,2025-12-21,240,6
1681,Sprint 17 - Amazon - Release X+10,17,1,Amazon,REL_X+10,2025-12-21,2025-12-31,240,6
1682,Sprint 18 - Amazon - Release X+10,18,1,Amazon,REL_X+10,2025-12-31,2026-01-10,240,6
1683,Sprint 19 - Amazon - Release X+10,19,1,Amazon,REL_X+10,2026-01-10,2026-01-20,240,6
1684,Sprint 20 - Amazon - Release X+10,20,1,Amazon,REL_X+10,2026-01-20,2026-01-30,240,6
1685,Sprint 21 - Amazon - Release X+10,21,1,Amazon,REL_X+10,2026-01-30,2026-02-09,240,6
1686,Sprint 22 - Amazon - Release X+10,22,1,Amazon,REL_X+10,2026-02-09,2026-02-19,240,6
1687,Sprint 23 - Amazon - Release X+10,23,1,Amazon,REL_X+10,2026-02-19,2026-03-01,240,6
1688,Sprint 24 - Amazon - Release X+10,24,1,Amazon,REL_X+10,2026-03-01,2026-03-11,240,6
1689,Sprint 25 - Amazon - Release X+10,25,1,Amazon,REL_X+10,2026-03-11,2026-03-21,240,6
1690,Sprint 26 - Amazon - Release X+10,26,1,Amazon,REL_X+10,2026-03-21,2026-03-31,240,6
1691,Sprint 1 - Nile - Release X+10,1,2,Nile,REL_X+10,2025-07-14,2025-07-24,280,7
1692,Sprint 2 - Nile - Release X+10,2,2,Nile,REL_X+10,2025-07-24,2025-08-03,280,7
1693,Sprint 3 - Nile - Release X+10,3,2,Nile,REL_X+10,2025-08-03,2025-08-13,280,7
1694,Sprint 4 - Nile - Release X+10,4,2,Nile,REL_X+10,2025-08-13,2025-08-23,280,7
1695,Sprint 5 - Nile - Release X+10,5,2,Nile,REL_X+10,2025-08-23,2025-09-02,280,7
1696,Sprint 6 - Nile - Release X+10,6,2,Nile,REL_X+10,2025-09-02,2025-09-12,280,7
1697,Sprint 7 - Nile - Release X+10,7,2,Nile,REL_X+10,2025-09-12,2025-09-22,280,7
1698,Sprint 8 - Nile - Release X+10,8,2,Nile,REL_X+10,2025-09-22,2025-10-02,280,7
1699,Sprint 9 - Nile - Release X+10,9,2,Nile,REL_X+10,2025-10-02,2025-10-12,280,7
1700,Sprint 10 - Nile - Release X+10,10,2,Nile,REL_X+10,2025-10-12,2025-10-22,280,7
1701,Sprint 11 - Nile - Release X+10,11,2,Nile,REL_X+10,2025-10-22,2025-11-01,280,7
1702,Sprint 12 - Nile - Release X+10,12,2,Nile,REL_X+10,2025-11-01,2025-11-11,280,7
1703,Sprint 13 - Nile - Release X+10,13,2,Nile,REL_X+10,2025-11-11,2025-11-21,280,7
1704,Sprint 14 - Nile - Release X+10,14,2,Nile,REL_X+10,2025-11-21,2025-12-01,280,7
1705,Sprint 15 - Nile - Release X+10,15,2,Nile,REL_X+10,2025-12-01,2025-12-11,280,7
1706,Sprint 16 - Nile - Release X+10,16,2,Nile,REL_X+10,2025-12-11,2025-12-21,280,7
1707,Sprint 17 - Nile - Release X+10,17,2,Nile,REL_X+10,2025-12-21,2025-12-31,280,7
1708,Sprint 18 - Nile - Release X+10,18,2,Nile,REL_X+10,2025-12-31,2026-01-10,280,7
1709,Sprint 19 - Nile - Release X+10,19,2,Nile,REL_X+10,2026-01-10,2026-01-20,280,7
1710,Sprint 20 - Nile - Release X+10,20,2,Nile,REL_X+10,2026-01-20,2026-01-30,280,7
1711,Sprint 21 - Nile - Release X+10,21,2,Nile,REL_X+10,2026-01-30,2026-02-09,280,7
1712,Sprint 22 - Nile - Release X+10,22,2,Nile,REL_X+10,2026-02-09,2026-02-19,280,7
1713,Sprint 23 - Nile - Release X+10,23,2,Nile,REL_X+10,2026-02-19,2026-03-01,280,7
1714,Sprint 24 - Nile - Release X+10,24,2,Nile,REL_X+10,2026-03-01,2026-03-11,280,7
1715,Sprint 25 - Nile - Release X+10,25,2,Nile,REL_X+10,2026-03-11,2026-03-21,280,7
1716,Sprint 26 - Nile - Release X+10,26,2,Nile,REL_X+10,2026-03-21,2026-03-31,280,7
1717,Sprint 1 - Yangtze - Release X+10,1,3,Yangtze,REL_X+10,2025-07-14,2025-07-24,320,8
1718,Sprint 2 - Yangtze - Release X+10,2,3,Yangtze,REL_X+10,2025-07-24,2025-08-03,320,8
1719,Sprint 3 - Yangtze - Release X+10,3,3,Yangtze,REL_X+10,2025-08-03,2025-08-13,320,8
1720,Sprint 4 - Yangtze - Release X+10,4,3,Yangtze,REL_X+10,2025-08-13,2025-08-23,320,8
1721,Sprint 5 - Yangtze - Release X+10,5,3,Yangtze,REL_X+10,2025-08-23,2025-09-02,320,8
1722,Sprint 6 - Yangtze - Release X+10,6,3,Yangtze,REL_X+10,2025-09-02,2025-09-12,320,8
1723,Sprint 7 - Yangtze - Release X+10,7,3,Yangtze,REL_X+10,2025-09-12,2025-09-22,320,8
1724,Sprint 8 - Yangtze - Release X+10,8,3,Yangtze,REL_X+10,2025-09-22,2025-10-02,320,8
1725,Sprint 9 - Yangtze - Release X+10,9,3,Yangtze,REL_X+10,2025-10-02,2025-10-12,320,8
1726,Sprint 10 - Yangtze - Release X+10,10,3,Yangtze,REL_X+10,2025-10-12,2025-10-22,320,8
1727,Sprint 11 - Yangtze - Release X+10,11,3,Yangtze,REL_X+10,2025-10-22,2025-11-01,320,8
1728,Sprint 12 - Yangtze - Release X+10,12,3,Yangtze,REL_X+10,2025-11-01,2025-11-11,320,8
1729,Sprint 13 - Yangtze - Release X+10,13,3,Yangtze,REL_X+10,2025-11-11,2025-11-21,320,8
1730,Sprint 14 - Yangtze - Release X+10,14,3,Yangtze,REL_X+10,2025-11-21,2025-12-01,320,8
1731,Sprint 15 - Yangtze - Release X+10,15,3,Yangtze,REL_X+10,2025-12-01,2025-12-11,320,8
1732,Sprint 16 - Yangtze - Release X+10,16,3,Yangtze,REL_X+10,2025-12-11,2025-12-21,320,8
1733,Sprint 17 - Yangtze - Release X+10,17,3,Yangtze,REL_X+10,2025-12-21,2025-12-31,320,8
1734,Sprint 18 - Yangtze - Release X+10,18,3,Yangtze,REL_X+10,2025-12-31,2026-01-10,320,8
1735,Sprint 19 - Yangtze - Release X+10,19,3,Yangtze,REL_X+10,2026-01-10,2026-01-20,320,8
1736,Sprint 20 - Yangtze - Release X+10,20,3,Yangtze,REL_X+10,2026-01-20,2026-01-30,320,8
1737,Sprint 21 - Yangtze - Release X+10,21,3,Yangtze,REL_X+10,2026-01-30,2026-02-09,320,8
1738,Sprint 22 - Yangtze - Release X+10,22,3,Yangtze,REL_X+10,2026-02-09,2026-02-19,320,8
1739,Sprint 23 - Yangtze - Release X+10,23,3,Yangtze,REL_X+10,2026-02-19,2026-03-01,320,8
1740,Sprint 24 - Yangtze - Release X+10,24,3,Yangtze,REL_X+10,2026-03-01,2026-03-11,320,8
1741,Sprint 25 - Yangtze - Release X+10,25,3,Yangtze,REL_X+10,2026-03-11,2026-03-21,320,8
1742,Sprint 26 - Yangtze - Release X+10,26,3,Yangtze,REL_X+10,2026-03-21,2026-03-31,320,8
1743,Sprint 1 - Yenisei - Release X+10,1,4,Yenisei,REL_X+10,2025-07-14,2025-07-24,360,9
1744,Sprint 2 - Yenisei - Release X+10,2,4,Yenisei,REL_X+10,2025-07-24,2025-08-03,360,9
1745,Sprint 3 - Yenisei - Release X+10,3,4,Yenisei,REL_X+10,2025-08-03,2025-08-13,360,9
1746,Sprint 4 - Yenisei - Release X+10,4,4,Yenisei,REL_X+10,2025-08-13,2025-08-23,360,9
1747,Sprint 5 - Yenisei - Release X+10,5,4,Yenisei,REL_X+10,2025-08-23,2025-09-02,360,9
1748,Sprint 6 - Yenisei - Release X+10,6,4,Yenisei,REL_X+10,2025-09-02,2025-09-12,360,9
1749,Sprint 7 - Yenisei - Release X+10,7,4,Yenisei,REL_X+10,2025-09-12,2025-09-22,360,9
1750,Sprint 8 - Yenisei - Release X+10,8,4,Yenisei,REL_X+10,2025-09-22,2025-10-02,360,9
1751,Sprint 9 - Yenisei - Release X+10,9,4,Yenisei,REL_X+10,2025-10-02,2025-10-12,360,9
1752,Sprint 10 - Yenisei - Release X+10,10,4,Yenisei,REL_X+10,2025-10-12,2025-10-22,360,9
1753,Sprint 11 - Yenisei - Release X+10,11,4,Yenisei,REL_X+10,2025-10-22,2025-11-01,360,9
1754,Sprint 12 - Yenisei - Release X+10,12,4,Yenisei,REL_X+10,2025-11-01,2025-11-11,360,9
1755,Sprint 13 - Yenisei - Release X+10,13,4,Yenisei,REL_X+10,2025-11-11,2025-11-21,360,9
1756,Sprint 14 - Yenisei - Release X+10,14,4,Yenisei,REL_X+10,2025-11-21,2025-12-01,360,9
1757,Sprint 15 - Yenisei - Release X+10,15,4,Yenisei,REL_X+10,2025-12-01,2025-12-11,360,9
1758,Sprint 16 - Yenisei - Release X+10,16,4,Yenisei,REL_X+10,2025-12-11,2025-12-21,360,9
1759,Sprint 17 - Yenisei - Release X+10,17,4,Yenisei,REL_X+10,2025-12-21,2025-12-31,360,9
1760,Sprint 18 - Yenisei - Release X+10,18,4,Yenisei,REL_X+10,2025-12-31,2026-01-10,360,9
1761,Sprint 19 - Yenisei - Release X+10,19,4,Yenisei,REL_X+10,2026-01-10,2026-01-20,360,9
1762,Sprint 20 - Yenisei - Release X+10,20,4,Yenisei,REL_X+10,2026-01-20,2026-01-30,360,9
1763,Sprint 21 - Yenisei - Release X+10,21,4,Yenisei,REL_X+10,2026-01-30,2026-02-09,360,9
1764,Sprint 22 - Yenisei - Release X+10,22,4,Yenisei,REL_X+10,2026-02-09,2026-02-19,360,9
1765,Sprint 23 - Yenisei - Release X+10,23,4,Yenisei,REL_X+10,2026-02-19,2026-03-01,360,9
1766,Sprint 24 - Yenisei - Release X+10,24,4,Yenisei,REL_X+10,2026-03-01,2026-03-11,360,9
1767,Sprint 25 - Yenisei - Release X+10,25,4,Yenisei,REL_X+10,2026-03-11,2026-03-21,360,9
1768,Sprint 26 - Yenisei - Release X+10,26,4,Yenisei,REL_X+10,2026-03-21,2026-03-31,360,9
1769,Sprint 1 - Mississippi - Release X+10,1,5,Mississippi,REL_X+10,2025-07-14,2025-07-24,400,10
1770,Sprint 2 - Mississippi - Release X+10,2,5,Mississippi,REL_X+10,2025-07-24,2025-08-03,400,10
1771,Sprint 3 - Mississippi - Release X+10,3,5,Mississippi,REL_X+10,2025-08-03,2025-08-13,400,10
1772,Sprint 4 - Mississippi - Release X+10,4,5,Mississippi,REL_X+10,2025-08-13,2025-08-23,400,10
1773,Sprint 5 - Mississippi - Release X+10,5,5,Mississippi,REL_X+10,2025-08-23,2025-09-02,400,10
1774,Sprint 6 - Mississippi - Release X+10,6,5,Mississippi,REL_X+10,2025-09-02,2025-09-12,400,10
1775,Sprint 7 - Mississippi - Release X+10,7,5,Mississippi,REL_X+10,2025-09-12,2025-09-22,400,10
1776,Sprint 8 - Mississippi - Release X+10,8,5,Mississippi,REL_X+10,2025-09-22,2025-10-02,400,10
1777,Sprint 9 - Mississippi - Release X+10,9,5,Mississippi,REL_X+10,2025-10-02,2025-10-12,400,10
1778,Sprint 10 - Mississippi - Release X+10,10,5,Mississippi,REL_X+10,2025-10-12,2025-10-22,400,10
1779,Sprint 11 - Mississippi - Release X+10,11,5,Mississippi,REL_X+10,2025-10-22,2025-11-01,400,10
1780,Sprint 12 - Mississippi - Release X+10,12,5,Mississippi,REL_X+10,2025-11-01,2025-11-11,400,10
1781,Sprint 13 - Mississippi - Release X+10,13,5,Mississippi,REL_X+10,2025-11-11,2025-11-21,400,10
1782,Sprint 14 - Mississippi - Release X+10,14,5,Mississippi,REL_X+10,2025-11-21,2025-12-01,400,10
1783,Sprint 15 - Mississippi - Release X+10,15,5,Mississippi,REL_X+10,2025-12-01,2025-12-11,400,10
1784,Sprint 16 - Mississippi - Release X+10,16,5,Mississippi,REL_X+10,2025-12-11,2025-12-21,400,10
1785,Sprint 17 - Mississippi - Release X+10,17,5,Mississippi,REL_X+10,2025-12-21,2025-12-31,400,10
1786,Sprint 18 - Mississippi - Release X+10,18,5,Mississippi,REL_X+10,2025-12-31,2026-01-10,400,10
1787,Sprint 19 - Mississippi - Release X+10,19,5,Mississippi,REL_X+10,2026-01-10,2026-01-20,400,10
1788,Sprint 20 - Mississippi - Release X+10,20,5,Mississippi,REL_X+10,2026-01-20,2026-01-30,400,10
1789,Sprint 21 - Mississippi - Release X+10,21,5,Mississippi,REL_X+10,2026-01-30,2026-02-09,400,10
1790,Sprint 22 - Mississippi - Release X+10,22,5,Mississippi,REL_X+10,2026-02-09,2026-02-19,400,10
1791,Sprint 23 - Mississippi - Release X+10,23,5,Mississippi,REL_X+10,2026-02-19,2026-03-01,400,10
1792,Sprint 24 - Mississippi - Release X+10,24,5,Mississippi,REL_X+10,2026-03-01,2026-03-11,400,10
1793,Sprint 25 - Mississippi - Release X+10,25,5,Mississippi,REL_X+10,2026-03-11,2026-03-21,400,10
1794,Sprint 26 - Mississippi - Release X+10,26,5,Mississippi,REL_X+10,2026-03-21,2026-03-31,400,10
1795,Sprint 1 - Waikato - Release X+10,1,6,Waikato,REL_X+10,2025-07-14,2025-07-24,120,3
1796,Sprint 2 - Waikato - Release X+10,2,6,Waikato,REL_X+10,2025-07-24,2025-08-03,120,3
1797,Sprint 3 - Waikato - Release X+10,3,6,Waikato,REL_X+10,2025-08-03,2025-08-13,120,3
1798,Sprint 4 - Waikato - Release X+10,4,6,Waikato,REL_X+10,2025-08-13,2025-08-23,120,3
1799,Sprint 5 - Waikato - Release X+10,5,6,Waikato,REL_X+10,2025-08-23,2025-09-02,120,3
1800,Sprint 6 - Waikato - Release X+10,6,6,Waikato,REL_X+10,2025-09-02,2025-09-12,120,3
1801,Sprint 7 - Waikato - Release X+10,7,6,Waikato,REL_X+10,2025-09-12,2025-09-22,120,3
1802,Sprint 8 - Waikato - Release X+10,8,6,Waikato,REL_X+10,2025-09-22,2025-10-02,120,3
1803,Sprint 9 - Waikato - Release X+10,9,6,Waikato,REL_X+10,2025-10-02,2025-10-12,120,3
1804,Sprint 10 - Waikato - Release X+10,10,6,Waikato,REL_X+10,2025-10-12,2025-10-22,120,3
1805,Sprint 11 - Waikato - Release X+10,11,6,Waikato,REL_X+10,2025-10-22,2025-11-01,120,3
1806,Sprint 12 - Waikato - Release X+10,12,6,Waikato,REL_X+10,2025-11-01,2025-11-11,120,3
1807,Sprint 13 - Waikato - Release X+10,13,6,Waikato,REL_X+10,2025-11-11,2025-11-21,120,3
1808,Sprint 14 - Waikato - Release X+10,14,6,Waikato,REL_X+10,2025-11-21,2025-12-01,120,3
1809,Sprint 15 - Waikato - Release X+10,15,6,Waikato,REL_X+10,2025-12-01,2025-12-11,120,3
1810,Sprint 16 - Waikato - Release X+10,16,6,Waikato,REL_X+10,2025-12-11,2025-12-21,120,3
1811,Sprint 17 - Waikato - Release X+10,17,6,Waikato,REL_X+10,2025-12-21,2025-12-31,120,3
1812,Sprint 18 - Waikato - Release X+10,18,6,Waikato,REL_X+10,2025-12-31,2026-01-10,120,3
1813,Sprint 19 - Waikato - Release X+10,19,6,Waikato,REL_X+10,2026-01-10,2026-01-20,120,3
1814,Sprint 20 - Waikato - Release X+10,20,6,Waikato,REL_X+10,2026-01-20,2026-01-30,120,3
1815,Sprint 21 - Waikato - Release X+10,21,6,Waikato,REL_X+10,2026-01-30,2026-02-09,120,3
1816,Sprint 22 - Waikato - Release X+10,22,6,Waikato,REL_X+10,2026-02-09,2026-02-19,120,3
1817,Sprint 23 - Waikato - Release X+10,23,6,Waikato,REL_X+10,2026-02-19,2026-03-01,120,3
1818,Sprint 24 - Waikato - Release X+10,24,6,Waikato,REL_X+10,2026-03-01,2026-03-11,120,3
1819,Sprint 25 - Waikato - Release X+10,25,6,Waikato,REL_X+10,2026-03-11,2026-03-21,120,3
1820,Sprint 26 - Waikato - Release X+10,26,6,Waikato,REL_X+10,2026-03-21,2026-03-31,120,3
1821,Sprint 1 - Ganga - Release X+10,1,7,Ganga,REL_X+10,2025-07-14,2025-07-24,200,5
1822,Sprint 2 - Ganga - Release X+10,2,7,Ganga,REL_X+10,2025-07-24,2025-08-03,200,5
1823,Sprint 3 - Ganga - Release X+10,3,7,Ganga,REL_X+10,2025-08-03,2025-08-13,200,5
1824,Sprint 4 - Ganga - Release X+10,4,7,Ganga,REL_X+10,2025-08-13,2025-08-23,200,5
1825,Sprint 5 - Ganga - Release X+10,5,7,Ganga,REL_X+10,2025-08-23,2025-09-02,200,5
1826,Sprint 6 - Ganga - Release X+10,6,7,Ganga,REL_X+10,2025-09-02,2025-09-12,200,5
1827,Sprint 7 - Ganga - Release X+10,7,7,Ganga,REL_X+10,2025-09-12,2025-09-22,200,5
1828,Sprint 8 - Ganga - Release X+10,8,7,Ganga,REL_X+10,2025-09-22,2025-10-02,200,5
1829,Sprint 9 - Ganga - Release X+10,9,7,Ganga,REL_X+10,2025-10-02,2025-10-12,200,5
1830,Sprint 10 - Ganga - Release X+10,10,7,Ganga,REL_X+10,2025-10-12,2025-10-22,200,5
1831,Sprint 11 - Ganga - Release X+10,11,7,Ganga,REL_X+10,2025-10-22,2025-11-01,200,5
1832,Sprint 12 - Ganga - Release X+10,12,7,Ganga,REL_X+10,2025-11-01,2025-11-11,200,5
1833,Sprint 13 - Ganga - Release X+10,13,7,Ganga,REL_X+10,2025-11-11,2025-11-21,200,5
1834,Sprint 14 - Ganga - Release X+10,14,7,Ganga,REL_X+10,2025-11-21,2025-12-01,200,5
1835,Sprint 15 - Ganga - Release X+10,15,7,Ganga,REL_X+10,2025-12-01,2025-12-11,200,5
1836,Sprint 16 - Ganga - Release X+10,16,7,Ganga,REL_X+10,2025-12-11,2025-12-21,200,5
1837,Sprint 17 - Ganga - Release X+10,17,7,Ganga,REL_X+10,2025-12-21,2025-12-31,200,5
1838,Sprint 18 - Ganga - Release X+10,18,7,Ganga,REL_X+10,2025-12-31,2026-01-10,200,5
1839,Sprint 19 - Ganga - Release X+10,19,7,Ganga,REL_X+10,2026-01-10,2026-01-20,200,5
1840,Sprint 20 - Ganga - Release X+10,20,7,Ganga,REL_X+10,2026-01-20,2026-01-30,200,5
1841,Sprint 21 - Ganga - Release X+10,21,7,Ganga,REL_X+10,2026-01-30,2026-02-09,200,5
1842,Sprint 22 - Ganga - Release X+10,22,7,Ganga,REL_X+10,2026-02-09,2026-02-19,200,5
1843,Sprint 23 - Ganga - Release X+10,23,7,Ganga,REL_X+10,2026-02-19,2026-03-01,200,5
1844,Sprint 24 - Ganga - Release X+10,24,7,Ganga,REL_X+10,2026-03-01,2026-03-11,200,5
1845,Sprint 25 - Ganga - Release X+10,25,7,Ganga,REL_X+10,2026-03-11,2026-03-21,200,5
1846,Sprint 26 - Ganga - Release X+10,26,7,Ganga,REL_X+10,2026-03-21,2026-03-31,200,5
1847,Sprint 1 - Congo - Release X+10,1,8,Congo,REL_X+10,2025-07-14,2025-07-24,160,4
1848,Sprint 2 - Congo - Release X+10,2,8,Congo,REL_X+10,2025-07-24,2025-08-03,160,4
1849,Sprint 3 - Congo - Release X+10,3,8,Congo,REL_X+10,2025-08-03,2025-08-13,160,4
1850,Sprint 4 - Congo - Release X+10,4,8,Congo,REL_X+10,2025-08-13,2025-08-23,160,4
1851,Sprint 5 - Congo - Release X+10,5,8,Congo,REL_X+10,2025-08-23,2025-09-02,160,4
1852,Sprint 6 - Congo - Release X+10,6,8,Congo,REL_X+10,2025-09-02,2025-09-12,160,4
1853,Sprint 7 - Congo - Release X+10,7,8,Congo,REL_X+10,2025-09-12,2025-09-22,160,4
1854,Sprint 8 - Congo - Release X+10,8,8,Congo,REL_X+10,2025-09-22,2025-10-02,160,4
1855,Sprint 9 - Congo - Release X+10,9,8,Congo,REL_X+10,2025-10-02,2025-10-12,160,4
1856,Sprint 10 - Congo - Release X+10,10,8,Congo,REL_X+10,2025-10-12,2025-10-22,160,4
1857,Sprint 11 - Congo - Release X+10,11,8,Congo,REL_X+10,2025-10-22,2025-11-01,160,4
1858,Sprint 12 - Congo - Release X+10,12,8,Congo,REL_X+10,2025-11-01,2025-11-11,160,4
1859,Sprint 13 - Congo - Release X+10,13,8,Congo,REL_X+10,2025-11-11,2025-11-21,160,4
1860,Sprint 14 - Congo - Release X+10,14,8,Congo,REL_X+10,2025-11-21,2025-12-01,160,4
1861,Sprint 15 - Congo - Release X+10,15,8,Congo,REL_X+10,2025-12-01,2025-12-11,160,4
1862,Sprint 16 - Congo - Release X+10,16,8,Congo,REL_X+10,2025-12-11,2025-12-21,160,4
1863,Sprint 17 - Congo - Release X+10,17,8,Congo,REL_X+10,2025-12-21,2025-12-31,160,4
1864,Sprint 18 - Congo - Release X+10,18,8,Congo,REL_X+10,2025-12-31,2026-01-10,160,4
1865,Sprint 19 - Congo - Release X+10,19,8,Congo,REL_X+10,2026-01-10,2026-01-20,160,4
1866,Sprint 20 - Congo - Release X+10,20,8,Congo,REL_X+10,2026-01-20,2026-01-30,160,4
1867,Sprint 21 - Congo - Release X+10,21,8,Congo,REL_X+10,2026-01-30,2026-02-09,160,4
1868,Sprint 22 - Congo - Release X+10,22,8,Congo,REL_X+10,2026-02-09,2026-02-19,160,4
1869,Sprint 23 - Congo - Release X+10,23,8,Congo,REL_X+10,2026-02-19,2026-03-01,160,4
1870,Sprint 24 - Congo - Release X+10,24,8,Congo,REL_X+10,2026-03-01,2026-03-11,160,4
1871,Sprint 25 - Congo - Release X+10,25,8,Congo,REL_X+10,2026-03-11,2026-03-21,160,4
1872,Sprint 26 - Congo - Release X+10,26,8,Congo,REL_X+10,2026-03-21,2026-03-31,160,4
