work_item_id,level,name,story_points,parent_id,release_id,priority,status,sprint_id,team_id,platform,original_estimate_hours,rework_hours,actual_hours
1,Epic,Accounts,55,,REL_X+2,High,In Progress,,,,,,
2,Feature,Payment Gateway,34,1.0,REL_X+2,High,Closed,,,,,,
3,Business Story,Payment Callback,9,2.0,REL_X+2,High,To Do,,,,,,
4,User Story,Display Card Screen,5,3.0,REL_X+2,High,Done,,,,,,
5,Task,QA Android,2,4.0,REL_X+2,High,Blocked,1233.0,8.0,QA,11.0,2.0,13.0
6,Business Story,Password Reset,10,2.0,REL_X+2,High,In Progress,,,,,,
7,User Story,Error Handling,7,6.0,REL_X+2,High,To Do,,,,,,
8,Task,iOS UI implementation,1,7.0,REL_X+2,High,In Review,1555.0,4.0,iOS,4.0,0.0,4.0
9,Task,iOS development task 1,1,7.0,REL_X+2,High,In Review,1555.0,4.0,iOS,3.0,0.0,3.0
10,User Story,Transaction history,5,6.0,REL_X+2,High,To Do,,,,,,
11,Task,iOS development task 1,3,10.0,REL_X+2,High,Done,1495.0,2.0,iOS,15.0,0.0,15.0
12,Task,Android development task -1,3,10.0,REL_X+2,High,Done,1495.0,2.0,Android,18.0,2.0,20.0
13,Task,QA Android,2,10.0,REL_X+2,High,In Review,1495.0,2.0,QA,6.0,0.0,6.0
14,Task,Environment setup,3,10.0,REL_X+2,High,In Review,1495.0,2.0,DevOps,10.0,1.0,11.0
15,Feature,Cards,34,1.0,REL_X+2,High,Blocked,,,,,,
16,Business Story,Update Card,13,15.0,REL_X+2,High,In Progress,,,,,,
17,User Story,Transaction history,5,16.0,REL_X+2,High,In Progress,,,,,,
18,Task,Backend API development,1,17.0,REL_X+2,High,To Do,335.0,5.0,Backend,4.0,0.0,4.0
19,Task,Back end development task -1,3,17.0,REL_X+2,High,In Review,335.0,5.0,Backend,14.0,1.0,15.0
20,Task,Environment setup,1,17.0,REL_X+2,High,Closed,335.0,5.0,DevOps,5.0,0.0,5.0
21,Task,QA Testing,1,17.0,REL_X+2,High,In Review,335.0,5.0,QA,6.0,0.0,6.0
22,User Story,Display Card Screen,4,16.0,REL_X+2,High,Closed,,,,,,
23,Task,iOS development task 1,2,22.0,REL_X+2,High,In Review,1150.0,5.0,iOS,9.0,1.0,10.0
24,Task,Back end development task -1,3,22.0,REL_X+2,High,Blocked,1150.0,5.0,Backend,11.0,2.0,13.0
25,Task,Environment setup,2,22.0,REL_X+2,High,In Progress,1150.0,5.0,DevOps,12.0,0.0,12.0
26,Task,QA iOS,2,22.0,REL_X+2,High,Blocked,1150.0,5.0,QA,9.0,0.0,9.0
27,Task,Backend API development,2,22.0,REL_X+2,High,Done,1150.0,5.0,Backend,9.0,1.0,10.0
28,User Story,Make a transfer,7,16.0,REL_X+2,High,To Do,,,,,,
29,Task,iOS development task 1,2,28.0,REL_X+2,High,In Review,1394.0,6.0,iOS,8.0,0.0,8.0
30,Business Story,Email Verification,10,15.0,REL_X+2,High,Blocked,,,,,,
31,User Story,Payment Form,3,30.0,REL_X+2,High,Closed,,,,,,
32,Task,QA iOS,2,31.0,REL_X+2,High,Closed,1794.0,5.0,QA,6.0,1.0,7.0
33,Task,QA Android,1,31.0,REL_X+2,High,Done,1794.0,5.0,QA,4.0,0.0,4.0
34,Task,QA iOS,1,31.0,REL_X+2,High,In Review,1794.0,5.0,QA,3.0,0.0,3.0
35,Business Story,Payment Validation,9,15.0,REL_X+2,High,In Progress,,,,,,
36,User Story,Review transfer,7,35.0,REL_X+2,High,To Do,,,,,,
37,Task,Environment setup,3,36.0,REL_X+2,High,In Progress,176.0,7.0,DevOps,17.0,1.0,18.0
38,Task,QA Testing,3,36.0,REL_X+2,High,Done,176.0,7.0,QA,11.0,1.0,12.0
39,Task,iOS UI implementation,3,36.0,REL_X+2,High,Closed,176.0,7.0,iOS,17.0,1.0,18.0
40,Task,Android development task -1,1,36.0,REL_X+2,High,Done,176.0,7.0,Android,5.0,1.0,6.0
41,Epic,Reporting,55,,REL_X+3,Medium,In Progress,,,,,,
42,Feature,Audit Logs,21,41.0,REL_X+3,Medium,Done,,,,,,
43,Business Story,Payment Callback,9,42.0,REL_X+3,Medium,To Do,,,,,,
44,User Story,Display Card Menu,5,43.0,REL_X+3,Medium,To Do,,,,,,
45,Task,Environment setup,2,44.0,REL_X+3,Medium,In Progress,1761.0,4.0,DevOps,8.0,1.0,9.0
46,Task,Android development task -1,2,44.0,REL_X+3,Medium,Blocked,1761.0,4.0,Android,10.0,2.0,12.0
47,Task,Back end development task -1,2,44.0,REL_X+3,Medium,In Progress,1761.0,4.0,Backend,12.0,1.0,13.0
48,Business Story,View Cards,12,42.0,REL_X+3,Medium,To Do,,,,,,
49,User Story,Verify Email,5,48.0,REL_X+3,Medium,Blocked,,,,,,
50,Task,iOS development task 1,1,49.0,REL_X+3,Medium,In Progress,957.0,5.0,iOS,5.0,0.0,5.0
51,Feature,User Registration,34,41.0,REL_X+3,Medium,In Progress,,,,,,
52,Business Story,Payment Validation,9,51.0,REL_X+3,Medium,In Progress,,,,,,
53,User Story,Make a transfer,5,52.0,REL_X+3,Medium,To Do,,,,,,
54,Task,iOS development task 1,1,53.0,REL_X+3,Medium,In Progress,908.0,3.0,iOS,3.0,0.0,3.0
55,Task,QA iOS,1,53.0,REL_X+3,Medium,Blocked,908.0,3.0,QA,6.0,0.0,6.0
56,Task,Back end development task -2,1,53.0,REL_X+3,Medium,In Review,908.0,3.0,Backend,3.0,0.0,3.0
57,Task,Android UI implementation,1,53.0,REL_X+3,Medium,In Progress,908.0,3.0,Android,6.0,0.0,6.0
58,Task,Android development task -1,1,53.0,REL_X+3,Medium,Closed,908.0,3.0,Android,3.0,0.0,3.0
59,User Story,Transaction history,5,52.0,REL_X+3,Medium,To Do,,,,,,
60,Task,QA iOS,1,59.0,REL_X+3,Medium,To Do,1197.0,7.0,QA,3.0,0.0,3.0
61,Task,Environment setup,2,59.0,REL_X+3,Medium,To Do,1197.0,7.0,DevOps,7.0,1.0,8.0
62,Task,Back end development task -1,2,59.0,REL_X+3,Medium,Blocked,1197.0,7.0,Backend,6.0,0.0,6.0
63,Task,QA iOS,3,59.0,REL_X+3,Medium,Closed,1197.0,7.0,QA,12.0,2.0,14.0
64,Business Story,Process Payment,9,51.0,REL_X+3,Medium,In Review,,,,,,
65,User Story,Transaction history,5,64.0,REL_X+3,Medium,Closed,,,,,,
66,Task,Android UI implementation,1,65.0,REL_X+3,Medium,Blocked,1322.0,3.0,Android,3.0,0.0,3.0
67,Task,iOS development task 1,1,65.0,REL_X+3,Medium,In Progress,1322.0,3.0,iOS,4.0,0.0,4.0
68,Task,QA Android,3,65.0,REL_X+3,Medium,In Review,1322.0,3.0,QA,12.0,1.0,13.0
69,Epic,Payments,55,,REL_X+9,High,Done,,,,,,
70,Feature,Email Service,21,69.0,REL_X+9,High,Closed,,,,,,
71,Business Story,Update Card,13,70.0,REL_X+9,High,To Do,,,,,,
72,User Story,Payment Confirmation,4,71.0,REL_X+9,High,In Review,,,,,,
73,Task,QA iOS,1,72.0,REL_X+9,High,In Review,1239.0,8.0,QA,5.0,1.0,6.0
74,Task,Back end development task -2,1,72.0,REL_X+9,High,To Do,1239.0,8.0,Backend,6.0,1.0,7.0
75,Business Story,Sign Up,11,70.0,REL_X+9,High,To Do,,,,,,
76,User Story,Make a transfer,4,75.0,REL_X+9,High,Blocked,,,,,,
77,Task,Back end development task -1,1,76.0,REL_X+9,High,In Review,1130.0,4.0,Backend,4.0,0.0,4.0
78,Task,Android development task -1,1,76.0,REL_X+9,High,In Review,1130.0,4.0,Android,3.0,0.0,3.0
79,Task,Back end development task -2,3,76.0,REL_X+9,High,In Progress,1130.0,4.0,Backend,12.0,2.0,14.0
80,Task,iOS development task 1,1,76.0,REL_X+9,High,In Progress,1130.0,4.0,iOS,6.0,0.0,6.0
81,User Story,Transaction history,7,75.0,REL_X+9,High,In Progress,,,,,,
82,Task,Back end development task -1,1,81.0,REL_X+9,High,Closed,1806.0,6.0,Backend,5.0,1.0,6.0
83,Task,Back end development task -1,1,81.0,REL_X+9,High,To Do,1806.0,6.0,Backend,3.0,0.0,3.0
84,Task,QA Testing,1,81.0,REL_X+9,High,In Review,1806.0,6.0,QA,6.0,1.0,7.0
85,Task,Back end development task -1,1,81.0,REL_X+9,High,In Review,1806.0,6.0,Backend,4.0,0.0,4.0
86,Feature,User Registration,34,69.0,REL_X+9,High,In Review,,,,,,
87,Business Story,Sign Up,11,86.0,REL_X+9,High,Closed,,,,,,
88,User Story,Verify Email,8,87.0,REL_X+9,High,To Do,,,,,,
89,Task,QA iOS,2,88.0,REL_X+9,High,To Do,1797.0,6.0,QA,8.0,0.0,8.0
90,Task,iOS UI implementation,1,88.0,REL_X+9,High,Done,1797.0,6.0,iOS,5.0,1.0,6.0
91,Task,iOS development task 1,1,88.0,REL_X+9,High,To Do,1797.0,6.0,iOS,4.0,0.0,4.0
92,User Story,Payment Confirmation,6,87.0,REL_X+9,High,To Do,,,,,,
93,Task,QA Android,1,92.0,REL_X+9,High,Done,1065.0,1.0,QA,3.0,0.0,3.0
94,Task,QA iOS,2,92.0,REL_X+9,High,Done,1065.0,1.0,QA,6.0,1.0,7.0
95,Task,Android development task -1,2,92.0,REL_X+9,High,Closed,1065.0,1.0,Android,8.0,1.0,9.0
96,Task,Android development task -1,2,92.0,REL_X+9,High,Closed,1065.0,1.0,Android,7.0,1.0,8.0
97,Task,Backend API development,2,92.0,REL_X+9,High,Blocked,1065.0,1.0,Backend,7.0,1.0,8.0
98,User Story,Send email,5,87.0,REL_X+9,High,To Do,,,,,,
99,Task,QA Android,1,98.0,REL_X+9,High,Blocked,623.0,8.0,QA,5.0,1.0,6.0
100,Task,Android UI implementation,2,98.0,REL_X+9,High,Closed,623.0,8.0,Android,10.0,1.0,11.0
101,Task,QA iOS,2,98.0,REL_X+9,High,To Do,623.0,8.0,QA,8.0,1.0,9.0
102,Business Story,Email Verification,10,86.0,REL_X+9,High,In Progress,,,,,,
103,User Story,Transaction history,4,102.0,REL_X+9,High,To Do,,,,,,
104,Task,Environment setup,1,103.0,REL_X+9,High,Blocked,502.0,4.0,DevOps,4.0,0.0,4.0
105,Task,Backend API development,1,103.0,REL_X+9,High,Blocked,502.0,4.0,Backend,3.0,0.0,3.0
106,Task,Back end development task -1,1,103.0,REL_X+9,High,Done,502.0,4.0,Backend,6.0,0.0,6.0
107,Task,Back end development task -1,3,103.0,REL_X+9,High,In Progress,502.0,4.0,Backend,10.0,1.0,11.0
108,User Story,Review transfer,7,102.0,REL_X+9,High,Closed,,,,,,
109,Task,QA iOS,3,108.0,REL_X+9,High,Done,1088.0,2.0,QA,16.0,3.0,19.0
110,Task,Android UI implementation,3,108.0,REL_X+9,High,In Review,1088.0,2.0,Android,16.0,3.0,19.0
111,Task,Back end development task -1,3,108.0,REL_X+9,High,Blocked,1088.0,2.0,Backend,13.0,2.0,15.0
112,Task,Back end development task -1,1,108.0,REL_X+9,High,In Progress,1088.0,2.0,Backend,3.0,0.0,3.0
113,Task,iOS development task 1,1,108.0,REL_X+9,High,In Progress,1088.0,2.0,iOS,3.0,0.0,3.0
114,User Story,Payment Confirmation,5,102.0,REL_X+9,High,Closed,,,,,,
115,Task,Environment setup,1,114.0,REL_X+9,High,Blocked,313.0,5.0,DevOps,5.0,1.0,6.0
116,Task,Back end development task -2,1,114.0,REL_X+9,High,Done,313.0,5.0,Backend,6.0,1.0,7.0
117,Feature,Push Notifications,21,69.0,REL_X+9,High,Closed,,,,,,
118,Business Story,Payment Callback,9,117.0,REL_X+9,High,Blocked,,,,,,
119,User Story,Send email,5,118.0,REL_X+9,High,Blocked,,,,,,
120,Task,Back end development task -1,1,119.0,REL_X+9,High,Blocked,1748.0,4.0,Backend,5.0,1.0,6.0
121,Task,Back end development task -1,1,119.0,REL_X+9,High,Blocked,1748.0,4.0,Backend,6.0,0.0,6.0
122,Task,Android development task -1,3,119.0,REL_X+9,High,Blocked,1748.0,4.0,Android,17.0,0.0,17.0
123,Task,Back end development task -1,1,119.0,REL_X+9,High,Blocked,1748.0,4.0,Backend,6.0,0.0,6.0
124,Business Story,Password Reset,10,117.0,REL_X+9,High,In Progress,,,,,,
125,User Story,Transaction history,5,124.0,REL_X+9,High,In Progress,,,,,,
126,Task,QA iOS,2,125.0,REL_X+9,High,Blocked,932.0,4.0,QA,9.0,1.0,10.0
127,Task,iOS development task 1,3,125.0,REL_X+9,High,Closed,932.0,4.0,iOS,16.0,0.0,16.0
128,Task,Back end development task -2,3,125.0,REL_X+9,High,Closed,932.0,4.0,Backend,14.0,0.0,14.0
129,Feature,Authorization,34,69.0,REL_X+9,High,To Do,,,,,,
130,Business Story,Add Card,13,129.0,REL_X+9,High,In Progress,,,,,,
131,User Story,Error Handling,4,130.0,REL_X+9,High,In Progress,,,,,,
132,Task,QA Android,1,131.0,REL_X+9,High,In Progress,970.0,6.0,QA,5.0,1.0,6.0
133,Business Story,View Cards,12,129.0,REL_X+9,High,Done,,,,,,
134,User Story,Display Card Screen,4,133.0,REL_X+9,High,To Do,,,,,,
135,Task,Backend API development,1,134.0,REL_X+9,High,Done,639.0,1.0,Backend,4.0,0.0,4.0
136,Task,Back end development task -1,1,134.0,REL_X+9,High,Done,639.0,1.0,Backend,5.0,0.0,5.0
137,Task,Back end development task -2,1,134.0,REL_X+9,High,To Do,639.0,1.0,Backend,6.0,1.0,7.0
138,Task,QA iOS,1,134.0,REL_X+9,High,To Do,639.0,1.0,QA,6.0,1.0,7.0
139,Task,iOS UI implementation,3,134.0,REL_X+9,High,Blocked,639.0,1.0,iOS,16.0,1.0,17.0
140,User Story,Make a transfer,4,133.0,REL_X+9,High,Done,,,,,,
141,Task,QA Testing,1,140.0,REL_X+9,High,In Progress,1333.0,4.0,QA,5.0,1.0,6.0
142,Task,Environment setup,1,140.0,REL_X+9,High,Blocked,1333.0,4.0,DevOps,6.0,0.0,6.0
143,Task,Backend API development,1,140.0,REL_X+9,High,In Progress,1333.0,4.0,Backend,6.0,1.0,7.0
144,User Story,Transaction history,5,133.0,REL_X+9,High,In Review,,,,,,
145,Task,QA iOS,1,144.0,REL_X+9,High,Done,1634.0,7.0,QA,5.0,0.0,5.0
146,Task,QA Android,1,144.0,REL_X+9,High,Done,1634.0,7.0,QA,6.0,1.0,7.0
147,Task,Back end development task -1,2,144.0,REL_X+9,High,Blocked,1634.0,7.0,Backend,11.0,2.0,13.0
148,Epic,Reporting,55,,REL_X+2,Low,In Review,,,,,,
149,Feature,Dashboard,34,148.0,REL_X+2,Low,In Review,,,,,,
150,Business Story,Process Payment,9,149.0,REL_X+2,Low,Blocked,,,,,,
151,User Story,Payment Confirmation,6,150.0,REL_X+2,Low,In Review,,,,,,
152,Task,Back end development task -1,1,151.0,REL_X+2,Low,To Do,628.0,1.0,Backend,4.0,0.0,4.0
153,Task,QA iOS,1,151.0,REL_X+2,Low,Closed,628.0,1.0,QA,6.0,1.0,7.0
154,Task,Android development task -1,3,151.0,REL_X+2,Low,In Progress,628.0,1.0,Android,12.0,1.0,13.0
155,User Story,Send email,5,150.0,REL_X+2,Low,In Review,,,,,,
156,Task,Android development task -1,1,155.0,REL_X+2,Low,Closed,29.0,2.0,Android,3.0,0.0,3.0
157,Task,Android development task -1,2,155.0,REL_X+2,Low,To Do,29.0,2.0,Android,12.0,1.0,13.0
158,Task,Back end development task -1,2,155.0,REL_X+2,Low,Blocked,29.0,2.0,Backend,9.0,1.0,10.0
159,Task,QA iOS,1,155.0,REL_X+2,Low,Blocked,29.0,2.0,QA,3.0,0.0,3.0
160,Task,iOS development task 1,3,155.0,REL_X+2,Low,To Do,29.0,2.0,iOS,15.0,3.0,18.0
161,User Story,Error Handling,5,150.0,REL_X+2,Low,Closed,,,,,,
162,Task,Android development task -1,3,161.0,REL_X+2,Low,In Progress,110.0,5.0,Android,13.0,0.0,13.0
163,Task,iOS development task 1,2,161.0,REL_X+2,Low,Done,110.0,5.0,iOS,9.0,0.0,9.0
164,Business Story,Payment Validation,9,149.0,REL_X+2,Low,Blocked,,,,,,
165,User Story,Payment Form,7,164.0,REL_X+2,Low,Blocked,,,,,,
166,Task,Back end development task -2,2,165.0,REL_X+2,Low,In Progress,626.0,1.0,Backend,11.0,0.0,11.0
167,Task,QA Android,1,165.0,REL_X+2,Low,In Progress,626.0,1.0,QA,3.0,0.0,3.0
168,Task,QA iOS,2,165.0,REL_X+2,Low,Blocked,626.0,1.0,QA,7.0,0.0,7.0
169,Task,Android UI implementation,2,165.0,REL_X+2,Low,To Do,626.0,1.0,Android,9.0,1.0,10.0
170,Task,Back end development task -1,1,165.0,REL_X+2,Low,To Do,626.0,1.0,Backend,5.0,1.0,6.0
171,User Story,Transaction history,5,164.0,REL_X+2,Low,In Review,,,,,,
172,Task,QA Android,1,171.0,REL_X+2,Low,In Review,1614.0,7.0,QA,4.0,0.0,4.0
173,Task,Android development task -1,1,171.0,REL_X+2,Low,Done,1614.0,7.0,Android,4.0,0.0,4.0
174,Task,Android development task -1,1,171.0,REL_X+2,Low,Closed,1614.0,7.0,Android,6.0,1.0,7.0
175,Task,Backend API development,3,171.0,REL_X+2,Low,Blocked,1614.0,7.0,Backend,17.0,3.0,20.0
176,Task,Environment setup,2,171.0,REL_X+2,Low,Done,1614.0,7.0,DevOps,9.0,1.0,10.0
177,Business Story,Email Verification,10,149.0,REL_X+2,Low,In Review,,,,,,
178,User Story,Display Card Screen,5,177.0,REL_X+2,Low,Closed,,,,,,
179,Task,Back end development task -1,3,178.0,REL_X+2,Low,To Do,1713.0,2.0,Backend,13.0,2.0,15.0
180,Task,QA iOS,1,178.0,REL_X+2,Low,In Progress,1713.0,2.0,QA,6.0,1.0,7.0
181,Task,iOS UI implementation,2,178.0,REL_X+2,Low,Blocked,1713.0,2.0,iOS,9.0,0.0,9.0
182,Task,QA Android,1,178.0,REL_X+2,Low,In Progress,1713.0,2.0,QA,5.0,0.0,5.0
183,Task,QA iOS,1,178.0,REL_X+2,Low,Closed,1713.0,2.0,QA,6.0,1.0,7.0
184,Feature,Recurring Billing,21,148.0,REL_X+2,Low,Blocked,,,,,,
185,Business Story,Process Payment,9,184.0,REL_X+2,Low,In Review,,,,,,
186,User Story,Send email,8,185.0,REL_X+2,Low,Blocked,,,,,,
187,Task,Back end development task -1,2,186.0,REL_X+2,Low,Blocked,1772.0,5.0,Backend,10.0,1.0,11.0
188,Task,Back end development task -2,1,186.0,REL_X+2,Low,Closed,1772.0,5.0,Backend,5.0,1.0,6.0
189,Task,Android UI implementation,2,186.0,REL_X+2,Low,Done,1772.0,5.0,Android,7.0,1.0,8.0
190,Task,Android development task -1,3,186.0,REL_X+2,Low,To Do,1772.0,5.0,Android,16.0,3.0,19.0
191,Task,Back end development task -1,3,186.0,REL_X+2,Low,Closed,1772.0,5.0,Backend,18.0,1.0,19.0
192,User Story,Display Card Screen,4,185.0,REL_X+2,Low,Done,,,,,,
193,Task,iOS UI implementation,1,192.0,REL_X+2,Low,To Do,29.0,2.0,iOS,3.0,0.0,3.0
194,Task,Android development task -1,1,192.0,REL_X+2,Low,Blocked,29.0,2.0,Android,5.0,1.0,6.0
195,Task,QA Testing,3,192.0,REL_X+2,Low,Done,29.0,2.0,QA,12.0,1.0,13.0
196,Task,Android development task -1,1,192.0,REL_X+2,Low,In Review,29.0,2.0,Android,4.0,0.0,4.0
197,Task,iOS UI implementation,1,192.0,REL_X+2,Low,In Review,29.0,2.0,iOS,5.0,0.0,5.0
198,Business Story,Remove Card,13,184.0,REL_X+2,Low,Closed,,,,,,
199,User Story,Error Handling,7,198.0,REL_X+2,Low,Blocked,,,,,,
200,Task,QA Android,1,199.0,REL_X+2,Low,In Review,1104.0,3.0,QA,6.0,1.0,7.0
201,Task,QA Android,3,199.0,REL_X+2,Low,Blocked,1104.0,3.0,QA,12.0,2.0,14.0
202,Task,Back end development task -1,3,199.0,REL_X+2,Low,In Review,1104.0,3.0,Backend,15.0,0.0,15.0
203,Task,QA Testing,2,199.0,REL_X+2,Low,Blocked,1104.0,3.0,QA,12.0,1.0,13.0
204,User Story,Payment Form,8,198.0,REL_X+2,Low,Closed,,,,,,
205,Task,Back end development task -2,1,204.0,REL_X+2,Low,Blocked,312.0,4.0,Backend,5.0,0.0,5.0
206,Task,iOS development task 1,2,204.0,REL_X+2,Low,Closed,312.0,4.0,iOS,9.0,0.0,9.0
207,Task,Android development task -1,1,204.0,REL_X+2,Low,Blocked,312.0,4.0,Android,4.0,0.0,4.0
208,Task,iOS development task 1,1,204.0,REL_X+2,Low,In Review,312.0,4.0,iOS,6.0,0.0,6.0
209,Epic,Notifications,55,,REL_X+8,High,Closed,,,,,,
210,Feature,Scheduled Reports,21,209.0,REL_X+8,High,In Progress,,,,,,
211,Business Story,View Cards,12,210.0,REL_X+8,High,To Do,,,,,,
212,User Story,Display Card Screen,5,211.0,REL_X+8,High,To Do,,,,,,
213,Task,Back end development task -2,1,212.0,REL_X+8,High,In Progress,95.0,4.0,Backend,5.0,1.0,6.0
214,Task,Back end development task -1,2,212.0,REL_X+8,High,In Progress,95.0,4.0,Backend,10.0,2.0,12.0
215,Task,QA iOS,1,212.0,REL_X+8,High,Blocked,95.0,4.0,QA,6.0,0.0,6.0
216,User Story,Payment Form,8,211.0,REL_X+8,High,In Progress,,,,,,
217,Task,iOS development task 1,1,216.0,REL_X+8,High,In Review,476.0,3.0,iOS,3.0,0.0,3.0
218,Task,QA iOS,1,216.0,REL_X+8,High,Closed,476.0,3.0,QA,5.0,1.0,6.0
219,Task,iOS UI implementation,2,216.0,REL_X+8,High,In Progress,476.0,3.0,iOS,9.0,1.0,10.0
220,Task,Backend API development,3,216.0,REL_X+8,High,Blocked,476.0,3.0,Backend,10.0,0.0,10.0
221,User Story,Make a transfer,5,211.0,REL_X+8,High,Done,,,,,,
222,Task,Back end development task -1,3,221.0,REL_X+8,High,To Do,606.0,8.0,Backend,15.0,2.0,17.0
223,Task,Back end development task -2,3,221.0,REL_X+8,High,In Progress,606.0,8.0,Backend,16.0,2.0,18.0
224,Task,QA Android,1,221.0,REL_X+8,High,Closed,606.0,8.0,QA,4.0,0.0,4.0
225,Business Story,Remove Card,13,210.0,REL_X+8,High,Closed,,,,,,
226,User Story,Make a transfer,5,225.0,REL_X+8,High,Blocked,,,,,,
227,Task,QA Android,2,226.0,REL_X+8,High,In Review,69.0,3.0,QA,6.0,1.0,7.0
228,Task,iOS UI implementation,1,226.0,REL_X+8,High,Done,69.0,3.0,iOS,4.0,0.0,4.0
229,Task,iOS development task 1,3,226.0,REL_X+8,High,In Review,69.0,3.0,iOS,13.0,1.0,14.0
230,Task,QA iOS,3,226.0,REL_X+8,High,In Progress,69.0,3.0,QA,16.0,0.0,16.0
231,Task,Back end development task -1,3,226.0,REL_X+8,High,To Do,69.0,3.0,Backend,15.0,2.0,17.0
232,User Story,Display Card Screen,6,225.0,REL_X+8,High,To Do,,,,,,
233,Task,iOS development task 1,1,232.0,REL_X+8,High,Closed,542.0,5.0,iOS,5.0,1.0,6.0
234,Task,QA Android,1,232.0,REL_X+8,High,To Do,542.0,5.0,QA,4.0,0.0,4.0
235,Task,QA iOS,3,232.0,REL_X+8,High,To Do,542.0,5.0,QA,12.0,2.0,14.0
236,Task,Android UI implementation,3,232.0,REL_X+8,High,Blocked,542.0,5.0,Android,13.0,2.0,15.0
237,Task,iOS development task 1,1,232.0,REL_X+8,High,Blocked,542.0,5.0,iOS,3.0,0.0,3.0
238,User Story,Display Card Menu,4,225.0,REL_X+8,High,In Progress,,,,,,
239,Task,Android development task -1,1,238.0,REL_X+8,High,Done,1818.0,6.0,Android,5.0,1.0,6.0
240,Task,Android development task -1,3,238.0,REL_X+8,High,Done,1818.0,6.0,Android,10.0,1.0,11.0
241,Task,iOS UI implementation,3,238.0,REL_X+8,High,Closed,1818.0,6.0,iOS,13.0,0.0,13.0
242,Task,QA Android,1,238.0,REL_X+8,High,In Review,1818.0,6.0,QA,6.0,0.0,6.0
243,Task,iOS development task 1,3,238.0,REL_X+8,High,Closed,1818.0,6.0,iOS,14.0,2.0,16.0
244,Business Story,Password Reset,10,210.0,REL_X+8,High,In Review,,,,,,
245,User Story,Verify Email,5,244.0,REL_X+8,High,To Do,,,,,,
246,Task,Environment setup,2,245.0,REL_X+8,High,Done,1737.0,3.0,DevOps,11.0,2.0,13.0
247,Task,Back end development task -1,1,245.0,REL_X+8,High,In Progress,1737.0,3.0,Backend,5.0,0.0,5.0
248,Task,QA Android,1,245.0,REL_X+8,High,In Progress,1737.0,3.0,QA,4.0,0.0,4.0
249,Task,QA iOS,2,245.0,REL_X+8,High,To Do,1737.0,3.0,QA,12.0,2.0,14.0
250,Feature,Push Notifications,21,209.0,REL_X+8,High,In Review,,,,,,
251,Business Story,Update Card,13,250.0,REL_X+8,High,In Review,,,,,,
252,User Story,Display Card Screen,5,251.0,REL_X+8,High,To Do,,,,,,
253,Task,QA Android,2,252.0,REL_X+8,High,To Do,270.0,3.0,QA,7.0,1.0,8.0
254,Business Story,Payment Validation,9,250.0,REL_X+8,High,In Progress,,,,,,
255,User Story,Display Card Menu,6,254.0,REL_X+8,High,Done,,,,,,
256,Task,QA Testing,1,255.0,REL_X+8,High,Blocked,233.0,1.0,QA,5.0,0.0,5.0
257,User Story,Make a transfer,5,254.0,REL_X+8,High,Done,,,,,,
258,Task,Android development task -1,1,257.0,REL_X+8,High,Blocked,89.0,4.0,Android,3.0,0.0,3.0
259,Task,Backend API development,1,257.0,REL_X+8,High,Closed,89.0,4.0,Backend,3.0,0.0,3.0
260,Task,Android UI implementation,1,257.0,REL_X+8,High,Done,89.0,4.0,Android,3.0,0.0,3.0
261,Task,Android development task -1,1,257.0,REL_X+8,High,Blocked,89.0,4.0,Android,5.0,1.0,6.0
262,Task,Android development task -1,1,257.0,REL_X+8,High,Closed,89.0,4.0,Android,6.0,0.0,6.0
263,Feature,User Profile,34,209.0,REL_X+8,High,To Do,,,,,,
264,Business Story,Password Reset,10,263.0,REL_X+8,High,In Progress,,,,,,
265,User Story,Send email,5,264.0,REL_X+8,High,Closed,,,,,,
266,Task,iOS UI implementation,1,265.0,REL_X+8,High,In Progress,195.0,8.0,iOS,5.0,1.0,6.0
267,Task,QA Testing,1,265.0,REL_X+8,High,Blocked,195.0,8.0,QA,3.0,0.0,3.0
268,Task,iOS development task 1,2,265.0,REL_X+8,High,Done,195.0,8.0,iOS,8.0,0.0,8.0
269,User Story,Payment Form,3,264.0,REL_X+8,High,Done,,,,,,
270,Task,iOS development task 1,1,269.0,REL_X+8,High,In Review,1151.0,5.0,iOS,6.0,0.0,6.0
271,Task,Android development task -1,1,269.0,REL_X+8,High,Closed,1151.0,5.0,Android,4.0,0.0,4.0
272,Task,QA Testing,1,269.0,REL_X+8,High,Done,1151.0,5.0,QA,3.0,0.0,3.0
273,Business Story,Process Payment,9,263.0,REL_X+8,High,In Review,,,,,,
274,User Story,Transaction history,5,273.0,REL_X+8,High,Blocked,,,,,,
275,Task,Back end development task -1,2,274.0,REL_X+8,High,In Review,1731.0,3.0,Backend,11.0,2.0,13.0
276,Task,Back end development task -1,1,274.0,REL_X+8,High,In Review,1731.0,3.0,Backend,5.0,1.0,6.0
277,Task,Back end development task -1,1,274.0,REL_X+8,High,To Do,1731.0,3.0,Backend,4.0,0.0,4.0
278,Task,Android development task -1,2,274.0,REL_X+8,High,Closed,1731.0,3.0,Android,6.0,0.0,6.0
279,Task,QA Android,1,274.0,REL_X+8,High,In Progress,1731.0,3.0,QA,6.0,1.0,7.0
280,Feature,Account Settings,21,209.0,REL_X+8,High,In Review,,,,,,
281,Business Story,Email Verification,10,280.0,REL_X+8,High,In Progress,,,,,,
282,User Story,Error Handling,3,281.0,REL_X+8,High,To Do,,,,,,
283,Task,iOS UI implementation,1,282.0,REL_X+8,High,In Review,558.0,6.0,iOS,6.0,1.0,7.0
284,Task,QA Android,2,282.0,REL_X+8,High,Blocked,558.0,6.0,QA,6.0,1.0,7.0
285,Task,iOS development task 1,1,282.0,REL_X+8,High,To Do,558.0,6.0,iOS,6.0,1.0,7.0
286,Task,Back end development task -1,1,282.0,REL_X+8,High,In Progress,558.0,6.0,Backend,3.0,0.0,3.0
287,Business Story,Remove Card,13,280.0,REL_X+8,High,In Review,,,,,,
288,User Story,Make a transfer,6,287.0,REL_X+8,High,In Review,,,,,,
289,Task,Back end development task -1,1,288.0,REL_X+8,High,In Progress,672.0,2.0,Backend,6.0,0.0,6.0
290,Business Story,Add Card,13,280.0,REL_X+8,High,Blocked,,,,,,
291,User Story,Review transfer,3,290.0,REL_X+8,High,Closed,,,,,,
292,Task,Back end development task -1,1,291.0,REL_X+8,High,Done,87.0,4.0,Backend,3.0,0.0,3.0
293,Task,iOS UI implementation,2,291.0,REL_X+8,High,Blocked,87.0,4.0,iOS,11.0,2.0,13.0
294,Task,Android development task -1,1,291.0,REL_X+8,High,In Progress,87.0,4.0,Android,3.0,0.0,3.0
295,Task,Android UI implementation,3,291.0,REL_X+8,High,Blocked,87.0,4.0,Android,14.0,0.0,14.0
296,User Story,Payment Confirmation,7,290.0,REL_X+8,High,In Progress,,,,,,
297,Task,Backend API development,2,296.0,REL_X+8,High,Closed,893.0,3.0,Backend,9.0,1.0,10.0
298,Task,QA iOS,1,296.0,REL_X+8,High,Done,893.0,3.0,QA,4.0,0.0,4.0
299,Task,iOS development task 1,2,296.0,REL_X+8,High,In Review,893.0,3.0,iOS,7.0,1.0,8.0
300,Task,Android development task -1,1,296.0,REL_X+8,High,In Progress,893.0,3.0,Android,4.0,0.0,4.0
301,Task,QA iOS,2,296.0,REL_X+8,High,To Do,893.0,3.0,QA,12.0,2.0,14.0
302,User Story,Send email,4,290.0,REL_X+8,High,Closed,,,,,,
303,Task,Android UI implementation,2,302.0,REL_X+8,High,Closed,1012.0,7.0,Android,10.0,2.0,12.0
304,Task,QA iOS,3,302.0,REL_X+8,High,Blocked,1012.0,7.0,QA,14.0,0.0,14.0
305,Task,Environment setup,1,302.0,REL_X+8,High,Done,1012.0,7.0,DevOps,5.0,1.0,6.0
306,Task,Back end development task -2,1,302.0,REL_X+8,High,Blocked,1012.0,7.0,Backend,3.0,0.0,3.0
307,Epic,Reporting,55,,REL_X+2,Low,In Review,,,,,,
308,Feature,Account Settings,21,307.0,REL_X+2,Low,Blocked,,,,,,
309,Business Story,Payment Callback,9,308.0,REL_X+2,Low,Blocked,,,,,,
310,User Story,Review transfer,5,309.0,REL_X+2,Low,To Do,,,,,,
311,Task,QA iOS,3,310.0,REL_X+2,Low,Closed,923.0,4.0,QA,10.0,2.0,12.0
312,User Story,Send email,4,309.0,REL_X+2,Low,In Progress,,,,,,
313,Task,Android UI implementation,2,312.0,REL_X+2,Low,In Review,1450.0,8.0,Android,10.0,0.0,10.0
314,Task,QA Android,3,312.0,REL_X+2,Low,In Review,1450.0,8.0,QA,15.0,3.0,18.0
315,Task,Back end development task -2,2,312.0,REL_X+2,Low,To Do,1450.0,8.0,Backend,11.0,1.0,12.0
316,Task,QA iOS,1,312.0,REL_X+2,Low,In Review,1450.0,8.0,QA,6.0,1.0,7.0
317,User Story,Payment Form,6,309.0,REL_X+2,Low,Closed,,,,,,
318,Task,Android development task -1,1,317.0,REL_X+2,Low,In Review,1857.0,8.0,Android,4.0,0.0,4.0
319,Task,Backend API development,1,317.0,REL_X+2,Low,Done,1857.0,8.0,Backend,3.0,0.0,3.0
320,Task,Backend API development,2,317.0,REL_X+2,Low,Closed,1857.0,8.0,Backend,8.0,0.0,8.0
321,Task,Environment setup,2,317.0,REL_X+2,Low,To Do,1857.0,8.0,DevOps,9.0,1.0,10.0
322,Task,QA Android,1,317.0,REL_X+2,Low,Blocked,1857.0,8.0,QA,4.0,0.0,4.0
323,Business Story,Payment Validation,9,308.0,REL_X+2,Low,In Progress,,,,,,
324,User Story,Make a transfer,4,323.0,REL_X+2,Low,In Review,,,,,,
325,Task,Back end development task -2,2,324.0,REL_X+2,Low,In Progress,1730.0,3.0,Backend,12.0,2.0,14.0
326,Business Story,Add Card,13,308.0,REL_X+2,Low,Done,,,,,,
327,User Story,Make a transfer,4,326.0,REL_X+2,Low,Closed,,,,,,
328,Task,QA iOS,2,327.0,REL_X+2,Low,In Review,1580.0,5.0,QA,6.0,1.0,7.0
329,Task,Back end development task -1,3,327.0,REL_X+2,Low,Closed,1580.0,5.0,Backend,18.0,2.0,20.0
330,Task,Android UI implementation,1,327.0,REL_X+2,Low,Blocked,1580.0,5.0,Android,4.0,0.0,4.0
331,Task,QA Android,1,327.0,REL_X+2,Low,In Review,1580.0,5.0,QA,6.0,1.0,7.0
332,Task,Backend API development,2,327.0,REL_X+2,Low,In Progress,1580.0,5.0,Backend,9.0,0.0,9.0
333,User Story,Error Handling,7,326.0,REL_X+2,Low,In Progress,,,,,,
334,Task,Back end development task -2,2,333.0,REL_X+2,Low,Done,1788.0,5.0,Backend,12.0,1.0,13.0
335,Task,iOS development task 1,2,333.0,REL_X+2,Low,In Review,1788.0,5.0,iOS,10.0,0.0,10.0
336,Task,Environment setup,2,333.0,REL_X+2,Low,Done,1788.0,5.0,DevOps,8.0,1.0,9.0
337,Feature,SMS Alerts,21,307.0,REL_X+2,Low,In Progress,,,,,,
338,Business Story,Remove Card,13,337.0,REL_X+2,Low,In Review,,,,,,
339,User Story,Verify Email,3,338.0,REL_X+2,Low,Done,,,,,,
340,Task,Backend API development,3,339.0,REL_X+2,Low,To Do,766.0,6.0,Backend,14.0,0.0,14.0
341,Task,QA iOS,3,339.0,REL_X+2,Low,In Progress,766.0,6.0,QA,14.0,0.0,14.0
342,Business Story,View Cards,12,337.0,REL_X+2,Low,To Do,,,,,,
343,User Story,Payment Form,6,342.0,REL_X+2,Low,Blocked,,,,,,
344,Task,Back end development task -1,3,343.0,REL_X+2,Low,In Progress,919.0,4.0,Backend,9.0,1.0,10.0
345,Task,Android development task -1,2,343.0,REL_X+2,Low,Done,919.0,4.0,Android,11.0,2.0,13.0
346,Task,iOS UI implementation,1,343.0,REL_X+2,Low,In Review,919.0,4.0,iOS,5.0,0.0,5.0
347,Task,iOS development task 1,1,343.0,REL_X+2,Low,To Do,919.0,4.0,iOS,6.0,1.0,7.0
348,Task,iOS development task 1,3,343.0,REL_X+2,Low,Closed,919.0,4.0,iOS,16.0,0.0,16.0
349,User Story,Make a transfer,5,342.0,REL_X+2,Low,In Progress,,,,,,
350,Task,Android development task -1,1,349.0,REL_X+2,Low,Done,1472.0,1.0,Android,5.0,0.0,5.0
351,Task,iOS UI implementation,1,349.0,REL_X+2,Low,To Do,1472.0,1.0,iOS,3.0,0.0,3.0
352,Business Story,Process Payment,9,337.0,REL_X+2,Low,Done,,,,,,
353,User Story,Payment Confirmation,5,352.0,REL_X+2,Low,Blocked,,,,,,
354,Task,QA Android,1,353.0,REL_X+2,Low,To Do,90.0,4.0,QA,3.0,0.0,3.0
355,Task,QA Android,1,353.0,REL_X+2,Low,In Progress,90.0,4.0,QA,3.0,0.0,3.0
356,Task,Back end development task -2,1,353.0,REL_X+2,Low,Closed,90.0,4.0,Backend,5.0,0.0,5.0
357,Task,Android UI implementation,3,353.0,REL_X+2,Low,In Progress,90.0,4.0,Android,16.0,1.0,17.0
358,User Story,Error Handling,3,352.0,REL_X+2,Low,Blocked,,,,,,
359,Task,QA Android,1,358.0,REL_X+2,Low,In Review,76.0,3.0,QA,4.0,0.0,4.0
360,Task,Android development task -1,2,358.0,REL_X+2,Low,Blocked,76.0,3.0,Android,12.0,2.0,14.0
361,Task,iOS development task 1,1,358.0,REL_X+2,Low,In Review,76.0,3.0,iOS,4.0,0.0,4.0
362,User Story,Display Card Menu,7,352.0,REL_X+2,Low,To Do,,,,,,
363,Task,iOS development task 1,1,362.0,REL_X+2,Low,Blocked,1774.0,5.0,iOS,5.0,1.0,6.0
364,Task,Android UI implementation,3,362.0,REL_X+2,Low,In Progress,1774.0,5.0,Android,15.0,2.0,17.0
365,Task,QA Testing,2,362.0,REL_X+2,Low,To Do,1774.0,5.0,QA,8.0,1.0,9.0
366,Feature,Email Service,21,307.0,REL_X+2,Low,Closed,,,,,,
367,Business Story,Remove Card,13,366.0,REL_X+2,Low,Done,,,,,,
368,User Story,Send email,3,367.0,REL_X+2,Low,Closed,,,,,,
369,Task,Android UI implementation,2,368.0,REL_X+2,Low,Closed,606.0,8.0,Android,9.0,0.0,9.0
370,Task,Android UI implementation,1,368.0,REL_X+2,Low,Done,606.0,8.0,Android,3.0,0.0,3.0
371,Task,iOS UI implementation,1,368.0,REL_X+2,Low,Closed,606.0,8.0,iOS,3.0,0.0,3.0
372,User Story,Display Card Screen,5,367.0,REL_X+2,Low,In Review,,,,,,
373,Task,Back end development task -1,1,372.0,REL_X+2,Low,In Progress,1051.0,1.0,Backend,6.0,0.0,6.0
374,Task,Environment setup,1,372.0,REL_X+2,Low,Blocked,1051.0,1.0,DevOps,5.0,1.0,6.0
375,Business Story,Password Reset,10,366.0,REL_X+2,Low,Done,,,,,,
376,User Story,Error Handling,4,375.0,REL_X+2,Low,Blocked,,,,,,
377,Task,Android UI implementation,2,376.0,REL_X+2,Low,Done,760.0,6.0,Android,10.0,0.0,10.0
378,Task,QA Android,1,376.0,REL_X+2,Low,To Do,760.0,6.0,QA,5.0,0.0,5.0
379,Task,Back end development task -1,2,376.0,REL_X+2,Low,Done,760.0,6.0,Backend,9.0,1.0,10.0
380,Business Story,Update Card,13,366.0,REL_X+2,Low,To Do,,,,,,
381,User Story,Transaction history,5,380.0,REL_X+2,Low,Done,,,,,,
382,Task,QA Android,1,381.0,REL_X+2,Low,In Progress,585.0,7.0,QA,3.0,0.0,3.0
383,Task,Android UI implementation,3,381.0,REL_X+2,Low,In Review,585.0,7.0,Android,14.0,2.0,16.0
384,Task,Environment setup,2,381.0,REL_X+2,Low,In Progress,585.0,7.0,DevOps,8.0,1.0,9.0
385,Task,QA iOS,2,381.0,REL_X+2,Low,To Do,585.0,7.0,QA,10.0,0.0,10.0
386,User Story,Payment Form,8,380.0,REL_X+2,Low,In Progress,,,,,,
387,Task,Back end development task -1,1,386.0,REL_X+2,Low,Done,485.0,3.0,Backend,5.0,1.0,6.0
388,Task,Android development task -1,2,386.0,REL_X+2,Low,In Review,485.0,3.0,Android,6.0,0.0,6.0
389,Task,Backend API development,3,386.0,REL_X+2,Low,Blocked,485.0,3.0,Backend,16.0,3.0,19.0
390,Task,Environment setup,1,386.0,REL_X+2,Low,Blocked,485.0,3.0,DevOps,5.0,0.0,5.0
391,Epic,Reporting,55,,REL_X+10,High,In Progress,,,,,,
392,Feature,In-App Messages,21,391.0,REL_X+10,High,Done,,,,,,
393,Business Story,Remove Card,13,392.0,REL_X+10,High,In Progress,,,,,,
394,User Story,Make a transfer,5,393.0,REL_X+10,High,Closed,,,,,,
395,Task,Android development task -1,3,394.0,REL_X+10,High,Closed,462.0,2.0,Android,13.0,0.0,13.0
396,Task,iOS development task 1,1,394.0,REL_X+10,High,Done,462.0,2.0,iOS,5.0,0.0,5.0
397,Task,QA iOS,2,394.0,REL_X+10,High,In Progress,462.0,2.0,QA,10.0,0.0,10.0
398,User Story,Error Handling,5,393.0,REL_X+10,High,Closed,,,,,,
399,Task,QA iOS,3,398.0,REL_X+10,High,To Do,1848.0,8.0,QA,18.0,0.0,18.0
400,Task,Environment setup,1,398.0,REL_X+10,High,Done,1848.0,8.0,DevOps,5.0,0.0,5.0
401,Task,iOS UI implementation,2,398.0,REL_X+10,High,Closed,1848.0,8.0,iOS,6.0,1.0,7.0
402,Task,Android development task -1,2,398.0,REL_X+10,High,In Progress,1848.0,8.0,Android,8.0,1.0,9.0
403,Task,Backend API development,1,398.0,REL_X+10,High,In Progress,1848.0,8.0,Backend,3.0,0.0,3.0
404,Business Story,Payment Validation,9,392.0,REL_X+10,High,Blocked,,,,,,
405,User Story,Payment Form,5,404.0,REL_X+10,High,Done,,,,,,
406,Task,QA iOS,2,405.0,REL_X+10,High,Blocked,295.0,4.0,QA,12.0,1.0,13.0
407,Task,Android development task -1,2,405.0,REL_X+10,High,To Do,295.0,4.0,Android,10.0,2.0,12.0
408,Task,QA iOS,1,405.0,REL_X+10,High,Blocked,295.0,4.0,QA,3.0,0.0,3.0
409,User Story,Error Handling,5,404.0,REL_X+10,High,To Do,,,,,,
410,Task,Backend API development,3,409.0,REL_X+10,High,In Progress,104.0,4.0,Backend,15.0,1.0,16.0
411,Task,QA iOS,3,409.0,REL_X+10,High,In Progress,104.0,4.0,QA,14.0,0.0,14.0
412,Task,QA Testing,3,409.0,REL_X+10,High,In Review,104.0,4.0,QA,16.0,3.0,19.0
413,Feature,Transaction History,34,391.0,REL_X+10,High,Blocked,,,,,,
414,Business Story,Remove Card,13,413.0,REL_X+10,High,Done,,,,,,
415,User Story,Review transfer,5,414.0,REL_X+10,High,To Do,,,,,,
416,Task,QA Testing,2,415.0,REL_X+10,High,Closed,104.0,4.0,QA,12.0,2.0,14.0
417,Task,QA Testing,1,415.0,REL_X+10,High,Blocked,104.0,4.0,QA,3.0,0.0,3.0
418,Task,Android development task -1,3,415.0,REL_X+10,High,In Review,104.0,4.0,Android,14.0,1.0,15.0
419,User Story,Error Handling,3,414.0,REL_X+10,High,To Do,,,,,,
420,Task,QA Android,1,419.0,REL_X+10,High,Blocked,1168.0,5.0,QA,5.0,0.0,5.0
421,Task,Android UI implementation,2,419.0,REL_X+10,High,In Progress,1168.0,5.0,Android,8.0,0.0,8.0
422,Task,iOS development task 1,1,419.0,REL_X+10,High,In Progress,1168.0,5.0,iOS,5.0,1.0,6.0
423,Task,QA Android,2,419.0,REL_X+10,High,To Do,1168.0,5.0,QA,9.0,0.0,9.0
424,Task,Back end development task -2,1,419.0,REL_X+10,High,Done,1168.0,5.0,Backend,5.0,1.0,6.0
425,Business Story,Password Reset,10,413.0,REL_X+10,High,Blocked,,,,,,
426,User Story,Error Handling,7,425.0,REL_X+10,High,In Progress,,,,,,
427,Task,QA iOS,1,426.0,REL_X+10,High,Done,672.0,2.0,QA,5.0,1.0,6.0
428,Task,QA Testing,2,426.0,REL_X+10,High,To Do,672.0,2.0,QA,8.0,1.0,9.0
429,Task,QA Android,1,426.0,REL_X+10,High,Done,672.0,2.0,QA,3.0,0.0,3.0
430,Task,Android development task -1,2,426.0,REL_X+10,High,Closed,672.0,2.0,Android,11.0,2.0,13.0
431,Task,Back end development task -1,2,426.0,REL_X+10,High,Closed,672.0,2.0,Backend,8.0,0.0,8.0
432,Feature,Payment Gateway,34,391.0,REL_X+10,High,To Do,,,,,,
433,Business Story,Update Card,13,432.0,REL_X+10,High,In Progress,,,,,,
434,User Story,Review transfer,4,433.0,REL_X+10,High,Blocked,,,,,,
435,Task,Android development task -1,1,434.0,REL_X+10,High,Done,643.0,1.0,Android,4.0,0.0,4.0
436,Task,QA Testing,3,434.0,REL_X+10,High,Done,643.0,1.0,QA,9.0,0.0,9.0
437,Task,QA Android,2,434.0,REL_X+10,High,Done,643.0,1.0,QA,11.0,1.0,12.0
438,Task,Backend API development,1,434.0,REL_X+10,High,Done,643.0,1.0,Backend,4.0,0.0,4.0
439,User Story,Display Card Menu,5,433.0,REL_X+10,High,In Review,,,,,,
440,Task,QA Testing,1,439.0,REL_X+10,High,Done,1385.0,6.0,QA,4.0,0.0,4.0
441,Task,Android development task -1,1,439.0,REL_X+10,High,Closed,1385.0,6.0,Android,5.0,1.0,6.0
442,Task,QA Android,2,439.0,REL_X+10,High,Blocked,1385.0,6.0,QA,9.0,1.0,10.0
443,User Story,Display Card Screen,5,433.0,REL_X+10,High,Closed,,,,,,
444,Task,iOS development task 1,2,443.0,REL_X+10,High,Blocked,561.0,6.0,iOS,10.0,1.0,11.0
445,Task,QA Android,3,443.0,REL_X+10,High,To Do,561.0,6.0,QA,11.0,1.0,12.0
446,Task,Android development task -1,3,443.0,REL_X+10,High,Blocked,561.0,6.0,Android,10.0,1.0,11.0
447,Business Story,Payment Validation,9,432.0,REL_X+10,High,Closed,,,,,,
448,User Story,Payment Form,5,447.0,REL_X+10,High,Done,,,,,,
449,Task,iOS development task 1,1,448.0,REL_X+10,High,To Do,556.0,6.0,iOS,4.0,0.0,4.0
450,Task,Back end development task -1,2,448.0,REL_X+10,High,Blocked,556.0,6.0,Backend,6.0,0.0,6.0
451,Task,QA iOS,2,448.0,REL_X+10,High,To Do,556.0,6.0,QA,6.0,0.0,6.0
452,Task,QA iOS,1,448.0,REL_X+10,High,Closed,556.0,6.0,QA,6.0,1.0,7.0
453,Task,QA Android,2,448.0,REL_X+10,High,In Review,556.0,6.0,QA,8.0,1.0,9.0
454,User Story,Review transfer,5,447.0,REL_X+10,High,To Do,,,,,,
455,Task,Back end development task -1,2,454.0,REL_X+10,High,In Progress,1336.0,4.0,Backend,11.0,0.0,11.0
456,Task,iOS UI implementation,3,454.0,REL_X+10,High,Blocked,1336.0,4.0,iOS,11.0,0.0,11.0
457,Task,QA Testing,1,454.0,REL_X+10,High,To Do,1336.0,4.0,QA,5.0,0.0,5.0
458,Task,Android development task -1,2,454.0,REL_X+10,High,In Review,1336.0,4.0,Android,6.0,1.0,7.0
459,Task,Android UI implementation,3,454.0,REL_X+10,High,In Progress,1336.0,4.0,Android,17.0,3.0,20.0
460,Business Story,Password Reset,10,432.0,REL_X+10,High,Done,,,,,,
461,User Story,Transaction history,7,460.0,REL_X+10,High,In Review,,,,,,
462,Task,iOS development task 1,2,461.0,REL_X+10,High,In Review,333.0,5.0,iOS,6.0,1.0,7.0
463,Task,QA Android,1,461.0,REL_X+10,High,Done,333.0,5.0,QA,6.0,1.0,7.0
464,Task,QA iOS,1,461.0,REL_X+10,High,In Progress,333.0,5.0,QA,3.0,0.0,3.0
465,Task,QA Testing,1,461.0,REL_X+10,High,In Review,333.0,5.0,QA,4.0,0.0,4.0
466,User Story,Review transfer,5,460.0,REL_X+10,High,Blocked,,,,,,
467,Task,QA iOS,1,466.0,REL_X+10,High,Closed,1544.0,4.0,QA,3.0,0.0,3.0
468,Task,QA Android,2,466.0,REL_X+10,High,Blocked,1544.0,4.0,QA,6.0,0.0,6.0
469,Task,Android development task -1,1,466.0,REL_X+10,High,Closed,1544.0,4.0,Android,5.0,0.0,5.0
470,Feature,Custom Reports,34,391.0,REL_X+10,High,In Review,,,,,,
471,Business Story,Payment Callback,9,470.0,REL_X+10,High,In Progress,,,,,,
472,User Story,Make a transfer,6,471.0,REL_X+10,High,Done,,,,,,
473,Task,QA Testing,2,472.0,REL_X+10,High,In Progress,766.0,6.0,QA,12.0,2.0,14.0
474,Task,Back end development task -1,2,472.0,REL_X+10,High,Done,766.0,6.0,Backend,10.0,0.0,10.0
475,Task,Android UI implementation,2,472.0,REL_X+10,High,Done,766.0,6.0,Android,8.0,0.0,8.0
476,Task,iOS development task 1,1,472.0,REL_X+10,High,In Progress,766.0,6.0,iOS,4.0,0.0,4.0
477,User Story,Payment Form,5,471.0,REL_X+10,High,Done,,,,,,
478,Task,QA Android,2,477.0,REL_X+10,High,Done,905.0,3.0,QA,9.0,0.0,9.0
479,Business Story,View Cards,12,470.0,REL_X+10,High,Blocked,,,,,,
480,User Story,Payment Form,4,479.0,REL_X+10,High,Blocked,,,,,,
481,Task,Back end development task -2,2,480.0,REL_X+10,High,Closed,936.0,4.0,Backend,11.0,1.0,12.0
482,Task,Back end development task -1,1,480.0,REL_X+10,High,Done,936.0,4.0,Backend,3.0,0.0,3.0
483,Task,Environment setup,1,480.0,REL_X+10,High,Done,936.0,4.0,DevOps,5.0,0.0,5.0
484,Task,Back end development task -2,3,480.0,REL_X+10,High,To Do,936.0,4.0,Backend,10.0,1.0,11.0
485,Task,Android development task -1,1,480.0,REL_X+10,High,In Review,936.0,4.0,Android,4.0,0.0,4.0
486,Business Story,Payment Validation,9,470.0,REL_X+10,High,Blocked,,,,,,
487,User Story,Verify Email,3,486.0,REL_X+10,High,Closed,,,,,,
488,Task,Android development task -1,2,487.0,REL_X+10,High,In Progress,1792.0,5.0,Android,8.0,0.0,8.0
489,Task,Backend API development,2,487.0,REL_X+10,High,To Do,1792.0,5.0,Backend,11.0,0.0,11.0
490,Task,Back end development task -1,3,487.0,REL_X+10,High,Done,1792.0,5.0,Backend,16.0,3.0,19.0
491,Task,Backend API development,3,487.0,REL_X+10,High,In Review,1792.0,5.0,Backend,12.0,1.0,13.0
492,Task,Android development task -1,1,487.0,REL_X+10,High,Closed,1792.0,5.0,Android,3.0,0.0,3.0
493,User Story,Error Handling,5,486.0,REL_X+10,High,To Do,,,,,,
494,Task,Environment setup,1,493.0,REL_X+10,High,Done,493.0,3.0,DevOps,3.0,0.0,3.0
495,Task,Back end development task -2,1,493.0,REL_X+10,High,Blocked,493.0,3.0,Backend,3.0,0.0,3.0
496,Epic,Payments,55,,REL_X+10,Medium,To Do,,,,,,
497,Feature,Email Service,21,496.0,REL_X+10,Medium,In Progress,,,,,,
498,Business Story,Payment Callback,9,497.0,REL_X+10,Medium,In Review,,,,,,
499,User Story,Payment Confirmation,5,498.0,REL_X+10,Medium,In Review,,,,,,
500,Task,QA iOS,2,499.0,REL_X+10,Medium,To Do,564.0,6.0,QA,9.0,1.0,10.0
501,Business Story,Email Verification,10,497.0,REL_X+10,Medium,In Review,,,,,,
502,User Story,Verify Email,5,501.0,REL_X+10,Medium,Blocked,,,,,,
503,Task,Backend API development,1,502.0,REL_X+10,Medium,In Progress,306.0,4.0,Backend,6.0,0.0,6.0
504,Task,Android development task -1,3,502.0,REL_X+10,Medium,To Do,306.0,4.0,Android,11.0,1.0,12.0
505,Task,iOS UI implementation,3,502.0,REL_X+10,Medium,Blocked,306.0,4.0,iOS,17.0,1.0,18.0
506,User Story,Payment Confirmation,5,501.0,REL_X+10,Medium,In Progress,,,,,,
507,Task,Android UI implementation,3,506.0,REL_X+10,Medium,Closed,677.0,3.0,Android,10.0,2.0,12.0
508,User Story,Send email,7,501.0,REL_X+10,Medium,To Do,,,,,,
509,Task,Back end development task -2,3,508.0,REL_X+10,Medium,Closed,550.0,6.0,Backend,12.0,2.0,14.0
510,Task,QA Android,1,508.0,REL_X+10,Medium,To Do,550.0,6.0,QA,5.0,1.0,6.0
511,Task,QA Android,3,508.0,REL_X+10,Medium,Blocked,550.0,6.0,QA,10.0,2.0,12.0
512,Task,Back end development task -1,2,508.0,REL_X+10,Medium,Blocked,550.0,6.0,Backend,11.0,0.0,11.0
513,Business Story,View Cards,12,497.0,REL_X+10,Medium,In Progress,,,,,,
514,User Story,Send email,5,513.0,REL_X+10,Medium,Closed,,,,,,
515,Task,iOS development task 1,1,514.0,REL_X+10,Medium,To Do,736.0,5.0,iOS,6.0,1.0,7.0
516,Task,QA Testing,2,514.0,REL_X+10,Medium,In Review,736.0,5.0,QA,8.0,0.0,8.0
517,Task,QA iOS,1,514.0,REL_X+10,Medium,To Do,736.0,5.0,QA,4.0,0.0,4.0
518,User Story,Transaction history,5,513.0,REL_X+10,Medium,Done,,,,,,
519,Task,Android development task -1,1,518.0,REL_X+10,Medium,Blocked,1187.0,6.0,Android,5.0,0.0,5.0
520,Task,Back end development task -1,1,518.0,REL_X+10,Medium,Blocked,1187.0,6.0,Backend,5.0,1.0,6.0
521,Task,QA Testing,1,518.0,REL_X+10,Medium,In Progress,1187.0,6.0,QA,5.0,0.0,5.0
522,Task,QA Testing,1,518.0,REL_X+10,Medium,To Do,1187.0,6.0,QA,3.0,0.0,3.0
523,User Story,Verify Email,8,513.0,REL_X+10,Medium,Closed,,,,,,
524,Task,iOS UI implementation,1,523.0,REL_X+10,Medium,Closed,100.0,4.0,iOS,4.0,0.0,4.0
525,Feature,Authorization,34,496.0,REL_X+10,Medium,In Progress,,,,,,
526,Business Story,View Cards,12,525.0,REL_X+10,Medium,Blocked,,,,,,
527,User Story,Display Card Menu,5,526.0,REL_X+10,Medium,To Do,,,,,,
528,Task,iOS UI implementation,1,527.0,REL_X+10,Medium,To Do,14.0,1.0,iOS,5.0,1.0,6.0
529,Task,iOS UI implementation,3,527.0,REL_X+10,Medium,To Do,14.0,1.0,iOS,11.0,0.0,11.0
530,Task,Android development task -1,1,527.0,REL_X+10,Medium,In Review,14.0,1.0,Android,5.0,1.0,6.0
531,Task,Backend API development,1,527.0,REL_X+10,Medium,Done,14.0,1.0,Backend,6.0,1.0,7.0
532,Task,Back end development task -1,3,527.0,REL_X+10,Medium,Closed,14.0,1.0,Backend,12.0,1.0,13.0
533,User Story,Payment Form,7,526.0,REL_X+10,Medium,To Do,,,,,,
534,Task,Environment setup,1,533.0,REL_X+10,Medium,To Do,1339.0,4.0,DevOps,6.0,1.0,7.0
535,Business Story,Payment Validation,9,525.0,REL_X+10,Medium,Closed,,,,,,
536,User Story,Make a transfer,3,535.0,REL_X+10,Medium,Blocked,,,,,,
537,Task,iOS development task 1,3,536.0,REL_X+10,Medium,In Progress,1321.0,3.0,iOS,9.0,0.0,9.0
538,Task,QA Testing,1,536.0,REL_X+10,Medium,Done,1321.0,3.0,QA,3.0,0.0,3.0
539,Task,Back end development task -2,1,536.0,REL_X+10,Medium,In Progress,1321.0,3.0,Backend,5.0,0.0,5.0
540,Epic,Notifications,55,,REL_X+4,Critical,To Do,,,,,,
541,Feature,Transaction History,34,540.0,REL_X+4,Critical,Done,,,,,,
542,Business Story,Payment Validation,9,541.0,REL_X+4,Critical,Closed,,,,,,
543,User Story,Display Card Screen,5,542.0,REL_X+4,Critical,In Review,,,,,,
544,Task,iOS UI implementation,1,543.0,REL_X+4,Critical,Done,110.0,5.0,iOS,3.0,0.0,3.0
545,Business Story,Email Verification,10,541.0,REL_X+4,Critical,Done,,,,,,
546,User Story,Verify Email,5,545.0,REL_X+4,Critical,Blocked,,,,,,
547,Task,QA Android,2,546.0,REL_X+4,Critical,In Progress,1005.0,7.0,QA,9.0,1.0,10.0
548,Task,Backend API development,1,546.0,REL_X+4,Critical,Closed,1005.0,7.0,Backend,5.0,0.0,5.0
549,User Story,Send email,3,545.0,REL_X+4,Critical,In Review,,,,,,
550,Task,Android development task -1,2,549.0,REL_X+4,Critical,To Do,316.0,5.0,Android,8.0,1.0,9.0
551,Task,Environment setup,1,549.0,REL_X+4,Critical,In Review,316.0,5.0,DevOps,5.0,1.0,6.0
552,Task,iOS development task 1,1,549.0,REL_X+4,Critical,Blocked,316.0,5.0,iOS,3.0,0.0,3.0
553,Task,Android UI implementation,2,549.0,REL_X+4,Critical,To Do,316.0,5.0,Android,10.0,1.0,11.0
554,User Story,Display Card Menu,3,545.0,REL_X+4,Critical,In Review,,,,,,
555,Task,QA iOS,3,554.0,REL_X+4,Critical,Blocked,1136.0,4.0,QA,9.0,1.0,10.0
556,Business Story,Password Reset,10,541.0,REL_X+4,Critical,Blocked,,,,,,
557,User Story,Payment Confirmation,8,556.0,REL_X+4,Critical,In Progress,,,,,,
558,Task,QA iOS,2,557.0,REL_X+4,Critical,In Review,1172.0,6.0,QA,7.0,0.0,7.0
559,Task,Android development task -1,1,557.0,REL_X+4,Critical,In Progress,1172.0,6.0,Android,4.0,0.0,4.0
560,Task,iOS UI implementation,1,557.0,REL_X+4,Critical,To Do,1172.0,6.0,iOS,5.0,1.0,6.0
561,Task,QA Android,1,557.0,REL_X+4,Critical,Done,1172.0,6.0,QA,4.0,0.0,4.0
562,Task,QA Android,1,557.0,REL_X+4,Critical,To Do,1172.0,6.0,QA,4.0,0.0,4.0
563,Feature,In-App Messages,21,540.0,REL_X+4,Critical,Blocked,,,,,,
564,Business Story,Payment Callback,9,563.0,REL_X+4,Critical,Blocked,,,,,,
565,User Story,Verify Email,5,564.0,REL_X+4,Critical,Done,,,,,,
566,Task,QA Testing,1,565.0,REL_X+4,Critical,In Review,1424.0,7.0,QA,6.0,1.0,7.0
567,Task,QA Testing,3,565.0,REL_X+4,Critical,Blocked,1424.0,7.0,QA,12.0,1.0,13.0
568,User Story,Make a transfer,5,564.0,REL_X+4,Critical,Blocked,,,,,,
569,Task,QA Android,2,568.0,REL_X+4,Critical,Closed,748.0,5.0,QA,10.0,0.0,10.0
570,Business Story,Password Reset,10,563.0,REL_X+4,Critical,Done,,,,,,
571,User Story,Payment Form,8,570.0,REL_X+4,Critical,In Progress,,,,,,
572,Task,Environment setup,3,571.0,REL_X+4,Critical,In Progress,898.0,3.0,DevOps,15.0,3.0,18.0
573,Task,Android development task -1,1,571.0,REL_X+4,Critical,Blocked,898.0,3.0,Android,4.0,0.0,4.0
574,Task,Environment setup,1,571.0,REL_X+4,Critical,Done,898.0,3.0,DevOps,6.0,1.0,7.0
575,Business Story,Email Verification,10,563.0,REL_X+4,Critical,Done,,,,,,
576,User Story,Verify Email,6,575.0,REL_X+4,Critical,In Review,,,,,,
577,Task,Environment setup,1,576.0,REL_X+4,Critical,In Progress,1437.0,8.0,DevOps,4.0,0.0,4.0
578,Task,Back end development task -2,2,576.0,REL_X+4,Critical,Closed,1437.0,8.0,Backend,11.0,2.0,13.0
579,Task,Backend API development,3,576.0,REL_X+4,Critical,To Do,1437.0,8.0,Backend,14.0,1.0,15.0
580,Task,Back end development task -1,1,576.0,REL_X+4,Critical,Blocked,1437.0,8.0,Backend,4.0,0.0,4.0
581,Task,QA Android,1,576.0,REL_X+4,Critical,To Do,1437.0,8.0,QA,4.0,0.0,4.0
582,User Story,Payment Confirmation,5,575.0,REL_X+4,Critical,In Review,,,,,,
583,Task,iOS development task 1,3,582.0,REL_X+4,Critical,In Review,852.0,1.0,iOS,11.0,1.0,12.0
584,User Story,Display Card Menu,5,575.0,REL_X+4,Critical,In Progress,,,,,,
585,Task,QA Android,1,584.0,REL_X+4,Critical,In Review,1068.0,2.0,QA,6.0,1.0,7.0
586,Task,Environment setup,1,584.0,REL_X+4,Critical,In Review,1068.0,2.0,DevOps,3.0,0.0,3.0
587,Task,iOS development task 1,2,584.0,REL_X+4,Critical,Done,1068.0,2.0,iOS,7.0,0.0,7.0
588,Task,QA iOS,2,584.0,REL_X+4,Critical,Blocked,1068.0,2.0,QA,8.0,1.0,9.0
589,Feature,Recurring Billing,21,540.0,REL_X+4,Critical,In Progress,,,,,,
590,Business Story,Update Card,13,589.0,REL_X+4,Critical,Blocked,,,,,,
591,User Story,Error Handling,7,590.0,REL_X+4,Critical,Blocked,,,,,,
592,Task,Backend API development,1,591.0,REL_X+4,Critical,In Review,1213.0,7.0,Backend,4.0,0.0,4.0
593,Task,Environment setup,2,591.0,REL_X+4,Critical,In Progress,1213.0,7.0,DevOps,12.0,2.0,14.0
594,Task,QA Android,1,591.0,REL_X+4,Critical,In Review,1213.0,7.0,QA,6.0,0.0,6.0
595,Task,QA Testing,2,591.0,REL_X+4,Critical,Done,1213.0,7.0,QA,11.0,1.0,12.0
596,Business Story,Payment Callback,9,589.0,REL_X+4,Critical,Blocked,,,,,,
597,User Story,Verify Email,5,596.0,REL_X+4,Critical,Blocked,,,,,,
598,Task,Android development task -1,3,597.0,REL_X+4,Critical,Closed,1265.0,1.0,Android,18.0,0.0,18.0
599,Task,Android development task -1,1,597.0,REL_X+4,Critical,To Do,1265.0,1.0,Android,4.0,0.0,4.0
600,User Story,Display Card Screen,4,596.0,REL_X+4,Critical,Closed,,,,,,
601,Task,Backend API development,1,600.0,REL_X+4,Critical,Blocked,290.0,4.0,Backend,4.0,0.0,4.0
602,Task,QA iOS,1,600.0,REL_X+4,Critical,Blocked,290.0,4.0,QA,4.0,0.0,4.0
603,Task,Android development task -1,1,600.0,REL_X+4,Critical,Done,290.0,4.0,Android,5.0,1.0,6.0
604,Task,Back end development task -2,3,600.0,REL_X+4,Critical,In Progress,290.0,4.0,Backend,9.0,1.0,10.0
605,Task,QA Android,3,600.0,REL_X+4,Critical,Blocked,290.0,4.0,QA,17.0,3.0,20.0
606,User Story,Send email,5,596.0,REL_X+4,Critical,Blocked,,,,,,
607,Task,QA Testing,1,606.0,REL_X+4,Critical,In Review,1455.0,8.0,QA,3.0,0.0,3.0
608,Task,Back end development task -2,1,606.0,REL_X+4,Critical,Blocked,1455.0,8.0,Backend,5.0,0.0,5.0
609,Task,QA Testing,2,606.0,REL_X+4,Critical,In Review,1455.0,8.0,QA,6.0,0.0,6.0
610,Task,QA Android,2,606.0,REL_X+4,Critical,Closed,1455.0,8.0,QA,12.0,0.0,12.0
611,Business Story,Password Reset,10,589.0,REL_X+4,Critical,Blocked,,,,,,
612,User Story,Review transfer,6,611.0,REL_X+4,Critical,Closed,,,,,,
613,Task,Android development task -1,3,612.0,REL_X+4,Critical,In Review,1539.0,4.0,Android,9.0,1.0,10.0
614,Task,QA Android,3,612.0,REL_X+4,Critical,To Do,1539.0,4.0,QA,10.0,1.0,11.0
615,User Story,Verify Email,6,611.0,REL_X+4,Critical,In Progress,,,,,,
616,Task,QA Android,3,615.0,REL_X+4,Critical,In Progress,430.0,1.0,QA,18.0,3.0,21.0
617,Task,Android development task -1,2,615.0,REL_X+4,Critical,To Do,430.0,1.0,Android,12.0,0.0,12.0
618,Task,QA Android,2,615.0,REL_X+4,Critical,In Progress,430.0,1.0,QA,10.0,2.0,12.0
619,Task,QA iOS,3,615.0,REL_X+4,Critical,Done,430.0,1.0,QA,13.0,1.0,14.0
620,Task,iOS development task 1,3,615.0,REL_X+4,Critical,In Progress,430.0,1.0,iOS,17.0,0.0,17.0
621,User Story,Display Card Screen,8,611.0,REL_X+4,Critical,Blocked,,,,,,
622,Task,Android development task -1,2,621.0,REL_X+4,Critical,In Progress,122.0,5.0,Android,7.0,0.0,7.0
623,Task,QA iOS,3,621.0,REL_X+4,Critical,In Progress,122.0,5.0,QA,15.0,3.0,18.0
624,Task,iOS development task 1,2,621.0,REL_X+4,Critical,To Do,122.0,5.0,iOS,9.0,1.0,10.0
625,Epic,Accounts,55,,REL_X+8,High,Closed,,,,,,
626,Feature,Data Export,21,625.0,REL_X+8,High,Done,,,,,,
627,Business Story,Remove Card,13,626.0,REL_X+8,High,Closed,,,,,,
628,User Story,Send email,5,627.0,REL_X+8,High,Blocked,,,,,,
629,Task,QA Testing,1,628.0,REL_X+8,High,Done,1690.0,1.0,QA,5.0,1.0,6.0
630,Task,Android development task -1,2,628.0,REL_X+8,High,Closed,1690.0,1.0,Android,9.0,1.0,10.0
631,User Story,Display Card Screen,6,627.0,REL_X+8,High,To Do,,,,,,
632,Task,Back end development task -1,1,631.0,REL_X+8,High,Blocked,204.0,8.0,Backend,4.0,0.0,4.0
633,Task,Back end development task -1,3,631.0,REL_X+8,High,Closed,204.0,8.0,Backend,15.0,1.0,16.0
634,Task,Android development task -1,3,631.0,REL_X+8,High,In Review,204.0,8.0,Android,13.0,0.0,13.0
635,Task,Environment setup,2,631.0,REL_X+8,High,In Review,204.0,8.0,DevOps,8.0,0.0,8.0
636,User Story,Verify Email,5,627.0,REL_X+8,High,Closed,,,,,,
637,Task,Backend API development,2,636.0,REL_X+8,High,In Progress,339.0,6.0,Backend,11.0,2.0,13.0
638,Business Story,Process Payment,9,626.0,REL_X+8,High,Blocked,,,,,,
639,User Story,Display Card Screen,5,638.0,REL_X+8,High,To Do,,,,,,
640,Task,Back end development task -1,2,639.0,REL_X+8,High,To Do,272.0,3.0,Backend,9.0,0.0,9.0
641,Task,QA iOS,3,639.0,REL_X+8,High,Blocked,272.0,3.0,QA,15.0,1.0,16.0
642,Task,Environment setup,1,639.0,REL_X+8,High,To Do,272.0,3.0,DevOps,3.0,0.0,3.0
643,Task,QA iOS,1,639.0,REL_X+8,High,Blocked,272.0,3.0,QA,5.0,0.0,5.0
644,Task,Android development task -1,2,639.0,REL_X+8,High,To Do,272.0,3.0,Android,11.0,0.0,11.0
645,User Story,Error Handling,5,638.0,REL_X+8,High,To Do,,,,,,
646,Task,Android UI implementation,1,645.0,REL_X+8,High,Blocked,1250.0,1.0,Android,4.0,0.0,4.0
647,Task,Android UI implementation,3,645.0,REL_X+8,High,In Progress,1250.0,1.0,Android,10.0,0.0,10.0
648,User Story,Display Card Menu,6,638.0,REL_X+8,High,Done,,,,,,
649,Task,QA Android,3,648.0,REL_X+8,High,In Progress,1496.0,2.0,QA,14.0,0.0,14.0
650,Task,iOS development task 1,2,648.0,REL_X+8,High,Closed,1496.0,2.0,iOS,7.0,1.0,8.0
651,Task,Back end development task -1,3,648.0,REL_X+8,High,Done,1496.0,2.0,Backend,13.0,0.0,13.0
652,Task,QA Android,2,648.0,REL_X+8,High,In Progress,1496.0,2.0,QA,8.0,0.0,8.0
653,Feature,Scheduled Reports,21,625.0,REL_X+8,High,Blocked,,,,,,
654,Business Story,Remove Card,13,653.0,REL_X+8,High,Closed,,,,,,
655,User Story,Display Card Screen,8,654.0,REL_X+8,High,In Review,,,,,,
656,Task,iOS UI implementation,1,655.0,REL_X+8,High,To Do,271.0,3.0,iOS,4.0,0.0,4.0
657,Task,Back end development task -1,2,655.0,REL_X+8,High,In Progress,271.0,3.0,Backend,6.0,1.0,7.0
658,Task,Back end development task -2,3,655.0,REL_X+8,High,Closed,271.0,3.0,Backend,15.0,2.0,17.0
659,Task,iOS UI implementation,1,655.0,REL_X+8,High,Closed,271.0,3.0,iOS,6.0,0.0,6.0
660,User Story,Payment Confirmation,5,654.0,REL_X+8,High,Done,,,,,,
661,Task,Environment setup,1,660.0,REL_X+8,High,Done,313.0,5.0,DevOps,4.0,0.0,4.0
662,Task,QA iOS,1,660.0,REL_X+8,High,Closed,313.0,5.0,QA,3.0,0.0,3.0
663,Task,iOS UI implementation,2,660.0,REL_X+8,High,To Do,313.0,5.0,iOS,12.0,0.0,12.0
664,User Story,Display Card Menu,5,654.0,REL_X+8,High,Blocked,,,,,,
665,Task,Back end development task -2,1,664.0,REL_X+8,High,To Do,238.0,2.0,Backend,4.0,0.0,4.0
666,Task,Android development task -1,2,664.0,REL_X+8,High,In Review,238.0,2.0,Android,7.0,1.0,8.0
667,Task,iOS development task 1,1,664.0,REL_X+8,High,Closed,238.0,2.0,iOS,4.0,0.0,4.0
668,Task,iOS development task 1,2,664.0,REL_X+8,High,Blocked,238.0,2.0,iOS,6.0,1.0,7.0
669,Business Story,View Cards,12,653.0,REL_X+8,High,In Review,,,,,,
670,User Story,Display Card Screen,5,669.0,REL_X+8,High,Done,,,,,,
671,Task,QA Testing,3,670.0,REL_X+8,High,In Progress,738.0,5.0,QA,11.0,1.0,12.0
672,User Story,Transaction history,5,669.0,REL_X+8,High,To Do,,,,,,
673,Task,iOS development task 1,1,672.0,REL_X+8,High,To Do,1832.0,7.0,iOS,3.0,0.0,3.0
674,Task,Back end development task -1,1,672.0,REL_X+8,High,In Progress,1832.0,7.0,Backend,5.0,1.0,6.0
675,Task,QA iOS,3,672.0,REL_X+8,High,In Progress,1832.0,7.0,QA,9.0,1.0,10.0
676,Task,QA iOS,1,672.0,REL_X+8,High,To Do,1832.0,7.0,QA,5.0,1.0,6.0
677,Task,QA Android,1,672.0,REL_X+8,High,In Progress,1832.0,7.0,QA,3.0,0.0,3.0
678,User Story,Error Handling,7,669.0,REL_X+8,High,To Do,,,,,,
679,Task,Android UI implementation,3,678.0,REL_X+8,High,To Do,822.0,8.0,Android,13.0,1.0,14.0
680,Business Story,Process Payment,9,653.0,REL_X+8,High,Done,,,,,,
681,User Story,Display Card Menu,5,680.0,REL_X+8,High,Done,,,,,,
682,Task,Back end development task -1,1,681.0,REL_X+8,High,Closed,1607.0,6.0,Backend,6.0,0.0,6.0
683,Task,Back end development task -1,1,681.0,REL_X+8,High,In Progress,1607.0,6.0,Backend,6.0,0.0,6.0
684,Task,QA Android,2,681.0,REL_X+8,High,In Review,1607.0,6.0,QA,11.0,0.0,11.0
685,User Story,Send email,3,680.0,REL_X+8,High,Closed,,,,,,
686,Task,iOS development task 1,1,685.0,REL_X+8,High,Blocked,771.0,6.0,iOS,4.0,0.0,4.0
687,Task,Back end development task -2,3,685.0,REL_X+8,High,In Review,771.0,6.0,Backend,11.0,2.0,13.0
688,Task,Environment setup,1,685.0,REL_X+8,High,Closed,771.0,6.0,DevOps,4.0,0.0,4.0
689,Feature,Audit Logs,21,625.0,REL_X+8,High,In Review,,,,,,
690,Business Story,Remove Card,13,689.0,REL_X+8,High,Closed,,,,,,
691,User Story,Display Card Screen,5,690.0,REL_X+8,High,In Progress,,,,,,
692,Task,iOS development task 1,3,691.0,REL_X+8,High,In Review,485.0,3.0,iOS,15.0,2.0,17.0
693,Task,Android UI implementation,1,691.0,REL_X+8,High,In Progress,485.0,3.0,Android,3.0,0.0,3.0
694,Task,iOS development task 1,1,691.0,REL_X+8,High,Blocked,485.0,3.0,iOS,4.0,0.0,4.0
695,User Story,Display Card Menu,5,690.0,REL_X+8,High,To Do,,,,,,
696,Task,QA Android,1,695.0,REL_X+8,High,To Do,1098.0,3.0,QA,6.0,1.0,7.0
697,Task,Environment setup,1,695.0,REL_X+8,High,In Progress,1098.0,3.0,DevOps,5.0,0.0,5.0
698,Task,QA iOS,1,695.0,REL_X+8,High,Blocked,1098.0,3.0,QA,4.0,0.0,4.0
699,Business Story,Payment Callback,9,689.0,REL_X+8,High,Done,,,,,,
700,User Story,Transaction history,5,699.0,REL_X+8,High,In Progress,,,,,,
701,Task,Android UI implementation,2,700.0,REL_X+8,High,To Do,64.0,3.0,Android,10.0,0.0,10.0
702,Task,Android UI implementation,1,700.0,REL_X+8,High,To Do,64.0,3.0,Android,4.0,0.0,4.0
703,Task,Back end development task -2,3,700.0,REL_X+8,High,In Progress,64.0,3.0,Backend,12.0,0.0,12.0
704,Task,Backend API development,1,700.0,REL_X+8,High,To Do,64.0,3.0,Backend,3.0,0.0,3.0
705,Business Story,Update Card,13,689.0,REL_X+8,High,To Do,,,,,,
706,User Story,Review transfer,8,705.0,REL_X+8,High,Blocked,,,,,,
707,Task,Environment setup,3,706.0,REL_X+8,High,To Do,1658.0,8.0,DevOps,14.0,0.0,14.0
708,Task,Android UI implementation,1,706.0,REL_X+8,High,Blocked,1658.0,8.0,Android,6.0,1.0,7.0
709,Epic,Accounts,55,,REL_X+8,Critical,In Progress,,,,,,
710,Feature,Refunds,34,709.0,REL_X+8,Critical,In Review,,,,,,
711,Business Story,Update Card,13,710.0,REL_X+8,Critical,Closed,,,,,,
712,User Story,Payment Form,7,711.0,REL_X+8,Critical,Blocked,,,,,,
713,Task,iOS development task 1,1,712.0,REL_X+8,Critical,Closed,125.0,5.0,iOS,6.0,0.0,6.0
714,User Story,Verify Email,7,711.0,REL_X+8,Critical,Done,,,,,,
715,Task,Back end development task -1,3,714.0,REL_X+8,Critical,Done,511.0,4.0,Backend,14.0,1.0,15.0
716,Task,QA Testing,1,714.0,REL_X+8,Critical,In Review,511.0,4.0,QA,5.0,1.0,6.0
717,Task,QA iOS,1,714.0,REL_X+8,Critical,In Review,511.0,4.0,QA,4.0,0.0,4.0
718,Task,Back end development task -2,3,714.0,REL_X+8,Critical,Done,511.0,4.0,Backend,16.0,2.0,18.0
719,Task,Back end development task -1,3,714.0,REL_X+8,Critical,Closed,511.0,4.0,Backend,10.0,0.0,10.0
720,Business Story,Add Card,13,710.0,REL_X+8,Critical,In Progress,,,,,,
721,User Story,Payment Confirmation,6,720.0,REL_X+8,Critical,In Progress,,,,,,
722,Task,QA Android,3,721.0,REL_X+8,Critical,In Progress,1180.0,6.0,QA,11.0,0.0,11.0
723,Task,QA iOS,3,721.0,REL_X+8,Critical,To Do,1180.0,6.0,QA,14.0,2.0,16.0
724,Task,QA Android,3,721.0,REL_X+8,Critical,Done,1180.0,6.0,QA,18.0,1.0,19.0
725,Task,QA Android,3,721.0,REL_X+8,Critical,In Progress,1180.0,6.0,QA,16.0,2.0,18.0
726,User Story,Display Card Menu,5,720.0,REL_X+8,Critical,To Do,,,,,,
727,Task,Back end development task -1,1,726.0,REL_X+8,Critical,In Review,116.0,5.0,Backend,6.0,0.0,6.0
728,Task,QA Android,3,726.0,REL_X+8,Critical,In Progress,116.0,5.0,QA,14.0,2.0,16.0
729,Business Story,View Cards,12,710.0,REL_X+8,Critical,In Review,,,,,,
730,User Story,Display Card Menu,4,729.0,REL_X+8,Critical,Closed,,,,,,
731,Task,QA Android,3,730.0,REL_X+8,Critical,Closed,291.0,4.0,QA,14.0,2.0,16.0
732,Feature,Transaction History,34,709.0,REL_X+8,Critical,Blocked,,,,,,
733,Business Story,Email Verification,10,732.0,REL_X+8,Critical,In Review,,,,,,
734,User Story,Make a transfer,6,733.0,REL_X+8,Critical,Blocked,,,,,,
735,Task,QA iOS,1,734.0,REL_X+8,Critical,Closed,1622.0,7.0,QA,5.0,0.0,5.0
736,Task,QA iOS,1,734.0,REL_X+8,Critical,In Progress,1622.0,7.0,QA,5.0,0.0,5.0
737,Task,Back end development task -1,3,734.0,REL_X+8,Critical,Done,1622.0,7.0,Backend,18.0,3.0,21.0
738,Task,Back end development task -2,1,734.0,REL_X+8,Critical,Closed,1622.0,7.0,Backend,5.0,0.0,5.0
739,Business Story,Sign Up,11,732.0,REL_X+8,Critical,Done,,,,,,
740,User Story,Payment Form,4,739.0,REL_X+8,Critical,Closed,,,,,,
741,Task,QA Android,3,740.0,REL_X+8,Critical,To Do,160.0,7.0,QA,11.0,2.0,13.0
742,Task,QA iOS,1,740.0,REL_X+8,Critical,In Progress,160.0,7.0,QA,5.0,0.0,5.0
743,Feature,Authentication,34,709.0,REL_X+8,Critical,Closed,,,,,,
744,Business Story,Email Verification,10,743.0,REL_X+8,Critical,To Do,,,,,,
745,User Story,Display Card Menu,5,744.0,REL_X+8,Critical,Blocked,,,,,,
746,Task,QA Testing,3,745.0,REL_X+8,Critical,Blocked,341.0,6.0,QA,14.0,2.0,16.0
747,Task,iOS development task 1,3,745.0,REL_X+8,Critical,In Progress,341.0,6.0,iOS,18.0,1.0,19.0
748,Task,Android UI implementation,1,745.0,REL_X+8,Critical,To Do,341.0,6.0,Android,3.0,0.0,3.0
749,Task,QA iOS,1,745.0,REL_X+8,Critical,In Review,341.0,6.0,QA,3.0,0.0,3.0
750,User Story,Error Handling,4,744.0,REL_X+8,Critical,Blocked,,,,,,
751,Task,Environment setup,1,750.0,REL_X+8,Critical,Blocked,330.0,5.0,DevOps,6.0,0.0,6.0
752,User Story,Verify Email,8,744.0,REL_X+8,Critical,In Progress,,,,,,
753,Task,QA iOS,1,752.0,REL_X+8,Critical,In Progress,1244.0,8.0,QA,5.0,0.0,5.0
754,Task,iOS UI implementation,2,752.0,REL_X+8,Critical,Done,1244.0,8.0,iOS,11.0,2.0,13.0
755,Task,iOS development task 1,2,752.0,REL_X+8,Critical,To Do,1244.0,8.0,iOS,8.0,0.0,8.0
756,Task,Back end development task -2,1,752.0,REL_X+8,Critical,To Do,1244.0,8.0,Backend,6.0,0.0,6.0
757,Business Story,Sign Up,11,743.0,REL_X+8,Critical,In Review,,,,,,
758,User Story,Verify Email,3,757.0,REL_X+8,Critical,Closed,,,,,,
759,Task,QA Testing,1,758.0,REL_X+8,Critical,In Progress,1281.0,2.0,QA,3.0,0.0,3.0
760,Task,Android development task -1,3,758.0,REL_X+8,Critical,In Review,1281.0,2.0,Android,16.0,0.0,16.0
761,Task,Backend API development,1,758.0,REL_X+8,Critical,Closed,1281.0,2.0,Backend,5.0,0.0,5.0
762,Task,Backend API development,1,758.0,REL_X+8,Critical,In Progress,1281.0,2.0,Backend,6.0,1.0,7.0
763,Task,Android UI implementation,1,758.0,REL_X+8,Critical,In Review,1281.0,2.0,Android,6.0,1.0,7.0
764,Epic,Payments,55,,REL_X+6,Low,In Progress,,,,,,
765,Feature,Cards,34,764.0,REL_X+6,Low,Done,,,,,,
766,Business Story,Payment Validation,9,765.0,REL_X+6,Low,Blocked,,,,,,
767,User Story,Verify Email,5,766.0,REL_X+6,Low,In Progress,,,,,,
768,Task,Environment setup,1,767.0,REL_X+6,Low,To Do,976.0,6.0,DevOps,3.0,0.0,3.0
769,Task,Android UI implementation,1,767.0,REL_X+6,Low,In Progress,976.0,6.0,Android,4.0,0.0,4.0
770,Task,Android development task -1,1,767.0,REL_X+6,Low,In Progress,976.0,6.0,Android,3.0,0.0,3.0
771,User Story,Payment Confirmation,8,766.0,REL_X+6,Low,Closed,,,,,,
772,Task,iOS development task 1,1,771.0,REL_X+6,Low,Blocked,303.0,4.0,iOS,3.0,0.0,3.0
773,Task,Backend API development,2,771.0,REL_X+6,Low,Done,303.0,4.0,Backend,12.0,1.0,13.0
774,Task,Android UI implementation,3,771.0,REL_X+6,Low,To Do,303.0,4.0,Android,9.0,1.0,10.0
775,Task,iOS UI implementation,1,771.0,REL_X+6,Low,Done,303.0,4.0,iOS,3.0,0.0,3.0
776,Task,iOS development task 1,2,771.0,REL_X+6,Low,In Review,303.0,4.0,iOS,12.0,2.0,14.0
777,User Story,Payment Form,7,766.0,REL_X+6,Low,In Review,,,,,,
778,Task,QA Testing,1,777.0,REL_X+6,Low,In Progress,785.0,7.0,QA,5.0,1.0,6.0
779,Task,Backend API development,1,777.0,REL_X+6,Low,To Do,785.0,7.0,Backend,5.0,0.0,5.0
780,Task,QA Testing,3,777.0,REL_X+6,Low,In Review,785.0,7.0,QA,14.0,0.0,14.0
781,Task,Android development task -1,1,777.0,REL_X+6,Low,In Progress,785.0,7.0,Android,6.0,0.0,6.0
782,Business Story,Add Card,13,765.0,REL_X+6,Low,In Progress,,,,,,
783,User Story,Payment Form,5,782.0,REL_X+6,Low,Blocked,,,,,,
784,Task,QA Android,1,783.0,REL_X+6,Low,Done,1239.0,8.0,QA,6.0,1.0,7.0
785,User Story,Send email,7,782.0,REL_X+6,Low,To Do,,,,,,
786,Task,Environment setup,1,785.0,REL_X+6,Low,Done,1056.0,1.0,DevOps,6.0,0.0,6.0
787,Task,Back end development task -1,1,785.0,REL_X+6,Low,In Progress,1056.0,1.0,Backend,4.0,0.0,4.0
788,Feature,Account Settings,21,764.0,REL_X+6,Low,To Do,,,,,,
789,Business Story,Add Card,13,788.0,REL_X+6,Low,In Review,,,,,,
790,User Story,Payment Form,5,789.0,REL_X+6,Low,To Do,,,,,,
791,Task,Back end development task -1,1,790.0,REL_X+6,Low,Blocked,1396.0,6.0,Backend,6.0,0.0,6.0
792,User Story,Payment Confirmation,5,789.0,REL_X+6,Low,In Review,,,,,,
793,Task,iOS development task 1,2,792.0,REL_X+6,Low,In Review,706.0,4.0,iOS,11.0,0.0,11.0
794,Task,Back end development task -1,1,792.0,REL_X+6,Low,In Progress,706.0,4.0,Backend,4.0,0.0,4.0
795,Business Story,Email Verification,10,788.0,REL_X+6,Low,Closed,,,,,,
796,User Story,Review transfer,5,795.0,REL_X+6,Low,Blocked,,,,,,
797,Task,Back end development task -1,1,796.0,REL_X+6,Low,Done,1052.0,1.0,Backend,4.0,0.0,4.0
798,Business Story,View Cards,12,788.0,REL_X+6,Low,To Do,,,,,,
799,User Story,Transaction history,5,798.0,REL_X+6,Low,In Review,,,,,,
800,Task,iOS UI implementation,3,799.0,REL_X+6,Low,In Review,1460.0,1.0,iOS,14.0,1.0,15.0
801,Task,QA Android,1,799.0,REL_X+6,Low,To Do,1460.0,1.0,QA,6.0,0.0,6.0
802,Task,QA Android,2,799.0,REL_X+6,Low,In Review,1460.0,1.0,QA,10.0,2.0,12.0
803,Feature,Encryption,21,764.0,REL_X+6,Low,In Review,,,,,,
804,Business Story,Process Payment,9,803.0,REL_X+6,Low,In Review,,,,,,
805,User Story,Send email,5,804.0,REL_X+6,Low,Closed,,,,,,
806,Task,QA Android,1,805.0,REL_X+6,Low,Done,1828.0,7.0,QA,4.0,0.0,4.0
807,Task,Backend API development,2,805.0,REL_X+6,Low,Closed,1828.0,7.0,Backend,11.0,0.0,11.0
808,Task,Back end development task -1,2,805.0,REL_X+6,Low,Blocked,1828.0,7.0,Backend,8.0,1.0,9.0
809,User Story,Transaction history,5,804.0,REL_X+6,Low,Closed,,,,,,
810,Task,QA Android,1,809.0,REL_X+6,Low,Closed,73.0,3.0,QA,4.0,0.0,4.0
811,Task,QA Android,2,809.0,REL_X+6,Low,Closed,73.0,3.0,QA,12.0,0.0,12.0
812,Task,QA iOS,1,809.0,REL_X+6,Low,Closed,73.0,3.0,QA,6.0,0.0,6.0
813,Task,iOS development task 1,2,809.0,REL_X+6,Low,Closed,73.0,3.0,iOS,10.0,0.0,10.0
814,Task,QA iOS,2,809.0,REL_X+6,Low,In Progress,73.0,3.0,QA,7.0,1.0,8.0
815,Business Story,Remove Card,13,803.0,REL_X+6,Low,Closed,,,,,,
816,User Story,Verify Email,5,815.0,REL_X+6,Low,Done,,,,,,
817,Task,iOS development task 1,1,816.0,REL_X+6,Low,In Progress,603.0,8.0,iOS,3.0,0.0,3.0
818,Task,iOS development task 1,3,816.0,REL_X+6,Low,Blocked,603.0,8.0,iOS,15.0,2.0,17.0
819,Task,Back end development task -2,3,816.0,REL_X+6,Low,In Progress,603.0,8.0,Backend,11.0,0.0,11.0
820,Task,QA iOS,1,816.0,REL_X+6,Low,In Review,603.0,8.0,QA,6.0,0.0,6.0
821,User Story,Send email,7,815.0,REL_X+6,Low,In Progress,,,,,,
822,Task,QA Testing,1,821.0,REL_X+6,Low,Closed,1596.0,6.0,QA,4.0,0.0,4.0
823,Feature,Custom Reports,34,764.0,REL_X+6,Low,To Do,,,,,,
824,Business Story,Process Payment,9,823.0,REL_X+6,Low,In Progress,,,,,,
825,User Story,Error Handling,6,824.0,REL_X+6,Low,Blocked,,,,,,
826,Task,Android development task -1,2,825.0,REL_X+6,Low,Blocked,1609.0,6.0,Android,11.0,1.0,12.0
827,Business Story,Sign Up,11,823.0,REL_X+6,Low,Blocked,,,,,,
828,User Story,Verify Email,3,827.0,REL_X+6,Low,In Progress,,,,,,
829,Task,Back end development task -1,3,828.0,REL_X+6,Low,To Do,1497.0,2.0,Backend,17.0,1.0,18.0
830,Task,Back end development task -1,2,828.0,REL_X+6,Low,Closed,1497.0,2.0,Backend,7.0,0.0,7.0
831,Task,QA Android,1,828.0,REL_X+6,Low,Done,1497.0,2.0,QA,3.0,0.0,3.0
832,User Story,Display Card Menu,5,827.0,REL_X+6,Low,In Progress,,,,,,
833,Task,Android development task -1,3,832.0,REL_X+6,Low,Blocked,134.0,6.0,Android,16.0,2.0,18.0
834,Epic,Payments,55,,REL_X+7,Critical,In Review,,,,,,
835,Feature,Transaction History,34,834.0,REL_X+7,Critical,To Do,,,,,,
836,Business Story,View Cards,12,835.0,REL_X+7,Critical,In Progress,,,,,,
837,User Story,Display Card Menu,4,836.0,REL_X+7,Critical,Closed,,,,,,
838,Task,Backend API development,3,837.0,REL_X+7,Critical,Done,1333.0,4.0,Backend,13.0,2.0,15.0
839,User Story,Payment Confirmation,3,836.0,REL_X+7,Critical,To Do,,,,,,
840,Task,Back end development task -1,1,839.0,REL_X+7,Critical,Blocked,1356.0,5.0,Backend,3.0,0.0,3.0
841,User Story,Make a transfer,5,836.0,REL_X+7,Critical,Done,,,,,,
842,Task,Android development task -1,1,841.0,REL_X+7,Critical,Blocked,518.0,4.0,Android,3.0,0.0,3.0
843,Task,iOS development task 1,2,841.0,REL_X+7,Critical,Blocked,518.0,4.0,iOS,8.0,0.0,8.0
844,Task,iOS development task 1,2,841.0,REL_X+7,Critical,In Review,518.0,4.0,iOS,10.0,0.0,10.0
845,Task,iOS development task 1,2,841.0,REL_X+7,Critical,Done,518.0,4.0,iOS,9.0,0.0,9.0
846,Business Story,Update Card,13,835.0,REL_X+7,Critical,In Progress,,,,,,
847,User Story,Payment Confirmation,5,846.0,REL_X+7,Critical,Blocked,,,,,,
848,Task,Back end development task -2,2,847.0,REL_X+7,Critical,In Review,605.0,8.0,Backend,7.0,1.0,8.0
849,Task,Back end development task -1,1,847.0,REL_X+7,Critical,Done,605.0,8.0,Backend,3.0,0.0,3.0
850,User Story,Review transfer,5,846.0,REL_X+7,Critical,In Progress,,,,,,
851,Task,Environment setup,2,850.0,REL_X+7,Critical,Closed,185.0,8.0,DevOps,6.0,1.0,7.0
852,Task,Back end development task -1,1,850.0,REL_X+7,Critical,Blocked,185.0,8.0,Backend,5.0,1.0,6.0
853,Task,Back end development task -2,1,850.0,REL_X+7,Critical,In Review,185.0,8.0,Backend,4.0,0.0,4.0
854,Task,QA Android,3,850.0,REL_X+7,Critical,Closed,185.0,8.0,QA,14.0,1.0,15.0
855,Task,iOS development task 1,1,850.0,REL_X+7,Critical,In Progress,185.0,8.0,iOS,3.0,0.0,3.0
856,Feature,Dashboard,34,834.0,REL_X+7,Critical,Closed,,,,,,
857,Business Story,Email Verification,10,856.0,REL_X+7,Critical,Blocked,,,,,,
858,User Story,Transaction history,7,857.0,REL_X+7,Critical,In Progress,,,,,,
859,Task,Backend API development,3,858.0,REL_X+7,Critical,Closed,234.0,1.0,Backend,13.0,1.0,14.0
860,Task,QA Testing,2,858.0,REL_X+7,Critical,To Do,234.0,1.0,QA,11.0,0.0,11.0
861,Task,Android development task -1,2,858.0,REL_X+7,Critical,To Do,234.0,1.0,Android,6.0,0.0,6.0
862,Task,iOS UI implementation,3,858.0,REL_X+7,Critical,In Progress,234.0,1.0,iOS,16.0,3.0,19.0
863,User Story,Display Card Screen,5,857.0,REL_X+7,Critical,In Review,,,,,,
864,Task,Android development task -1,1,863.0,REL_X+7,Critical,Blocked,1253.0,1.0,Android,6.0,0.0,6.0
865,User Story,Send email,5,857.0,REL_X+7,Critical,To Do,,,,,,
866,Task,Back end development task -1,2,865.0,REL_X+7,Critical,Closed,536.0,5.0,Backend,11.0,2.0,13.0
867,Task,Back end development task -1,3,865.0,REL_X+7,Critical,Done,536.0,5.0,Backend,14.0,2.0,16.0
868,Task,iOS development task 1,1,865.0,REL_X+7,Critical,In Review,536.0,5.0,iOS,4.0,0.0,4.0
869,Business Story,Payment Callback,9,856.0,REL_X+7,Critical,Closed,,,,,,
870,User Story,Verify Email,3,869.0,REL_X+7,Critical,In Progress,,,,,,
871,Task,QA Testing,3,870.0,REL_X+7,Critical,In Review,1036.0,8.0,QA,10.0,1.0,11.0
872,Task,Back end development task -1,1,870.0,REL_X+7,Critical,Done,1036.0,8.0,Backend,5.0,0.0,5.0
873,Task,Back end development task -1,2,870.0,REL_X+7,Critical,In Progress,1036.0,8.0,Backend,9.0,1.0,10.0
874,Task,Environment setup,1,870.0,REL_X+7,Critical,Blocked,1036.0,8.0,DevOps,6.0,0.0,6.0
875,User Story,Make a transfer,5,869.0,REL_X+7,Critical,To Do,,,,,,
876,Task,iOS development task 1,1,875.0,REL_X+7,Critical,To Do,1019.0,8.0,iOS,3.0,0.0,3.0
877,User Story,Display Card Menu,6,869.0,REL_X+7,Critical,Done,,,,,,
878,Task,QA Android,2,877.0,REL_X+7,Critical,In Review,1306.0,3.0,QA,9.0,1.0,10.0
879,Task,Back end development task -2,3,877.0,REL_X+7,Critical,Done,1306.0,3.0,Backend,16.0,2.0,18.0
880,Task,QA Testing,2,877.0,REL_X+7,Critical,To Do,1306.0,3.0,QA,8.0,1.0,9.0
881,Epic,Accounts,55,,REL_X+5,Low,In Review,,,,,,
882,Feature,Authorization,34,881.0,REL_X+5,Low,In Review,,,,,,
883,Business Story,Add Card,13,882.0,REL_X+5,Low,Blocked,,,,,,
884,User Story,Verify Email,4,883.0,REL_X+5,Low,Done,,,,,,
885,Task,iOS development task 1,3,884.0,REL_X+5,Low,Blocked,402.0,8.0,iOS,15.0,1.0,16.0
886,Task,QA Android,2,884.0,REL_X+5,Low,To Do,402.0,8.0,QA,6.0,1.0,7.0
887,Business Story,Update Card,13,882.0,REL_X+5,Low,Closed,,,,,,
888,User Story,Error Handling,5,887.0,REL_X+5,Low,Done,,,,,,
889,Task,QA Testing,1,888.0,REL_X+5,Low,Done,1033.0,8.0,QA,3.0,0.0,3.0
890,Task,QA Testing,3,888.0,REL_X+5,Low,Done,1033.0,8.0,QA,11.0,2.0,13.0
891,User Story,Display Card Screen,4,887.0,REL_X+5,Low,In Progress,,,,,,
892,Task,QA iOS,2,891.0,REL_X+5,Low,Done,213.0,1.0,QA,9.0,1.0,10.0
893,Task,Back end development task -1,1,891.0,REL_X+5,Low,Blocked,213.0,1.0,Backend,5.0,1.0,6.0
894,Task,Android development task -1,1,891.0,REL_X+5,Low,Closed,213.0,1.0,Android,5.0,1.0,6.0
895,Task,QA Android,1,891.0,REL_X+5,Low,Closed,213.0,1.0,QA,5.0,1.0,6.0
896,User Story,Payment Form,4,887.0,REL_X+5,Low,Closed,,,,,,
897,Task,QA iOS,2,896.0,REL_X+5,Low,Done,1332.0,4.0,QA,12.0,1.0,13.0
898,Task,QA Testing,2,896.0,REL_X+5,Low,Blocked,1332.0,4.0,QA,11.0,2.0,13.0
899,Feature,Push Notifications,21,881.0,REL_X+5,Low,Closed,,,,,,
900,Business Story,Password Reset,10,899.0,REL_X+5,Low,To Do,,,,,,
901,User Story,Make a transfer,5,900.0,REL_X+5,Low,In Progress,,,,,,
902,Task,Android development task -1,2,901.0,REL_X+5,Low,Closed,547.0,6.0,Android,7.0,0.0,7.0
903,Task,Android development task -1,1,901.0,REL_X+5,Low,Blocked,547.0,6.0,Android,3.0,0.0,3.0
904,User Story,Display Card Menu,4,900.0,REL_X+5,Low,Closed,,,,,,
905,Task,Back end development task -1,2,904.0,REL_X+5,Low,In Progress,1515.0,3.0,Backend,10.0,1.0,11.0
906,Task,Android development task -1,2,904.0,REL_X+5,Low,Blocked,1515.0,3.0,Android,6.0,1.0,7.0
907,Task,iOS UI implementation,3,904.0,REL_X+5,Low,To Do,1515.0,3.0,iOS,14.0,2.0,16.0
908,Task,Back end development task -1,2,904.0,REL_X+5,Low,In Progress,1515.0,3.0,Backend,7.0,1.0,8.0
909,Task,QA Android,2,904.0,REL_X+5,Low,Done,1515.0,3.0,QA,10.0,2.0,12.0
910,Business Story,Add Card,13,899.0,REL_X+5,Low,In Progress,,,,,,
911,User Story,Review transfer,4,910.0,REL_X+5,Low,Closed,,,,,,
912,Task,QA iOS,2,911.0,REL_X+5,Low,To Do,153.0,6.0,QA,6.0,1.0,7.0
913,Task,iOS UI implementation,1,911.0,REL_X+5,Low,In Progress,153.0,6.0,iOS,5.0,0.0,5.0
914,User Story,Transaction history,5,910.0,REL_X+5,Low,In Review,,,,,,
915,Task,Android UI implementation,2,914.0,REL_X+5,Low,In Progress,12.0,1.0,Android,7.0,0.0,7.0
916,Task,QA iOS,2,914.0,REL_X+5,Low,Done,12.0,1.0,QA,12.0,2.0,14.0
917,Task,Android development task -1,1,914.0,REL_X+5,Low,Closed,12.0,1.0,Android,5.0,0.0,5.0
918,User Story,Payment Form,5,910.0,REL_X+5,Low,In Progress,,,,,,
919,Task,Environment setup,2,918.0,REL_X+5,Low,Done,377.0,7.0,DevOps,7.0,1.0,8.0
920,Task,Backend API development,1,918.0,REL_X+5,Low,Closed,377.0,7.0,Backend,4.0,0.0,4.0
921,Task,QA iOS,1,918.0,REL_X+5,Low,Done,377.0,7.0,QA,5.0,0.0,5.0
922,Task,QA Testing,3,918.0,REL_X+5,Low,Closed,377.0,7.0,QA,9.0,0.0,9.0
923,Task,QA Android,1,918.0,REL_X+5,Low,Closed,377.0,7.0,QA,4.0,0.0,4.0
924,Business Story,Remove Card,13,899.0,REL_X+5,Low,In Review,,,,,,
925,User Story,Display Card Screen,5,924.0,REL_X+5,Low,Closed,,,,,,
926,Task,QA Android,2,925.0,REL_X+5,Low,Blocked,580.0,7.0,QA,10.0,1.0,11.0
927,User Story,Verify Email,3,924.0,REL_X+5,Low,Closed,,,,,,
928,Task,Environment setup,3,927.0,REL_X+5,Low,Done,395.0,8.0,DevOps,11.0,2.0,13.0
929,Task,Back end development task -1,2,927.0,REL_X+5,Low,Closed,395.0,8.0,Backend,7.0,0.0,7.0
930,Task,iOS UI implementation,3,927.0,REL_X+5,Low,Closed,395.0,8.0,iOS,12.0,2.0,14.0
931,Feature,Email Service,21,881.0,REL_X+5,Low,Closed,,,,,,
932,Business Story,Remove Card,13,931.0,REL_X+5,Low,Blocked,,,,,,
933,User Story,Send email,3,932.0,REL_X+5,Low,In Progress,,,,,,
934,Task,Environment setup,2,933.0,REL_X+5,Low,Blocked,1627.0,7.0,DevOps,7.0,1.0,8.0
935,Task,Backend API development,1,933.0,REL_X+5,Low,In Review,1627.0,7.0,Backend,6.0,1.0,7.0
936,Task,Back end development task -1,1,933.0,REL_X+5,Low,Closed,1627.0,7.0,Backend,3.0,0.0,3.0
937,User Story,Display Card Menu,6,932.0,REL_X+5,Low,To Do,,,,,,
938,Task,Back end development task -2,2,937.0,REL_X+5,Low,Done,1549.0,4.0,Backend,6.0,1.0,7.0
939,Task,iOS development task 1,1,937.0,REL_X+5,Low,In Review,1549.0,4.0,iOS,5.0,0.0,5.0
940,Task,Android UI implementation,1,937.0,REL_X+5,Low,In Progress,1549.0,4.0,Android,3.0,0.0,3.0
941,Task,Back end development task -1,1,937.0,REL_X+5,Low,Closed,1549.0,4.0,Backend,6.0,1.0,7.0
942,Task,Android development task -1,1,937.0,REL_X+5,Low,Done,1549.0,4.0,Android,5.0,0.0,5.0
943,User Story,Display Card Screen,7,932.0,REL_X+5,Low,In Progress,,,,,,
944,Task,Back end development task -1,2,943.0,REL_X+5,Low,In Review,253.0,2.0,Backend,9.0,0.0,9.0
945,Business Story,Update Card,13,931.0,REL_X+5,Low,In Progress,,,,,,
946,User Story,Send email,8,945.0,REL_X+5,Low,Done,,,,,,
947,Task,QA iOS,1,946.0,REL_X+5,Low,To Do,292.0,4.0,QA,5.0,0.0,5.0
948,Task,QA iOS,2,946.0,REL_X+5,Low,Done,292.0,4.0,QA,10.0,0.0,10.0
949,User Story,Review transfer,5,945.0,REL_X+5,Low,Done,,,,,,
950,Task,Environment setup,1,949.0,REL_X+5,Low,In Review,150.0,6.0,DevOps,4.0,0.0,4.0
951,Task,QA Android,1,949.0,REL_X+5,Low,In Review,150.0,6.0,QA,4.0,0.0,4.0
952,Task,Environment setup,3,949.0,REL_X+5,Low,Blocked,150.0,6.0,DevOps,14.0,1.0,15.0
953,User Story,Verify Email,5,945.0,REL_X+5,Low,Closed,,,,,,
954,Task,Android development task -1,2,953.0,REL_X+5,Low,Blocked,627.0,1.0,Android,8.0,1.0,9.0
955,Task,QA iOS,1,953.0,REL_X+5,Low,Closed,627.0,1.0,QA,4.0,0.0,4.0
956,Task,iOS UI implementation,1,953.0,REL_X+5,Low,Closed,627.0,1.0,iOS,5.0,0.0,5.0
957,Task,QA iOS,3,953.0,REL_X+5,Low,In Review,627.0,1.0,QA,16.0,3.0,19.0
958,Task,Android development task -1,1,953.0,REL_X+5,Low,Closed,627.0,1.0,Android,3.0,0.0,3.0
959,Business Story,Add Card,13,931.0,REL_X+5,Low,Done,,,,,,
960,User Story,Transaction history,7,959.0,REL_X+5,Low,In Progress,,,,,,
961,Task,QA Android,1,960.0,REL_X+5,Low,To Do,1826.0,7.0,QA,3.0,0.0,3.0
962,Task,Back end development task -1,3,960.0,REL_X+5,Low,Done,1826.0,7.0,Backend,18.0,3.0,21.0
963,Task,QA Android,3,960.0,REL_X+5,Low,Done,1826.0,7.0,QA,17.0,2.0,19.0
964,Task,QA Testing,2,960.0,REL_X+5,Low,Blocked,1826.0,7.0,QA,7.0,1.0,8.0
965,Task,Back end development task -1,3,960.0,REL_X+5,Low,In Progress,1826.0,7.0,Backend,18.0,2.0,20.0
966,Epic,Reporting,55,,REL_X+10,Low,Blocked,,,,,,
967,Feature,Email Service,21,966.0,REL_X+10,Low,Done,,,,,,
968,Business Story,Payment Validation,9,967.0,REL_X+10,Low,Blocked,,,,,,
969,User Story,Make a transfer,5,968.0,REL_X+10,Low,Done,,,,,,
970,Task,QA Testing,3,969.0,REL_X+10,Low,Blocked,1351.0,4.0,QA,9.0,0.0,9.0
971,Task,Back end development task -1,1,969.0,REL_X+10,Low,To Do,1351.0,4.0,Backend,5.0,0.0,5.0
972,Business Story,Update Card,13,967.0,REL_X+10,Low,Closed,,,,,,
973,User Story,Payment Confirmation,8,972.0,REL_X+10,Low,In Review,,,,,,
974,Task,Android UI implementation,3,973.0,REL_X+10,Low,To Do,795.0,7.0,Android,9.0,1.0,10.0
975,Task,iOS development task 1,3,973.0,REL_X+10,Low,Done,795.0,7.0,iOS,13.0,2.0,15.0
976,Task,QA iOS,1,973.0,REL_X+10,Low,Done,795.0,7.0,QA,6.0,1.0,7.0
977,Task,Environment setup,2,973.0,REL_X+10,Low,Done,795.0,7.0,DevOps,9.0,0.0,9.0
978,Feature,User Registration,34,966.0,REL_X+10,Low,Blocked,,,,,,
979,Business Story,Email Verification,10,978.0,REL_X+10,Low,Done,,,,,,
980,User Story,Payment Confirmation,7,979.0,REL_X+10,Low,Blocked,,,,,,
981,Task,Environment setup,2,980.0,REL_X+10,Low,In Progress,340.0,6.0,DevOps,8.0,0.0,8.0
982,Task,QA iOS,1,980.0,REL_X+10,Low,Blocked,340.0,6.0,QA,3.0,0.0,3.0
983,Business Story,Process Payment,9,978.0,REL_X+10,Low,In Review,,,,,,
984,User Story,Display Card Screen,5,983.0,REL_X+10,Low,Done,,,,,,
985,Task,Back end development task -1,1,984.0,REL_X+10,Low,In Progress,331.0,5.0,Backend,4.0,0.0,4.0
986,Task,Back end development task -2,3,984.0,REL_X+10,Low,In Progress,331.0,5.0,Backend,11.0,0.0,11.0
987,Task,iOS development task 1,3,984.0,REL_X+10,Low,Done,331.0,5.0,iOS,17.0,3.0,20.0
988,Task,Back end development task -1,3,984.0,REL_X+10,Low,In Progress,331.0,5.0,Backend,13.0,0.0,13.0
989,User Story,Payment Form,5,983.0,REL_X+10,Low,Blocked,,,,,,
990,Task,QA iOS,1,989.0,REL_X+10,Low,Done,1777.0,5.0,QA,6.0,0.0,6.0
991,Task,QA iOS,2,989.0,REL_X+10,Low,In Progress,1777.0,5.0,QA,10.0,1.0,11.0
992,Task,QA iOS,3,989.0,REL_X+10,Low,In Progress,1777.0,5.0,QA,18.0,0.0,18.0
993,Task,Backend API development,1,989.0,REL_X+10,Low,In Progress,1777.0,5.0,Backend,3.0,0.0,3.0
994,User Story,Payment Confirmation,5,983.0,REL_X+10,Low,Done,,,,,,
995,Task,Android development task -1,2,994.0,REL_X+10,Low,Done,1402.0,6.0,Android,7.0,1.0,8.0
996,Task,Back end development task -2,3,994.0,REL_X+10,Low,To Do,1402.0,6.0,Backend,17.0,0.0,17.0
997,Task,QA Testing,2,994.0,REL_X+10,Low,To Do,1402.0,6.0,QA,10.0,2.0,12.0
998,Task,iOS UI implementation,2,994.0,REL_X+10,Low,Closed,1402.0,6.0,iOS,8.0,0.0,8.0
999,Business Story,Payment Validation,9,978.0,REL_X+10,Low,Done,,,,,,
1000,User Story,Review transfer,6,999.0,REL_X+10,Low,Blocked,,,,,,
1001,Task,iOS development task 1,1,1000.0,REL_X+10,Low,In Progress,718.0,4.0,iOS,5.0,1.0,6.0
1002,Task,Environment setup,1,1000.0,REL_X+10,Low,In Progress,718.0,4.0,DevOps,6.0,1.0,7.0
1003,Task,Back end development task -1,2,1000.0,REL_X+10,Low,Done,718.0,4.0,Backend,12.0,0.0,12.0
1004,Task,iOS development task 1,2,1000.0,REL_X+10,Low,Closed,718.0,4.0,iOS,9.0,0.0,9.0
1005,Task,QA iOS,1,1000.0,REL_X+10,Low,Blocked,718.0,4.0,QA,3.0,0.0,3.0
1006,User Story,Payment Form,5,999.0,REL_X+10,Low,In Review,,,,,,
1007,Task,iOS UI implementation,2,1006.0,REL_X+10,Low,Closed,536.0,5.0,iOS,10.0,1.0,11.0
1008,Task,Backend API development,2,1006.0,REL_X+10,Low,In Progress,536.0,5.0,Backend,9.0,1.0,10.0
1009,Task,QA Android,2,1006.0,REL_X+10,Low,In Review,536.0,5.0,QA,9.0,1.0,10.0
1010,Task,QA Android,2,1006.0,REL_X+10,Low,Closed,536.0,5.0,QA,9.0,0.0,9.0
1011,Task,iOS development task 1,2,1006.0,REL_X+10,Low,To Do,536.0,5.0,iOS,9.0,0.0,9.0
1012,Feature,Recurring Billing,21,966.0,REL_X+10,Low,In Progress,,,,,,
1013,Business Story,Email Verification,10,1012.0,REL_X+10,Low,In Progress,,,,,,
1014,User Story,Display Card Menu,7,1013.0,REL_X+10,Low,Blocked,,,,,,
1015,Task,Environment setup,1,1014.0,REL_X+10,Low,To Do,1230.0,8.0,DevOps,4.0,0.0,4.0
1016,Task,Back end development task -2,2,1014.0,REL_X+10,Low,Closed,1230.0,8.0,Backend,9.0,1.0,10.0
1017,Task,Back end development task -2,3,1014.0,REL_X+10,Low,Blocked,1230.0,8.0,Backend,11.0,2.0,13.0
1018,Task,Android UI implementation,1,1014.0,REL_X+10,Low,To Do,1230.0,8.0,Android,5.0,0.0,5.0
1019,User Story,Display Card Screen,6,1013.0,REL_X+10,Low,Done,,,,,,
1020,Task,QA iOS,2,1019.0,REL_X+10,Low,Closed,1057.0,1.0,QA,8.0,0.0,8.0
1021,Task,Back end development task -1,3,1019.0,REL_X+10,Low,Blocked,1057.0,1.0,Backend,10.0,1.0,11.0
1022,Business Story,Payment Validation,9,1012.0,REL_X+10,Low,In Review,,,,,,
1023,User Story,Verify Email,5,1022.0,REL_X+10,Low,Closed,,,,,,
1024,Task,Environment setup,2,1023.0,REL_X+10,Low,Done,1442.0,8.0,DevOps,11.0,2.0,13.0
1025,User Story,Error Handling,5,1022.0,REL_X+10,Low,In Review,,,,,,
1026,Task,QA Android,1,1025.0,REL_X+10,Low,In Review,464.0,2.0,QA,6.0,0.0,6.0
1027,Task,QA iOS,1,1025.0,REL_X+10,Low,Done,464.0,2.0,QA,3.0,0.0,3.0
1028,Task,Android development task -1,1,1025.0,REL_X+10,Low,Done,464.0,2.0,Android,3.0,0.0,3.0
1029,Task,iOS development task 1,2,1025.0,REL_X+10,Low,In Progress,464.0,2.0,iOS,9.0,1.0,10.0
1030,Task,QA iOS,3,1025.0,REL_X+10,Low,Done,464.0,2.0,QA,16.0,3.0,19.0
1031,User Story,Review transfer,7,1022.0,REL_X+10,Low,Blocked,,,,,,
1032,Task,Environment setup,1,1031.0,REL_X+10,Low,In Review,239.0,2.0,DevOps,4.0,0.0,4.0
1033,Task,iOS UI implementation,3,1031.0,REL_X+10,Low,Closed,239.0,2.0,iOS,17.0,0.0,17.0
1034,Task,iOS development task 1,1,1031.0,REL_X+10,Low,Closed,239.0,2.0,iOS,3.0,0.0,3.0
1035,Business Story,Add Card,13,1012.0,REL_X+10,Low,Closed,,,,,,
1036,User Story,Display Card Screen,8,1035.0,REL_X+10,Low,Blocked,,,,,,
1037,Task,QA Android,3,1036.0,REL_X+10,Low,Closed,643.0,1.0,QA,13.0,0.0,13.0
1038,Task,QA Android,1,1036.0,REL_X+10,Low,Closed,643.0,1.0,QA,4.0,0.0,4.0
1039,Task,Back end development task -1,3,1036.0,REL_X+10,Low,In Progress,643.0,1.0,Backend,12.0,0.0,12.0
1040,User Story,Payment Confirmation,7,1035.0,REL_X+10,Low,Done,,,,,,
1041,Task,iOS development task 1,1,1040.0,REL_X+10,Low,Done,730.0,5.0,iOS,3.0,0.0,3.0
1042,Task,Back end development task -1,2,1040.0,REL_X+10,Low,Blocked,730.0,5.0,Backend,10.0,0.0,10.0
1043,Epic,Security,55,,REL_X+7,Critical,Done,,,,,,
1044,Feature,Scheduled Reports,21,1043.0,REL_X+7,Critical,In Review,,,,,,
1045,Business Story,View Cards,12,1044.0,REL_X+7,Critical,Done,,,,,,
1046,User Story,Payment Form,3,1045.0,REL_X+7,Critical,In Review,,,,,,
1047,Task,Android UI implementation,3,1046.0,REL_X+7,Critical,In Review,807.0,8.0,Android,17.0,3.0,20.0
1048,Task,Back end development task -1,1,1046.0,REL_X+7,Critical,Done,807.0,8.0,Backend,4.0,0.0,4.0
1049,User Story,Payment Confirmation,4,1045.0,REL_X+7,Critical,In Review,,,,,,
1050,Task,QA iOS,2,1049.0,REL_X+7,Critical,Blocked,1255.0,1.0,QA,7.0,1.0,8.0
1051,Task,QA iOS,1,1049.0,REL_X+7,Critical,In Progress,1255.0,1.0,QA,6.0,1.0,7.0
1052,Task,iOS UI implementation,2,1049.0,REL_X+7,Critical,Blocked,1255.0,1.0,iOS,8.0,1.0,9.0
1053,Business Story,Update Card,13,1044.0,REL_X+7,Critical,In Review,,,,,,
1054,User Story,Make a transfer,8,1053.0,REL_X+7,Critical,Closed,,,,,,
1055,Task,iOS development task 1,3,1054.0,REL_X+7,Critical,Blocked,469.0,3.0,iOS,17.0,3.0,20.0
1056,User Story,Error Handling,4,1053.0,REL_X+7,Critical,Closed,,,,,,
1057,Task,Back end development task -1,1,1056.0,REL_X+7,Critical,Closed,307.0,4.0,Backend,6.0,0.0,6.0
1058,Task,QA iOS,2,1056.0,REL_X+7,Critical,Done,307.0,4.0,QA,8.0,1.0,9.0
1059,Task,Back end development task -2,1,1056.0,REL_X+7,Critical,In Progress,307.0,4.0,Backend,4.0,0.0,4.0
1060,Task,iOS development task 1,1,1056.0,REL_X+7,Critical,Closed,307.0,4.0,iOS,3.0,0.0,3.0
1061,Business Story,Add Card,13,1044.0,REL_X+7,Critical,In Review,,,,,,
1062,User Story,Send email,5,1061.0,REL_X+7,Critical,In Review,,,,,,
1063,Task,iOS UI implementation,1,1062.0,REL_X+7,Critical,In Review,705.0,4.0,iOS,4.0,0.0,4.0
1064,User Story,Error Handling,5,1061.0,REL_X+7,Critical,Closed,,,,,,
1065,Task,Android UI implementation,3,1064.0,REL_X+7,Critical,Blocked,1046.0,1.0,Android,15.0,2.0,17.0
1066,Task,Android development task -1,3,1064.0,REL_X+7,Critical,Closed,1046.0,1.0,Android,14.0,1.0,15.0
1067,Task,Backend API development,3,1064.0,REL_X+7,Critical,In Progress,1046.0,1.0,Backend,10.0,0.0,10.0
1068,Task,QA iOS,1,1064.0,REL_X+7,Critical,Closed,1046.0,1.0,QA,5.0,1.0,6.0
1069,Feature,Transaction History,34,1043.0,REL_X+7,Critical,In Review,,,,,,
1070,Business Story,Sign Up,11,1069.0,REL_X+7,Critical,Closed,,,,,,
1071,User Story,Payment Confirmation,4,1070.0,REL_X+7,Critical,To Do,,,,,,
1072,Task,iOS development task 1,3,1071.0,REL_X+7,Critical,In Progress,257.0,2.0,iOS,10.0,0.0,10.0
1073,Task,Backend API development,1,1071.0,REL_X+7,Critical,Done,257.0,2.0,Backend,3.0,0.0,3.0
1074,User Story,Payment Form,3,1070.0,REL_X+7,Critical,Blocked,,,,,,
1075,Task,iOS development task 1,1,1074.0,REL_X+7,Critical,Closed,1074.0,2.0,iOS,4.0,0.0,4.0
1076,User Story,Verify Email,8,1070.0,REL_X+7,Critical,Blocked,,,,,,
1077,Task,Back end development task -1,2,1076.0,REL_X+7,Critical,In Progress,634.0,1.0,Backend,9.0,0.0,9.0
1078,Task,QA iOS,1,1076.0,REL_X+7,Critical,Blocked,634.0,1.0,QA,5.0,1.0,6.0
1079,Business Story,Process Payment,9,1069.0,REL_X+7,Critical,Blocked,,,,,,
1080,User Story,Transaction history,4,1079.0,REL_X+7,Critical,Closed,,,,,,
1081,Task,Android UI implementation,2,1080.0,REL_X+7,Critical,Blocked,1105.0,3.0,Android,11.0,2.0,13.0
1082,Task,Android development task -1,3,1080.0,REL_X+7,Critical,To Do,1105.0,3.0,Android,16.0,1.0,17.0
1083,User Story,Payment Confirmation,5,1079.0,REL_X+7,Critical,In Review,,,,,,
1084,Task,Android development task -1,1,1083.0,REL_X+7,Critical,In Review,845.0,1.0,Android,3.0,0.0,3.0
1085,Task,Android development task -1,1,1083.0,REL_X+7,Critical,Blocked,845.0,1.0,Android,3.0,0.0,3.0
1086,Task,Android development task -1,1,1083.0,REL_X+7,Critical,Done,845.0,1.0,Android,6.0,1.0,7.0
1087,User Story,Payment Form,5,1079.0,REL_X+7,Critical,To Do,,,,,,
1088,Task,QA Android,1,1087.0,REL_X+7,Critical,In Progress,1123.0,4.0,QA,6.0,1.0,7.0
1089,Task,QA iOS,2,1087.0,REL_X+7,Critical,Blocked,1123.0,4.0,QA,11.0,1.0,12.0
1090,Task,Back end development task -1,1,1087.0,REL_X+7,Critical,Done,1123.0,4.0,Backend,6.0,0.0,6.0
1091,Business Story,Email Verification,10,1069.0,REL_X+7,Critical,Done,,,,,,
1092,User Story,Transaction history,5,1091.0,REL_X+7,Critical,To Do,,,,,,
1093,Task,Android development task -1,1,1092.0,REL_X+7,Critical,In Review,374.0,7.0,Android,6.0,1.0,7.0
1094,Task,QA Testing,1,1092.0,REL_X+7,Critical,To Do,374.0,7.0,QA,3.0,0.0,3.0
1095,User Story,Error Handling,8,1091.0,REL_X+7,Critical,To Do,,,,,,
1096,Task,Android development task -1,1,1095.0,REL_X+7,Critical,In Progress,381.0,7.0,Android,6.0,0.0,6.0
1097,User Story,Payment Confirmation,3,1091.0,REL_X+7,Critical,To Do,,,,,,
1098,Task,QA iOS,1,1097.0,REL_X+7,Critical,Blocked,1011.0,7.0,QA,6.0,1.0,7.0
1099,Task,Back end development task -2,1,1097.0,REL_X+7,Critical,In Review,1011.0,7.0,Backend,4.0,0.0,4.0
1100,Feature,Email Service,21,1043.0,REL_X+7,Critical,Blocked,,,,,,
1101,Business Story,Payment Validation,9,1100.0,REL_X+7,Critical,In Progress,,,,,,
1102,User Story,Transaction history,7,1101.0,REL_X+7,Critical,To Do,,,,,,
1103,Task,Backend API development,2,1102.0,REL_X+7,Critical,Closed,250.0,2.0,Backend,9.0,0.0,9.0
1104,Task,Back end development task -2,1,1102.0,REL_X+7,Critical,Blocked,250.0,2.0,Backend,3.0,0.0,3.0
1105,Business Story,Process Payment,9,1100.0,REL_X+7,Critical,Blocked,,,,,,
1106,User Story,Transaction history,5,1105.0,REL_X+7,Critical,To Do,,,,,,
1107,Task,iOS development task 1,1,1106.0,REL_X+7,Critical,In Review,1526.0,3.0,iOS,5.0,0.0,5.0
1108,Task,Back end development task -2,3,1106.0,REL_X+7,Critical,In Progress,1526.0,3.0,Backend,12.0,0.0,12.0
1109,Task,iOS UI implementation,1,1106.0,REL_X+7,Critical,Done,1526.0,3.0,iOS,4.0,0.0,4.0
1110,Task,iOS development task 1,1,1106.0,REL_X+7,Critical,To Do,1526.0,3.0,iOS,4.0,0.0,4.0
1111,Task,QA Testing,2,1106.0,REL_X+7,Critical,To Do,1526.0,3.0,QA,7.0,1.0,8.0
1112,User Story,Send email,5,1105.0,REL_X+7,Critical,Blocked,,,,,,
1113,Task,QA iOS,3,1112.0,REL_X+7,Critical,In Review,188.0,8.0,QA,9.0,0.0,9.0
1114,Task,Android development task -1,2,1112.0,REL_X+7,Critical,In Progress,188.0,8.0,Android,12.0,0.0,12.0
1115,Task,QA Testing,1,1112.0,REL_X+7,Critical,Closed,188.0,8.0,QA,5.0,1.0,6.0
1116,Task,QA Android,1,1112.0,REL_X+7,Critical,Closed,188.0,8.0,QA,6.0,1.0,7.0
1117,Task,Android development task -1,1,1112.0,REL_X+7,Critical,Closed,188.0,8.0,Android,3.0,0.0,3.0
1118,User Story,Make a transfer,5,1105.0,REL_X+7,Critical,In Review,,,,,,
1119,Task,QA Android,2,1118.0,REL_X+7,Critical,In Review,1112.0,3.0,QA,10.0,1.0,11.0
1120,Task,Android UI implementation,1,1118.0,REL_X+7,Critical,Done,1112.0,3.0,Android,4.0,0.0,4.0
1121,Task,Android development task -1,1,1118.0,REL_X+7,Critical,Blocked,1112.0,3.0,Android,5.0,1.0,6.0
1122,Task,Back end development task -1,2,1118.0,REL_X+7,Critical,Closed,1112.0,3.0,Backend,10.0,1.0,11.0
1123,Epic,Payments,55,,REL_X+2,High,Done,,,,,,
1124,Feature,Audit Logs,21,1123.0,REL_X+2,High,Closed,,,,,,
1125,Business Story,View Cards,12,1124.0,REL_X+2,High,Done,,,,,,
1126,User Story,Error Handling,5,1125.0,REL_X+2,High,Blocked,,,,,,
1127,Task,iOS development task 1,1,1126.0,REL_X+2,High,In Progress,1313.0,3.0,iOS,3.0,0.0,3.0
1128,Task,QA iOS,3,1126.0,REL_X+2,High,Blocked,1313.0,3.0,QA,12.0,0.0,12.0
1129,Task,QA Android,1,1126.0,REL_X+2,High,Done,1313.0,3.0,QA,6.0,1.0,7.0
1130,Business Story,Payment Validation,9,1124.0,REL_X+2,High,Done,,,,,,
1131,User Story,Error Handling,5,1130.0,REL_X+2,High,Done,,,,,,
1132,Task,Back end development task -1,3,1131.0,REL_X+2,High,Blocked,1471.0,1.0,Backend,12.0,2.0,14.0
1133,User Story,Transaction history,8,1130.0,REL_X+2,High,To Do,,,,,,
1134,Task,QA Android,2,1133.0,REL_X+2,High,Closed,959.0,5.0,QA,9.0,1.0,10.0
1135,User Story,Display Card Menu,3,1130.0,REL_X+2,High,Done,,,,,,
1136,Task,Back end development task -2,2,1135.0,REL_X+2,High,To Do,545.0,5.0,Backend,12.0,1.0,13.0
1137,Task,QA Android,3,1135.0,REL_X+2,High,Closed,545.0,5.0,QA,10.0,0.0,10.0
1138,Task,Back end development task -1,2,1135.0,REL_X+2,High,Done,545.0,5.0,Backend,7.0,0.0,7.0
1139,Task,Back end development task -1,2,1135.0,REL_X+2,High,Closed,545.0,5.0,Backend,7.0,1.0,8.0
1140,Task,iOS development task 1,2,1135.0,REL_X+2,High,Closed,545.0,5.0,iOS,10.0,1.0,11.0
1141,Business Story,Process Payment,9,1124.0,REL_X+2,High,Blocked,,,,,,
1142,User Story,Verify Email,6,1141.0,REL_X+2,High,Done,,,,,,
1143,Task,QA iOS,2,1142.0,REL_X+2,High,Blocked,823.0,8.0,QA,10.0,2.0,12.0
1144,Task,QA Android,3,1142.0,REL_X+2,High,In Review,823.0,8.0,QA,17.0,2.0,19.0
1145,Task,iOS UI implementation,2,1142.0,REL_X+2,High,Done,823.0,8.0,iOS,9.0,1.0,10.0
1146,Task,Back end development task -1,2,1142.0,REL_X+2,High,Done,823.0,8.0,Backend,7.0,1.0,8.0
1147,Task,iOS development task 1,1,1142.0,REL_X+2,High,Blocked,823.0,8.0,iOS,6.0,1.0,7.0
1148,User Story,Display Card Screen,3,1141.0,REL_X+2,High,To Do,,,,,,
1149,Task,Back end development task -1,2,1148.0,REL_X+2,High,In Review,583.0,7.0,Backend,8.0,0.0,8.0
1150,Task,Back end development task -1,1,1148.0,REL_X+2,High,Closed,583.0,7.0,Backend,5.0,0.0,5.0
1151,Task,iOS development task 1,3,1148.0,REL_X+2,High,To Do,583.0,7.0,iOS,17.0,1.0,18.0
1152,Task,Back end development task -2,1,1148.0,REL_X+2,High,In Review,583.0,7.0,Backend,4.0,0.0,4.0
1153,Task,QA Android,3,1148.0,REL_X+2,High,In Review,583.0,7.0,QA,12.0,0.0,12.0
1154,User Story,Make a transfer,7,1141.0,REL_X+2,High,To Do,,,,,,
1155,Task,QA Android,2,1154.0,REL_X+2,High,Blocked,1169.0,5.0,QA,11.0,1.0,12.0
1156,Task,QA iOS,1,1154.0,REL_X+2,High,To Do,1169.0,5.0,QA,3.0,0.0,3.0
1157,Task,Backend API development,1,1154.0,REL_X+2,High,In Review,1169.0,5.0,Backend,3.0,0.0,3.0
1158,Task,iOS UI implementation,1,1154.0,REL_X+2,High,Closed,1169.0,5.0,iOS,3.0,0.0,3.0
1159,Feature,Account Settings,21,1123.0,REL_X+2,High,Closed,,,,,,
1160,Business Story,Password Reset,10,1159.0,REL_X+2,High,In Review,,,,,,
1161,User Story,Display Card Menu,5,1160.0,REL_X+2,High,Closed,,,,,,
1162,Task,Back end development task -2,2,1161.0,REL_X+2,High,Done,453.0,2.0,Backend,9.0,1.0,10.0
1163,Task,Environment setup,1,1161.0,REL_X+2,High,In Progress,453.0,2.0,DevOps,5.0,1.0,6.0
1164,User Story,Send email,4,1160.0,REL_X+2,High,To Do,,,,,,
1165,Task,Back end development task -2,2,1164.0,REL_X+2,High,Blocked,975.0,6.0,Backend,8.0,0.0,8.0
1166,Task,iOS UI implementation,2,1164.0,REL_X+2,High,Blocked,975.0,6.0,iOS,7.0,0.0,7.0
1167,Task,QA Android,1,1164.0,REL_X+2,High,In Progress,975.0,6.0,QA,4.0,0.0,4.0
1168,Task,Environment setup,1,1164.0,REL_X+2,High,Closed,975.0,6.0,DevOps,6.0,1.0,7.0
1169,Task,Environment setup,1,1164.0,REL_X+2,High,In Review,975.0,6.0,DevOps,6.0,1.0,7.0
1170,User Story,Make a transfer,5,1160.0,REL_X+2,High,In Review,,,,,,
1171,Task,Back end development task -1,2,1170.0,REL_X+2,High,Done,706.0,4.0,Backend,7.0,1.0,8.0
1172,Task,Android UI implementation,2,1170.0,REL_X+2,High,In Progress,706.0,4.0,Android,9.0,0.0,9.0
1173,Task,QA Android,2,1170.0,REL_X+2,High,To Do,706.0,4.0,QA,7.0,0.0,7.0
1174,Task,Back end development task -2,1,1170.0,REL_X+2,High,To Do,706.0,4.0,Backend,4.0,0.0,4.0
1175,Task,QA iOS,2,1170.0,REL_X+2,High,Blocked,706.0,4.0,QA,6.0,1.0,7.0
1176,Business Story,Add Card,13,1159.0,REL_X+2,High,Blocked,,,,,,
1177,User Story,Send email,5,1176.0,REL_X+2,High,Done,,,,,,
1178,Task,iOS development task 1,2,1177.0,REL_X+2,High,In Progress,434.0,1.0,iOS,10.0,2.0,12.0
1179,Task,Back end development task -1,1,1177.0,REL_X+2,High,In Progress,434.0,1.0,Backend,3.0,0.0,3.0
1180,Epic,Accounts,55,,REL_X+6,Medium,Closed,,,,,,
1181,Feature,Authentication,34,1180.0,REL_X+6,Medium,To Do,,,,,,
1182,Business Story,Sign Up,11,1181.0,REL_X+6,Medium,To Do,,,,,,
1183,User Story,Verify Email,8,1182.0,REL_X+6,Medium,Done,,,,,,
1184,Task,QA iOS,1,1183.0,REL_X+6,Medium,In Progress,1454.0,8.0,QA,3.0,0.0,3.0
1185,User Story,Review transfer,5,1182.0,REL_X+6,Medium,Blocked,,,,,,
1186,Task,Back end development task -2,1,1185.0,REL_X+6,Medium,Blocked,1149.0,5.0,Backend,5.0,1.0,6.0
1187,Business Story,Email Verification,10,1181.0,REL_X+6,Medium,Blocked,,,,,,
1188,User Story,Make a transfer,5,1187.0,REL_X+6,Medium,In Review,,,,,,
1189,Task,Back end development task -1,3,1188.0,REL_X+6,Medium,To Do,1281.0,2.0,Backend,17.0,2.0,19.0
1190,Task,iOS development task 1,3,1188.0,REL_X+6,Medium,In Progress,1281.0,2.0,iOS,9.0,1.0,10.0
1191,Task,Android development task -1,1,1188.0,REL_X+6,Medium,To Do,1281.0,2.0,Android,6.0,0.0,6.0
1192,User Story,Display Card Menu,6,1187.0,REL_X+6,Medium,Done,,,,,,
1193,Task,Back end development task -1,1,1192.0,REL_X+6,Medium,In Review,1389.0,6.0,Backend,4.0,0.0,4.0
1194,Task,QA iOS,1,1192.0,REL_X+6,Medium,Closed,1389.0,6.0,QA,4.0,0.0,4.0
1195,Task,Android development task -1,2,1192.0,REL_X+6,Medium,In Progress,1389.0,6.0,Android,11.0,0.0,11.0
1196,Task,Android development task -1,2,1192.0,REL_X+6,Medium,Blocked,1389.0,6.0,Android,10.0,0.0,10.0
1197,Task,Android development task -1,2,1192.0,REL_X+6,Medium,In Review,1389.0,6.0,Android,10.0,0.0,10.0
1198,User Story,Send email,3,1187.0,REL_X+6,Medium,Done,,,,,,
1199,Task,QA iOS,1,1198.0,REL_X+6,Medium,In Review,1474.0,1.0,QA,4.0,0.0,4.0
1200,Business Story,Remove Card,13,1181.0,REL_X+6,Medium,Blocked,,,,,,
1201,User Story,Transaction history,6,1200.0,REL_X+6,Medium,Closed,,,,,,
1202,Task,Android development task -1,2,1201.0,REL_X+6,Medium,In Progress,1513.0,3.0,Android,6.0,0.0,6.0
1203,Task,Back end development task -1,2,1201.0,REL_X+6,Medium,In Review,1513.0,3.0,Backend,10.0,2.0,12.0
1204,Task,Back end development task -1,2,1201.0,REL_X+6,Medium,In Review,1513.0,3.0,Backend,7.0,0.0,7.0
1205,User Story,Payment Form,3,1200.0,REL_X+6,Medium,Blocked,,,,,,
1206,Task,QA Testing,2,1205.0,REL_X+6,Medium,Blocked,275.0,3.0,QA,8.0,0.0,8.0
1207,Task,QA Testing,1,1205.0,REL_X+6,Medium,In Progress,275.0,3.0,QA,4.0,0.0,4.0
1208,Task,Back end development task -2,1,1205.0,REL_X+6,Medium,Blocked,275.0,3.0,Backend,3.0,0.0,3.0
1209,Task,Back end development task -1,2,1205.0,REL_X+6,Medium,To Do,275.0,3.0,Backend,7.0,0.0,7.0
1210,Task,QA iOS,3,1205.0,REL_X+6,Medium,Closed,275.0,3.0,QA,16.0,3.0,19.0
1211,Feature,User Profile,34,1180.0,REL_X+6,Medium,In Review,,,,,,
1212,Business Story,View Cards,12,1211.0,REL_X+6,Medium,To Do,,,,,,
1213,User Story,Verify Email,5,1212.0,REL_X+6,Medium,Closed,,,,,,
1214,Task,Back end development task -2,2,1213.0,REL_X+6,Medium,To Do,1172.0,6.0,Backend,9.0,1.0,10.0
1215,Task,Back end development task -1,2,1213.0,REL_X+6,Medium,Done,1172.0,6.0,Backend,9.0,0.0,9.0
1216,Task,Backend API development,2,1213.0,REL_X+6,Medium,In Progress,1172.0,6.0,Backend,11.0,0.0,11.0
1217,Task,Android development task -1,1,1213.0,REL_X+6,Medium,Blocked,1172.0,6.0,Android,5.0,1.0,6.0
1218,Task,QA iOS,1,1213.0,REL_X+6,Medium,Blocked,1172.0,6.0,QA,3.0,0.0,3.0
1219,User Story,Send email,7,1212.0,REL_X+6,Medium,Blocked,,,,,,
1220,Task,iOS development task 1,1,1219.0,REL_X+6,Medium,Blocked,186.0,8.0,iOS,4.0,0.0,4.0
1221,Task,QA iOS,1,1219.0,REL_X+6,Medium,Done,186.0,8.0,QA,4.0,0.0,4.0
1222,Task,QA Android,3,1219.0,REL_X+6,Medium,In Review,186.0,8.0,QA,10.0,1.0,11.0
1223,Task,QA iOS,2,1219.0,REL_X+6,Medium,To Do,186.0,8.0,QA,6.0,0.0,6.0
1224,Task,Android UI implementation,2,1219.0,REL_X+6,Medium,Closed,186.0,8.0,Android,6.0,1.0,7.0
1225,User Story,Error Handling,6,1212.0,REL_X+6,Medium,Done,,,,,,
1226,Task,Backend API development,2,1225.0,REL_X+6,Medium,In Review,1254.0,1.0,Backend,6.0,0.0,6.0
1227,Task,Android development task -1,1,1225.0,REL_X+6,Medium,Closed,1254.0,1.0,Android,4.0,0.0,4.0
1228,Business Story,Password Reset,10,1211.0,REL_X+6,Medium,To Do,,,,,,
1229,User Story,Transaction history,6,1228.0,REL_X+6,Medium,Blocked,,,,,,
1230,Task,iOS development task 1,3,1229.0,REL_X+6,Medium,Done,592.0,7.0,iOS,12.0,0.0,12.0
1231,Task,iOS development task 1,1,1229.0,REL_X+6,Medium,Done,592.0,7.0,iOS,6.0,1.0,7.0
1232,User Story,Error Handling,7,1228.0,REL_X+6,Medium,Done,,,,,,
1233,Task,Back end development task -1,1,1232.0,REL_X+6,Medium,Blocked,1808.0,6.0,Backend,6.0,1.0,7.0
1234,Task,Android UI implementation,1,1232.0,REL_X+6,Medium,Done,1808.0,6.0,Android,3.0,0.0,3.0
1235,Task,iOS development task 1,2,1232.0,REL_X+6,Medium,To Do,1808.0,6.0,iOS,10.0,0.0,10.0
1236,Task,QA iOS,1,1232.0,REL_X+6,Medium,In Progress,1808.0,6.0,QA,5.0,0.0,5.0
1237,Business Story,Payment Validation,9,1211.0,REL_X+6,Medium,To Do,,,,,,
1238,User Story,Error Handling,8,1237.0,REL_X+6,Medium,To Do,,,,,,
1239,Task,QA iOS,1,1238.0,REL_X+6,Medium,Blocked,224.0,1.0,QA,5.0,0.0,5.0
1240,Task,QA Android,3,1238.0,REL_X+6,Medium,In Review,224.0,1.0,QA,10.0,1.0,11.0
1241,Task,QA Android,3,1238.0,REL_X+6,Medium,Done,224.0,1.0,QA,10.0,1.0,11.0
1242,Task,Environment setup,1,1238.0,REL_X+6,Medium,Closed,224.0,1.0,DevOps,4.0,0.0,4.0
1243,User Story,Transaction history,7,1237.0,REL_X+6,Medium,In Review,,,,,,
1244,Task,QA Android,2,1243.0,REL_X+6,Medium,To Do,1080.0,2.0,QA,10.0,0.0,10.0
1245,Task,Environment setup,1,1243.0,REL_X+6,Medium,Done,1080.0,2.0,DevOps,5.0,1.0,6.0
1246,Task,QA iOS,1,1243.0,REL_X+6,Medium,Done,1080.0,2.0,QA,5.0,0.0,5.0
1247,Task,QA Testing,2,1243.0,REL_X+6,Medium,Blocked,1080.0,2.0,QA,11.0,1.0,12.0
1248,User Story,Send email,7,1237.0,REL_X+6,Medium,Done,,,,,,
1249,Task,QA Android,1,1248.0,REL_X+6,Medium,Closed,477.0,3.0,QA,3.0,0.0,3.0
1250,Task,iOS development task 1,2,1248.0,REL_X+6,Medium,Blocked,477.0,3.0,iOS,7.0,1.0,8.0
1251,Task,Back end development task -2,1,1248.0,REL_X+6,Medium,Closed,477.0,3.0,Backend,4.0,0.0,4.0
1252,Feature,Data Export,21,1180.0,REL_X+6,Medium,In Progress,,,,,,
1253,Business Story,Sign Up,11,1252.0,REL_X+6,Medium,In Review,,,,,,
1254,User Story,Payment Confirmation,4,1253.0,REL_X+6,Medium,In Review,,,,,,
1255,Task,Back end development task -1,3,1254.0,REL_X+6,Medium,In Review,700.0,3.0,Backend,12.0,1.0,13.0
1256,Task,QA Testing,3,1254.0,REL_X+6,Medium,Blocked,700.0,3.0,QA,9.0,0.0,9.0
1257,Task,Android development task -1,2,1254.0,REL_X+6,Medium,In Review,700.0,3.0,Android,12.0,2.0,14.0
1258,Task,Android UI implementation,2,1254.0,REL_X+6,Medium,Done,700.0,3.0,Android,9.0,0.0,9.0
1259,User Story,Send email,5,1253.0,REL_X+6,Medium,Closed,,,,,,
1260,Task,Back end development task -1,1,1259.0,REL_X+6,Medium,To Do,1389.0,6.0,Backend,5.0,1.0,6.0
1261,Task,Android development task -1,1,1259.0,REL_X+6,Medium,Blocked,1389.0,6.0,Android,3.0,0.0,3.0
1262,Task,QA iOS,2,1259.0,REL_X+6,Medium,Done,1389.0,6.0,QA,9.0,0.0,9.0
1263,User Story,Display Card Menu,4,1253.0,REL_X+6,Medium,In Review,,,,,,
1264,Task,Back end development task -2,1,1263.0,REL_X+6,Medium,In Progress,1445.0,8.0,Backend,3.0,0.0,3.0
1265,Task,QA Android,1,1263.0,REL_X+6,Medium,Done,1445.0,8.0,QA,5.0,0.0,5.0
1266,Task,Android development task -1,1,1263.0,REL_X+6,Medium,In Progress,1445.0,8.0,Android,5.0,0.0,5.0
1267,Business Story,Remove Card,13,1252.0,REL_X+6,Medium,To Do,,,,,,
1268,User Story,Payment Confirmation,6,1267.0,REL_X+6,Medium,Done,,,,,,
1269,Task,QA iOS,3,1268.0,REL_X+6,Medium,In Review,316.0,5.0,QA,17.0,2.0,19.0
1270,Task,Android development task -1,2,1268.0,REL_X+6,Medium,In Progress,316.0,5.0,Android,6.0,0.0,6.0
1271,User Story,Display Card Menu,6,1267.0,REL_X+6,Medium,Blocked,,,,,,
1272,Task,iOS development task 1,1,1271.0,REL_X+6,Medium,In Review,794.0,7.0,iOS,3.0,0.0,3.0
1273,Task,Android UI implementation,3,1271.0,REL_X+6,Medium,Closed,794.0,7.0,Android,10.0,2.0,12.0
1274,Task,Android development task -1,1,1271.0,REL_X+6,Medium,In Review,794.0,7.0,Android,5.0,0.0,5.0
1275,Task,QA Android,1,1271.0,REL_X+6,Medium,Blocked,794.0,7.0,QA,5.0,1.0,6.0
1276,Task,iOS development task 1,1,1271.0,REL_X+6,Medium,To Do,794.0,7.0,iOS,4.0,0.0,4.0
1277,Business Story,Payment Callback,9,1252.0,REL_X+6,Medium,To Do,,,,,,
1278,User Story,Payment Confirmation,5,1277.0,REL_X+6,Medium,In Review,,,,,,
1279,Task,iOS development task 1,1,1278.0,REL_X+6,Medium,In Progress,1126.0,4.0,iOS,5.0,0.0,5.0
1280,Task,Environment setup,1,1278.0,REL_X+6,Medium,To Do,1126.0,4.0,DevOps,5.0,1.0,6.0
1281,Task,Android development task -1,1,1278.0,REL_X+6,Medium,Blocked,1126.0,4.0,Android,3.0,0.0,3.0
1282,User Story,Error Handling,3,1277.0,REL_X+6,Medium,Blocked,,,,,,
1283,Task,Android UI implementation,2,1282.0,REL_X+6,Medium,In Progress,803.0,7.0,Android,8.0,1.0,9.0
1284,Task,Environment setup,3,1282.0,REL_X+6,Medium,To Do,803.0,7.0,DevOps,16.0,1.0,17.0
1285,User Story,Display Card Screen,7,1277.0,REL_X+6,Medium,Closed,,,,,,
1286,Task,Android UI implementation,1,1285.0,REL_X+6,Medium,In Progress,960.0,5.0,Android,6.0,1.0,7.0
1287,Feature,User Registration,34,1180.0,REL_X+6,Medium,In Progress,,,,,,
1288,Business Story,Payment Callback,9,1287.0,REL_X+6,Medium,In Review,,,,,,
1289,User Story,Make a transfer,6,1288.0,REL_X+6,Medium,In Review,,,,,,
1290,Task,Back end development task -1,1,1289.0,REL_X+6,Medium,Blocked,929.0,4.0,Backend,3.0,0.0,3.0
1291,Task,Android UI implementation,3,1289.0,REL_X+6,Medium,Done,929.0,4.0,Android,13.0,1.0,14.0
1292,Task,Android development task -1,2,1289.0,REL_X+6,Medium,In Review,929.0,4.0,Android,9.0,0.0,9.0
1293,Task,Environment setup,2,1289.0,REL_X+6,Medium,Blocked,929.0,4.0,DevOps,10.0,1.0,11.0
1294,User Story,Send email,5,1288.0,REL_X+6,Medium,In Progress,,,,,,
1295,Task,QA iOS,3,1294.0,REL_X+6,Medium,In Review,1272.0,1.0,QA,15.0,0.0,15.0
1296,Task,QA Android,3,1294.0,REL_X+6,Medium,Blocked,1272.0,1.0,QA,18.0,3.0,21.0
1297,Business Story,Sign Up,11,1287.0,REL_X+6,Medium,Done,,,,,,
1298,User Story,Payment Confirmation,4,1297.0,REL_X+6,Medium,Closed,,,,,,
1299,Task,QA Testing,1,1298.0,REL_X+6,Medium,Done,160.0,7.0,QA,6.0,1.0,7.0
1300,Task,iOS development task 1,3,1298.0,REL_X+6,Medium,Blocked,160.0,7.0,iOS,11.0,1.0,12.0
1301,Task,Environment setup,2,1298.0,REL_X+6,Medium,Blocked,160.0,7.0,DevOps,11.0,2.0,13.0
1302,Task,QA iOS,1,1298.0,REL_X+6,Medium,In Progress,160.0,7.0,QA,3.0,0.0,3.0
1303,Task,Android development task -1,3,1298.0,REL_X+6,Medium,Closed,160.0,7.0,Android,9.0,0.0,9.0
1304,User Story,Review transfer,4,1297.0,REL_X+6,Medium,Done,,,,,,
1305,Task,Android UI implementation,1,1304.0,REL_X+6,Medium,Done,597.0,7.0,Android,5.0,1.0,6.0
1306,Task,Android development task -1,3,1304.0,REL_X+6,Medium,To Do,597.0,7.0,Android,15.0,2.0,17.0
1307,Task,Back end development task -1,2,1304.0,REL_X+6,Medium,In Progress,597.0,7.0,Backend,10.0,1.0,11.0
1308,Task,Android development task -1,1,1304.0,REL_X+6,Medium,Closed,597.0,7.0,Android,3.0,0.0,3.0
1309,Epic,Notifications,55,,REL_X+7,Low,In Review,,,,,,
1310,Feature,Recurring Billing,21,1309.0,REL_X+7,Low,Closed,,,,,,
1311,Business Story,Email Verification,10,1310.0,REL_X+7,Low,Blocked,,,,,,
1312,User Story,Payment Confirmation,5,1311.0,REL_X+7,Low,Blocked,,,,,,
1313,Task,Backend API development,3,1312.0,REL_X+7,Low,In Progress,285.0,3.0,Backend,14.0,1.0,15.0
1314,Task,Android development task -1,3,1312.0,REL_X+7,Low,To Do,285.0,3.0,Android,11.0,0.0,11.0
1315,User Story,Review transfer,3,1311.0,REL_X+7,Low,To Do,,,,,,
1316,Task,iOS UI implementation,3,1315.0,REL_X+7,Low,In Progress,295.0,4.0,iOS,11.0,0.0,11.0
1317,Task,iOS UI implementation,3,1315.0,REL_X+7,Low,Done,295.0,4.0,iOS,18.0,3.0,21.0
1318,Task,QA iOS,1,1315.0,REL_X+7,Low,Blocked,295.0,4.0,QA,6.0,1.0,7.0
1319,Task,QA Android,1,1315.0,REL_X+7,Low,Done,295.0,4.0,QA,6.0,0.0,6.0
1320,Business Story,Password Reset,10,1310.0,REL_X+7,Low,Blocked,,,,,,
1321,User Story,Review transfer,5,1320.0,REL_X+7,Low,Done,,,,,,
1322,Task,Back end development task -2,3,1321.0,REL_X+7,Low,Closed,1181.0,6.0,Backend,18.0,3.0,21.0
1323,Task,QA Android,1,1321.0,REL_X+7,Low,In Progress,1181.0,6.0,QA,6.0,0.0,6.0
1324,Task,iOS development task 1,1,1321.0,REL_X+7,Low,In Progress,1181.0,6.0,iOS,3.0,0.0,3.0
1325,User Story,Payment Confirmation,5,1320.0,REL_X+7,Low,Closed,,,,,,
1326,Task,Android development task -1,2,1325.0,REL_X+7,Low,Blocked,1360.0,5.0,Android,8.0,0.0,8.0
1327,User Story,Transaction history,5,1320.0,REL_X+7,Low,Blocked,,,,,,
1328,Task,iOS UI implementation,1,1327.0,REL_X+7,Low,In Progress,1176.0,6.0,iOS,5.0,1.0,6.0
1329,Task,Back end development task -2,2,1327.0,REL_X+7,Low,In Review,1176.0,6.0,Backend,10.0,2.0,12.0
1330,Task,iOS development task 1,1,1327.0,REL_X+7,Low,Done,1176.0,6.0,iOS,6.0,0.0,6.0
1331,Business Story,Payment Validation,9,1310.0,REL_X+7,Low,To Do,,,,,,
1332,User Story,Transaction history,5,1331.0,REL_X+7,Low,In Progress,,,,,,
1333,Task,iOS development task 1,1,1332.0,REL_X+7,Low,In Review,1036.0,8.0,iOS,5.0,1.0,6.0
1334,User Story,Display Card Menu,3,1331.0,REL_X+7,Low,To Do,,,,,,
1335,Task,Android development task -1,2,1334.0,REL_X+7,Low,In Review,1237.0,8.0,Android,8.0,0.0,8.0
1336,Task,Back end development task -1,1,1334.0,REL_X+7,Low,To Do,1237.0,8.0,Backend,3.0,0.0,3.0
1337,User Story,Error Handling,8,1331.0,REL_X+7,Low,Done,,,,,,
1338,Task,QA Testing,2,1337.0,REL_X+7,Low,In Progress,1683.0,1.0,QA,9.0,1.0,10.0
1339,Task,Android UI implementation,2,1337.0,REL_X+7,Low,Done,1683.0,1.0,Android,7.0,0.0,7.0
1340,Feature,Custom Reports,34,1309.0,REL_X+7,Low,Closed,,,,,,
1341,Business Story,Add Card,13,1340.0,REL_X+7,Low,To Do,,,,,,
1342,User Story,Payment Form,5,1341.0,REL_X+7,Low,In Review,,,,,,
1343,Task,Back end development task -1,1,1342.0,REL_X+7,Low,In Review,976.0,6.0,Backend,6.0,1.0,7.0
1344,Task,Android development task -1,2,1342.0,REL_X+7,Low,In Review,976.0,6.0,Android,9.0,0.0,9.0
1345,Task,Android UI implementation,1,1342.0,REL_X+7,Low,To Do,976.0,6.0,Android,5.0,0.0,5.0
1346,Task,QA Android,3,1342.0,REL_X+7,Low,In Review,976.0,6.0,QA,15.0,2.0,17.0
1347,Task,iOS development task 1,1,1342.0,REL_X+7,Low,Closed,976.0,6.0,iOS,3.0,0.0,3.0
1348,Business Story,Sign Up,11,1340.0,REL_X+7,Low,Done,,,,,,
1349,User Story,Payment Form,6,1348.0,REL_X+7,Low,Done,,,,,,
1350,Task,QA iOS,2,1349.0,REL_X+7,Low,Done,1578.0,5.0,QA,7.0,1.0,8.0
1351,Task,Back end development task -1,2,1349.0,REL_X+7,Low,To Do,1578.0,5.0,Backend,12.0,0.0,12.0
1352,User Story,Review transfer,5,1348.0,REL_X+7,Low,Done,,,,,,
1353,Task,QA Android,1,1352.0,REL_X+7,Low,In Progress,213.0,1.0,QA,5.0,1.0,6.0
1354,Task,Back end development task -2,1,1352.0,REL_X+7,Low,Done,213.0,1.0,Backend,3.0,0.0,3.0
1355,Task,QA Android,3,1352.0,REL_X+7,Low,To Do,213.0,1.0,QA,10.0,2.0,12.0
1356,Task,Environment setup,3,1352.0,REL_X+7,Low,Closed,213.0,1.0,DevOps,11.0,1.0,12.0
1357,Business Story,Remove Card,13,1340.0,REL_X+7,Low,Closed,,,,,,
1358,User Story,Make a transfer,5,1357.0,REL_X+7,Low,Blocked,,,,,,
1359,Task,Android UI implementation,3,1358.0,REL_X+7,Low,Closed,1353.0,5.0,Android,13.0,1.0,14.0
1360,User Story,Display Card Screen,8,1357.0,REL_X+7,Low,In Review,,,,,,
1361,Task,Environment setup,1,1360.0,REL_X+7,Low,Blocked,528.0,5.0,DevOps,3.0,0.0,3.0
1362,Task,QA iOS,3,1360.0,REL_X+7,Low,In Progress,528.0,5.0,QA,13.0,1.0,14.0
1363,User Story,Error Handling,5,1357.0,REL_X+7,Low,Blocked,,,,,,
1364,Task,Backend API development,1,1363.0,REL_X+7,Low,In Progress,411.0,8.0,Backend,6.0,0.0,6.0
1365,Task,iOS UI implementation,1,1363.0,REL_X+7,Low,Closed,411.0,8.0,iOS,3.0,0.0,3.0
1366,Task,iOS development task 1,1,1363.0,REL_X+7,Low,Done,411.0,8.0,iOS,3.0,0.0,3.0
1367,Task,iOS development task 1,2,1363.0,REL_X+7,Low,In Progress,411.0,8.0,iOS,6.0,1.0,7.0
1368,Task,Back end development task -1,3,1363.0,REL_X+7,Low,In Progress,411.0,8.0,Backend,15.0,2.0,17.0
1369,Epic,Security,55,,REL_X+8,Low,Done,,,,,,
1370,Feature,Scheduled Reports,21,1369.0,REL_X+8,Low,Closed,,,,,,
1371,Business Story,Payment Validation,9,1370.0,REL_X+8,Low,To Do,,,,,,
1372,User Story,Payment Form,5,1371.0,REL_X+8,Low,In Review,,,,,,
1373,Task,Backend API development,1,1372.0,REL_X+8,Low,Done,683.0,3.0,Backend,3.0,0.0,3.0
1374,Task,QA iOS,1,1372.0,REL_X+8,Low,Closed,683.0,3.0,QA,6.0,1.0,7.0
1375,Task,QA Android,1,1372.0,REL_X+8,Low,Closed,683.0,3.0,QA,3.0,0.0,3.0
1376,User Story,Display Card Screen,4,1371.0,REL_X+8,Low,Closed,,,,,,
1377,Task,QA Android,1,1376.0,REL_X+8,Low,In Progress,799.0,7.0,QA,6.0,0.0,6.0
1378,Business Story,View Cards,12,1370.0,REL_X+8,Low,To Do,,,,,,
1379,User Story,Display Card Menu,6,1378.0,REL_X+8,Low,Done,,,,,,
1380,Task,Backend API development,1,1379.0,REL_X+8,Low,Done,489.0,3.0,Backend,5.0,1.0,6.0
1381,Task,Android UI implementation,3,1379.0,REL_X+8,Low,In Review,489.0,3.0,Android,9.0,0.0,9.0
1382,Task,Back end development task -2,1,1379.0,REL_X+8,Low,To Do,489.0,3.0,Backend,3.0,0.0,3.0
1383,Task,QA Android,3,1379.0,REL_X+8,Low,Closed,489.0,3.0,QA,17.0,3.0,20.0
1384,Feature,SMS Alerts,21,1369.0,REL_X+8,Low,Done,,,,,,
1385,Business Story,Payment Callback,9,1384.0,REL_X+8,Low,To Do,,,,,,
1386,User Story,Make a transfer,5,1385.0,REL_X+8,Low,To Do,,,,,,
1387,Task,Back end development task -2,1,1386.0,REL_X+8,Low,In Progress,966.0,6.0,Backend,4.0,0.0,4.0
1388,Task,Back end development task -2,3,1386.0,REL_X+8,Low,Done,966.0,6.0,Backend,10.0,1.0,11.0
1389,Task,QA iOS,3,1386.0,REL_X+8,Low,To Do,966.0,6.0,QA,10.0,0.0,10.0
1390,Task,QA Testing,2,1386.0,REL_X+8,Low,To Do,966.0,6.0,QA,10.0,0.0,10.0
1391,Task,QA Android,1,1386.0,REL_X+8,Low,To Do,966.0,6.0,QA,6.0,1.0,7.0
1392,Business Story,View Cards,12,1384.0,REL_X+8,Low,Closed,,,,,,
1393,User Story,Payment Confirmation,7,1392.0,REL_X+8,Low,In Progress,,,,,,
1394,Task,QA iOS,1,1393.0,REL_X+8,Low,In Progress,1566.0,5.0,QA,3.0,0.0,3.0
1395,User Story,Make a transfer,6,1392.0,REL_X+8,Low,In Progress,,,,,,
1396,Task,QA iOS,1,1395.0,REL_X+8,Low,To Do,1427.0,7.0,QA,3.0,0.0,3.0
1397,Task,Backend API development,2,1395.0,REL_X+8,Low,To Do,1427.0,7.0,Backend,6.0,1.0,7.0
1398,Task,Back end development task -1,1,1395.0,REL_X+8,Low,Blocked,1427.0,7.0,Backend,3.0,0.0,3.0
1399,User Story,Send email,5,1392.0,REL_X+8,Low,Blocked,,,,,,
1400,Task,QA Android,1,1399.0,REL_X+8,Low,Blocked,1418.0,7.0,QA,5.0,1.0,6.0
1401,Task,Back end development task -1,3,1399.0,REL_X+8,Low,Done,1418.0,7.0,Backend,18.0,0.0,18.0
1402,Feature,Custom Reports,34,1369.0,REL_X+8,Low,In Progress,,,,,,
1403,Business Story,Payment Callback,9,1402.0,REL_X+8,Low,In Review,,,,,,
1404,User Story,Display Card Menu,5,1403.0,REL_X+8,Low,To Do,,,,,,
1405,Task,QA Android,3,1404.0,REL_X+8,Low,Blocked,1086.0,2.0,QA,17.0,1.0,18.0
1406,User Story,Payment Confirmation,6,1403.0,REL_X+8,Low,Closed,,,,,,
1407,Task,Back end development task -2,1,1406.0,REL_X+8,Low,Blocked,427.0,1.0,Backend,4.0,0.0,4.0
1408,Task,QA iOS,1,1406.0,REL_X+8,Low,Closed,427.0,1.0,QA,3.0,0.0,3.0
1409,Task,QA Android,1,1406.0,REL_X+8,Low,In Review,427.0,1.0,QA,6.0,1.0,7.0
1410,Business Story,Remove Card,13,1402.0,REL_X+8,Low,Done,,,,,,
1411,User Story,Display Card Menu,6,1410.0,REL_X+8,Low,Done,,,,,,
1412,Task,Back end development task -1,1,1411.0,REL_X+8,Low,In Progress,361.0,6.0,Backend,3.0,0.0,3.0
1413,Task,Android UI implementation,2,1411.0,REL_X+8,Low,In Progress,361.0,6.0,Android,8.0,1.0,9.0
1414,User Story,Display Card Screen,6,1410.0,REL_X+8,Low,In Review,,,,,,
1415,Task,QA iOS,1,1414.0,REL_X+8,Low,In Progress,472.0,3.0,QA,4.0,0.0,4.0
1416,Business Story,Sign Up,11,1402.0,REL_X+8,Low,Blocked,,,,,,
1417,User Story,Display Card Screen,5,1416.0,REL_X+8,Low,Blocked,,,,,,
1418,Task,Android development task -1,1,1417.0,REL_X+8,Low,Blocked,112.0,5.0,Android,6.0,0.0,6.0
1419,Task,QA Android,1,1417.0,REL_X+8,Low,In Review,112.0,5.0,QA,4.0,0.0,4.0
1420,Task,QA Android,1,1417.0,REL_X+8,Low,In Review,112.0,5.0,QA,3.0,0.0,3.0
1421,Task,Android development task -1,1,1417.0,REL_X+8,Low,Blocked,112.0,5.0,Android,6.0,1.0,7.0
1422,Feature,Dashboard,34,1369.0,REL_X+8,Low,In Progress,,,,,,
1423,Business Story,View Cards,12,1422.0,REL_X+8,Low,Closed,,,,,,
1424,User Story,Make a transfer,3,1423.0,REL_X+8,Low,Done,,,,,,
1425,Task,QA Testing,3,1424.0,REL_X+8,Low,Closed,1002.0,7.0,QA,13.0,0.0,13.0
1426,Task,iOS UI implementation,2,1424.0,REL_X+8,Low,In Review,1002.0,7.0,iOS,7.0,0.0,7.0
1427,User Story,Payment Confirmation,5,1423.0,REL_X+8,Low,In Progress,,,,,,
1428,Task,Android development task -1,3,1427.0,REL_X+8,Low,To Do,1827.0,7.0,Android,9.0,1.0,10.0
1429,Task,Back end development task -2,3,1427.0,REL_X+8,Low,Blocked,1827.0,7.0,Backend,17.0,0.0,17.0
1430,Task,Backend API development,1,1427.0,REL_X+8,Low,Blocked,1827.0,7.0,Backend,3.0,0.0,3.0
1431,Task,Back end development task -1,1,1427.0,REL_X+8,Low,In Progress,1827.0,7.0,Backend,3.0,0.0,3.0
1432,Task,Android development task -1,1,1427.0,REL_X+8,Low,To Do,1827.0,7.0,Android,4.0,0.0,4.0
1433,User Story,Review transfer,5,1423.0,REL_X+8,Low,In Review,,,,,,
1434,Task,Back end development task -1,3,1433.0,REL_X+8,Low,Closed,332.0,5.0,Backend,16.0,1.0,17.0
1435,Task,Backend API development,1,1433.0,REL_X+8,Low,Closed,332.0,5.0,Backend,5.0,1.0,6.0
1436,Task,Back end development task -1,3,1433.0,REL_X+8,Low,Closed,332.0,5.0,Backend,10.0,1.0,11.0
1437,Task,QA iOS,2,1433.0,REL_X+8,Low,In Review,332.0,5.0,QA,8.0,1.0,9.0
1438,Business Story,Sign Up,11,1422.0,REL_X+8,Low,Closed,,,,,,
1439,User Story,Payment Confirmation,5,1438.0,REL_X+8,Low,In Review,,,,,,
1440,Task,QA Android,3,1439.0,REL_X+8,Low,In Review,1507.0,2.0,QA,10.0,1.0,11.0
1441,User Story,Review transfer,5,1438.0,REL_X+8,Low,To Do,,,,,,
1442,Task,QA iOS,2,1441.0,REL_X+8,Low,Done,749.0,5.0,QA,11.0,0.0,11.0
1443,Task,QA Android,1,1441.0,REL_X+8,Low,Done,749.0,5.0,QA,5.0,0.0,5.0
1444,Task,iOS development task 1,2,1441.0,REL_X+8,Low,Closed,749.0,5.0,iOS,11.0,2.0,13.0
1445,User Story,Display Card Screen,5,1438.0,REL_X+8,Low,Closed,,,,,,
1446,Task,QA iOS,1,1445.0,REL_X+8,Low,In Review,1559.0,4.0,QA,5.0,1.0,6.0
1447,Task,Back end development task -2,1,1445.0,REL_X+8,Low,Blocked,1559.0,4.0,Backend,5.0,1.0,6.0
1448,Business Story,Update Card,13,1422.0,REL_X+8,Low,Done,,,,,,
1449,User Story,Display Card Screen,5,1448.0,REL_X+8,Low,In Review,,,,,,
1450,Task,QA Android,3,1449.0,REL_X+8,Low,To Do,1639.0,8.0,QA,16.0,0.0,16.0
1451,User Story,Payment Form,5,1448.0,REL_X+8,Low,In Progress,,,,,,
1452,Task,iOS development task 1,1,1451.0,REL_X+8,Low,Blocked,591.0,7.0,iOS,3.0,0.0,3.0
1453,User Story,Transaction history,4,1448.0,REL_X+8,Low,In Progress,,,,,,
1454,Task,Android development task -1,1,1453.0,REL_X+8,Low,In Review,1067.0,2.0,Android,4.0,0.0,4.0
1455,Epic,Reporting,55,,REL_X+9,Low,In Review,,,,,,
1456,Feature,Account Settings,21,1455.0,REL_X+9,Low,In Progress,,,,,,
1457,Business Story,Password Reset,10,1456.0,REL_X+9,Low,Blocked,,,,,,
1458,User Story,Payment Confirmation,5,1457.0,REL_X+9,Low,Done,,,,,,
1459,Task,QA iOS,2,1458.0,REL_X+9,Low,In Review,271.0,3.0,QA,7.0,1.0,8.0
1460,Task,Android development task -1,2,1458.0,REL_X+9,Low,In Review,271.0,3.0,Android,6.0,0.0,6.0
1461,Task,Android development task -1,1,1458.0,REL_X+9,Low,Closed,271.0,3.0,Android,4.0,0.0,4.0
1462,User Story,Error Handling,5,1457.0,REL_X+9,Low,In Progress,,,,,,
1463,Task,QA iOS,1,1462.0,REL_X+9,Low,Done,360.0,6.0,QA,3.0,0.0,3.0
1464,Task,Android development task -1,1,1462.0,REL_X+9,Low,In Progress,360.0,6.0,Android,5.0,0.0,5.0
1465,User Story,Payment Form,5,1457.0,REL_X+9,Low,To Do,,,,,,
1466,Task,QA Android,1,1465.0,REL_X+9,Low,Done,1364.0,5.0,QA,6.0,0.0,6.0
1467,Task,Android development task -1,1,1465.0,REL_X+9,Low,Blocked,1364.0,5.0,Android,3.0,0.0,3.0
1468,Task,Android development task -1,3,1465.0,REL_X+9,Low,To Do,1364.0,5.0,Android,14.0,0.0,14.0
1469,Business Story,Email Verification,10,1456.0,REL_X+9,Low,Closed,,,,,,
1470,User Story,Payment Confirmation,5,1469.0,REL_X+9,Low,In Review,,,,,,
1471,Task,Android development task -1,2,1470.0,REL_X+9,Low,In Review,1545.0,4.0,Android,11.0,1.0,12.0
1472,Task,iOS development task 1,2,1470.0,REL_X+9,Low,Closed,1545.0,4.0,iOS,6.0,0.0,6.0
1473,Task,iOS development task 1,1,1470.0,REL_X+9,Low,Blocked,1545.0,4.0,iOS,6.0,0.0,6.0
1474,Task,QA Android,1,1470.0,REL_X+9,Low,Done,1545.0,4.0,QA,3.0,0.0,3.0
1475,Task,Back end development task -1,2,1470.0,REL_X+9,Low,In Progress,1545.0,4.0,Backend,12.0,1.0,13.0
1476,User Story,Send email,3,1469.0,REL_X+9,Low,Done,,,,,,
1477,Task,Environment setup,3,1476.0,REL_X+9,Low,Blocked,1740.0,3.0,DevOps,15.0,1.0,16.0
1478,Task,QA iOS,2,1476.0,REL_X+9,Low,Closed,1740.0,3.0,QA,10.0,0.0,10.0
1479,Task,QA Android,1,1476.0,REL_X+9,Low,Blocked,1740.0,3.0,QA,6.0,1.0,7.0
1480,Task,QA Android,1,1476.0,REL_X+9,Low,In Review,1740.0,3.0,QA,5.0,1.0,6.0
1481,User Story,Transaction history,8,1469.0,REL_X+9,Low,Done,,,,,,
1482,Task,Android UI implementation,2,1481.0,REL_X+9,Low,In Review,180.0,7.0,Android,9.0,1.0,10.0
1483,Task,QA iOS,3,1481.0,REL_X+9,Low,In Progress,180.0,7.0,QA,15.0,3.0,18.0
1484,Business Story,Payment Validation,9,1456.0,REL_X+9,Low,Done,,,,,,
1485,User Story,Display Card Screen,5,1484.0,REL_X+9,Low,Done,,,,,,
1486,Task,Backend API development,1,1485.0,REL_X+9,Low,Blocked,687.0,3.0,Backend,6.0,1.0,7.0
1487,User Story,Make a transfer,4,1484.0,REL_X+9,Low,Blocked,,,,,,
1488,Task,Android development task -1,1,1487.0,REL_X+9,Low,Done,1455.0,8.0,Android,6.0,1.0,7.0
1489,Task,QA Testing,1,1487.0,REL_X+9,Low,Blocked,1455.0,8.0,QA,5.0,1.0,6.0
1490,Task,Android UI implementation,1,1487.0,REL_X+9,Low,In Review,1455.0,8.0,Android,3.0,0.0,3.0
1491,Task,Android development task -1,3,1487.0,REL_X+9,Low,Closed,1455.0,8.0,Android,16.0,0.0,16.0
1492,Task,Android development task -1,1,1487.0,REL_X+9,Low,To Do,1455.0,8.0,Android,6.0,0.0,6.0
1493,User Story,Review transfer,4,1484.0,REL_X+9,Low,In Review,,,,,,
1494,Task,QA Android,2,1493.0,REL_X+9,Low,In Review,1010.0,7.0,QA,10.0,1.0,11.0
1495,Feature,User Registration,34,1455.0,REL_X+9,Low,Closed,,,,,,
1496,Business Story,Remove Card,13,1495.0,REL_X+9,Low,In Review,,,,,,
1497,User Story,Error Handling,3,1496.0,REL_X+9,Low,In Review,,,,,,
1498,Task,QA Android,1,1497.0,REL_X+9,Low,Blocked,945.0,5.0,QA,5.0,1.0,6.0
1499,Task,QA Android,1,1497.0,REL_X+9,Low,Done,945.0,5.0,QA,5.0,0.0,5.0
1500,Business Story,Email Verification,10,1495.0,REL_X+9,Low,In Progress,,,,,,
1501,User Story,Make a transfer,5,1500.0,REL_X+9,Low,In Review,,,,,,
1502,Task,iOS development task 1,2,1501.0,REL_X+9,Low,To Do,1694.0,2.0,iOS,11.0,1.0,12.0
1503,Task,QA Android,3,1501.0,REL_X+9,Low,Done,1694.0,2.0,QA,9.0,0.0,9.0
1504,Task,Android development task -1,1,1501.0,REL_X+9,Low,In Review,1694.0,2.0,Android,6.0,1.0,7.0
1505,User Story,Display Card Screen,8,1500.0,REL_X+9,Low,In Progress,,,,,,
1506,Task,Android development task -1,2,1505.0,REL_X+9,Low,Done,210.0,1.0,Android,12.0,0.0,12.0
1507,Task,iOS development task 1,1,1505.0,REL_X+9,Low,In Progress,210.0,1.0,iOS,3.0,0.0,3.0
1508,User Story,Error Handling,8,1500.0,REL_X+9,Low,Blocked,,,,,,
1509,Task,QA Android,1,1508.0,REL_X+9,Low,In Progress,714.0,4.0,QA,6.0,1.0,7.0
1510,Task,Android development task -1,1,1508.0,REL_X+9,Low,In Progress,714.0,4.0,Android,3.0,0.0,3.0
1511,Task,Android development task -1,2,1508.0,REL_X+9,Low,In Progress,714.0,4.0,Android,8.0,0.0,8.0
1512,Business Story,Add Card,13,1495.0,REL_X+9,Low,In Progress,,,,,,
1513,User Story,Verify Email,5,1512.0,REL_X+9,Low,To Do,,,,,,
1514,Task,QA Testing,2,1513.0,REL_X+9,Low,To Do,160.0,7.0,QA,6.0,0.0,6.0
1515,Epic,Accounts,55,,REL_X+10,Low,Blocked,,,,,,
1516,Feature,Authentication,34,1515.0,REL_X+10,Low,To Do,,,,,,
1517,Business Story,Add Card,13,1516.0,REL_X+10,Low,Done,,,,,,
1518,User Story,Error Handling,8,1517.0,REL_X+10,Low,In Progress,,,,,,
1519,Task,Back end development task -1,1,1518.0,REL_X+10,Low,In Review,1374.0,5.0,Backend,5.0,1.0,6.0
1520,Task,QA iOS,3,1518.0,REL_X+10,Low,Done,1374.0,5.0,QA,18.0,1.0,19.0
1521,Task,Environment setup,1,1518.0,REL_X+10,Low,Closed,1374.0,5.0,DevOps,3.0,0.0,3.0
1522,Business Story,Remove Card,13,1516.0,REL_X+10,Low,In Progress,,,,,,
1523,User Story,Make a transfer,3,1522.0,REL_X+10,Low,Closed,,,,,,
1524,Task,QA Testing,1,1523.0,REL_X+10,Low,Closed,203.0,8.0,QA,4.0,0.0,4.0
1525,Task,iOS development task 1,1,1523.0,REL_X+10,Low,Blocked,203.0,8.0,iOS,5.0,1.0,6.0
1526,User Story,Payment Confirmation,5,1522.0,REL_X+10,Low,In Progress,,,,,,
1527,Task,QA iOS,1,1526.0,REL_X+10,Low,Blocked,835.0,1.0,QA,3.0,0.0,3.0
1528,Business Story,Payment Validation,9,1516.0,REL_X+10,Low,In Review,,,,,,
1529,User Story,Transaction history,3,1528.0,REL_X+10,Low,Blocked,,,,,,
1530,Task,Android development task -1,1,1529.0,REL_X+10,Low,In Progress,237.0,2.0,Android,5.0,1.0,6.0
1531,Task,iOS UI implementation,1,1529.0,REL_X+10,Low,To Do,237.0,2.0,iOS,6.0,0.0,6.0
1532,Task,QA Testing,3,1529.0,REL_X+10,Low,To Do,237.0,2.0,QA,14.0,0.0,14.0
1533,Task,QA Testing,2,1529.0,REL_X+10,Low,Done,237.0,2.0,QA,9.0,1.0,10.0
1534,User Story,Payment Confirmation,5,1528.0,REL_X+10,Low,To Do,,,,,,
1535,Task,Backend API development,1,1534.0,REL_X+10,Low,To Do,245.0,2.0,Backend,3.0,0.0,3.0
1536,Task,QA Android,3,1534.0,REL_X+10,Low,Done,245.0,2.0,QA,14.0,0.0,14.0
1537,User Story,Display Card Menu,7,1528.0,REL_X+10,Low,Blocked,,,,,,
1538,Task,iOS UI implementation,2,1537.0,REL_X+10,Low,Closed,252.0,2.0,iOS,8.0,1.0,9.0
1539,Task,Backend API development,1,1537.0,REL_X+10,Low,Done,252.0,2.0,Backend,6.0,1.0,7.0
1540,Feature,User Profile,34,1515.0,REL_X+10,Low,In Review,,,,,,
1541,Business Story,Process Payment,9,1540.0,REL_X+10,Low,To Do,,,,,,
1542,User Story,Payment Form,5,1541.0,REL_X+10,Low,In Progress,,,,,,
1543,Task,Back end development task -2,3,1542.0,REL_X+10,Low,In Progress,61.0,3.0,Backend,16.0,0.0,16.0
1544,User Story,Error Handling,5,1541.0,REL_X+10,Low,Closed,,,,,,
1545,Task,Android development task -1,2,1544.0,REL_X+10,Low,Closed,670.0,2.0,Android,6.0,0.0,6.0
1546,Task,QA Testing,2,1544.0,REL_X+10,Low,Closed,670.0,2.0,QA,7.0,1.0,8.0
1547,Business Story,Remove Card,13,1540.0,REL_X+10,Low,Blocked,,,,,,
1548,User Story,Payment Confirmation,5,1547.0,REL_X+10,Low,Done,,,,,,
1549,Task,Back end development task -2,3,1548.0,REL_X+10,Low,Blocked,1120.0,4.0,Backend,10.0,1.0,11.0
1550,User Story,Transaction history,5,1547.0,REL_X+10,Low,Blocked,,,,,,
1551,Task,Back end development task -2,1,1550.0,REL_X+10,Low,Blocked,907.0,3.0,Backend,5.0,0.0,5.0
1552,Task,iOS UI implementation,1,1550.0,REL_X+10,Low,To Do,907.0,3.0,iOS,6.0,1.0,7.0
1553,Task,QA Testing,2,1550.0,REL_X+10,Low,Done,907.0,3.0,QA,11.0,2.0,13.0
1554,Task,QA Testing,1,1550.0,REL_X+10,Low,Blocked,907.0,3.0,QA,4.0,0.0,4.0
1555,Epic,Security,55,,REL_X+9,Critical,Done,,,,,,
1556,Feature,Encryption,21,1555.0,REL_X+9,Critical,To Do,,,,,,
1557,Business Story,Update Card,13,1556.0,REL_X+9,Critical,In Review,,,,,,
1558,User Story,Error Handling,5,1557.0,REL_X+9,Critical,Blocked,,,,,,
1559,Task,iOS UI implementation,1,1558.0,REL_X+9,Critical,In Progress,707.0,4.0,iOS,4.0,0.0,4.0
1560,Task,Android development task -1,2,1558.0,REL_X+9,Critical,In Review,707.0,4.0,Android,11.0,0.0,11.0
1561,Task,iOS development task 1,1,1558.0,REL_X+9,Critical,To Do,707.0,4.0,iOS,3.0,0.0,3.0
1562,User Story,Display Card Menu,5,1557.0,REL_X+9,Critical,Blocked,,,,,,
1563,Task,iOS UI implementation,1,1562.0,REL_X+9,Critical,In Review,1164.0,5.0,iOS,6.0,0.0,6.0
1564,Task,Backend API development,2,1562.0,REL_X+9,Critical,Blocked,1164.0,5.0,Backend,8.0,0.0,8.0
1565,Task,iOS development task 1,2,1562.0,REL_X+9,Critical,Blocked,1164.0,5.0,iOS,7.0,1.0,8.0
1566,Task,QA iOS,1,1562.0,REL_X+9,Critical,Blocked,1164.0,5.0,QA,5.0,1.0,6.0
1567,Task,QA Android,1,1562.0,REL_X+9,Critical,In Review,1164.0,5.0,QA,3.0,0.0,3.0
1568,User Story,Send email,5,1557.0,REL_X+9,Critical,In Review,,,,,,
1569,Task,Back end development task -1,2,1568.0,REL_X+9,Critical,Done,1175.0,6.0,Backend,6.0,0.0,6.0
1570,Task,QA iOS,1,1568.0,REL_X+9,Critical,In Progress,1175.0,6.0,QA,6.0,1.0,7.0
1571,Task,QA Android,2,1568.0,REL_X+9,Critical,Done,1175.0,6.0,QA,11.0,1.0,12.0
1572,Task,Android development task -1,1,1568.0,REL_X+9,Critical,Blocked,1175.0,6.0,Android,5.0,0.0,5.0
1573,Business Story,Email Verification,10,1556.0,REL_X+9,Critical,Blocked,,,,,,
1574,User Story,Error Handling,5,1573.0,REL_X+9,Critical,Done,,,,,,
1575,Task,QA iOS,2,1574.0,REL_X+9,Critical,In Review,370.0,7.0,QA,7.0,1.0,8.0
1576,User Story,Payment Confirmation,8,1573.0,REL_X+9,Critical,Done,,,,,,
1577,Task,iOS UI implementation,3,1576.0,REL_X+9,Critical,In Review,1657.0,8.0,iOS,9.0,0.0,9.0
1578,Task,Android UI implementation,1,1576.0,REL_X+9,Critical,Blocked,1657.0,8.0,Android,4.0,0.0,4.0
1579,Task,iOS UI implementation,1,1576.0,REL_X+9,Critical,Blocked,1657.0,8.0,iOS,3.0,0.0,3.0
1580,Task,iOS development task 1,3,1576.0,REL_X+9,Critical,Closed,1657.0,8.0,iOS,11.0,1.0,12.0
1581,Task,Back end development task -1,1,1576.0,REL_X+9,Critical,In Progress,1657.0,8.0,Backend,3.0,0.0,3.0
1582,Feature,Authorization,34,1555.0,REL_X+9,Critical,To Do,,,,,,
1583,Business Story,Sign Up,11,1582.0,REL_X+9,Critical,Blocked,,,,,,
1584,User Story,Verify Email,5,1583.0,REL_X+9,Critical,In Review,,,,,,
1585,Task,iOS development task 1,2,1584.0,REL_X+9,Critical,Closed,280.0,3.0,iOS,8.0,0.0,8.0
1586,User Story,Error Handling,7,1583.0,REL_X+9,Critical,Closed,,,,,,
1587,Task,Back end development task -2,3,1586.0,REL_X+9,Critical,Done,996.0,7.0,Backend,10.0,1.0,11.0
1588,User Story,Display Card Menu,5,1583.0,REL_X+9,Critical,To Do,,,,,,
1589,Task,QA Android,2,1588.0,REL_X+9,Critical,Closed,1845.0,7.0,QA,6.0,1.0,7.0
1590,Task,Android development task -1,1,1588.0,REL_X+9,Critical,Blocked,1845.0,7.0,Android,3.0,0.0,3.0
1591,Task,Environment setup,1,1588.0,REL_X+9,Critical,In Review,1845.0,7.0,DevOps,3.0,0.0,3.0
1592,Task,Backend API development,3,1588.0,REL_X+9,Critical,In Progress,1845.0,7.0,Backend,12.0,1.0,13.0
1593,Business Story,Process Payment,9,1582.0,REL_X+9,Critical,In Progress,,,,,,
1594,User Story,Make a transfer,5,1593.0,REL_X+9,Critical,In Review,,,,,,
1595,Task,iOS development task 1,3,1594.0,REL_X+9,Critical,Done,901.0,3.0,iOS,9.0,1.0,10.0
1596,Task,QA Android,2,1594.0,REL_X+9,Critical,Done,901.0,3.0,QA,6.0,1.0,7.0
1597,Task,iOS UI implementation,1,1594.0,REL_X+9,Critical,In Progress,901.0,3.0,iOS,4.0,0.0,4.0
1598,Task,QA Android,1,1594.0,REL_X+9,Critical,To Do,901.0,3.0,QA,5.0,1.0,6.0
1599,Feature,Audit Logs,21,1555.0,REL_X+9,Critical,Closed,,,,,,
1600,Business Story,Add Card,13,1599.0,REL_X+9,Critical,In Review,,,,,,
1601,User Story,Verify Email,8,1600.0,REL_X+9,Critical,Closed,,,,,,
1602,Task,Back end development task -1,3,1601.0,REL_X+9,Critical,Blocked,250.0,2.0,Backend,15.0,0.0,15.0
1603,Task,iOS development task 1,1,1601.0,REL_X+9,Critical,In Progress,250.0,2.0,iOS,4.0,0.0,4.0
1604,Task,QA iOS,3,1601.0,REL_X+9,Critical,Blocked,250.0,2.0,QA,14.0,2.0,16.0
1605,Task,Back end development task -2,1,1601.0,REL_X+9,Critical,Blocked,250.0,2.0,Backend,3.0,0.0,3.0
1606,Task,iOS UI implementation,3,1601.0,REL_X+9,Critical,Blocked,250.0,2.0,iOS,14.0,2.0,16.0
1607,User Story,Transaction history,7,1600.0,REL_X+9,Critical,To Do,,,,,,
1608,Task,iOS development task 1,2,1607.0,REL_X+9,Critical,Done,1689.0,1.0,iOS,8.0,1.0,9.0
1609,Task,QA iOS,1,1607.0,REL_X+9,Critical,Closed,1689.0,1.0,QA,3.0,0.0,3.0
1610,User Story,Send email,5,1600.0,REL_X+9,Critical,Closed,,,,,,
1611,Task,Back end development task -1,1,1610.0,REL_X+9,Critical,Done,909.0,3.0,Backend,5.0,1.0,6.0
1612,Task,Environment setup,1,1610.0,REL_X+9,Critical,Done,909.0,3.0,DevOps,4.0,0.0,4.0
1613,Business Story,View Cards,12,1599.0,REL_X+9,Critical,Closed,,,,,,
1614,User Story,Send email,5,1613.0,REL_X+9,Critical,Closed,,,,,,
1615,Task,QA iOS,2,1614.0,REL_X+9,Critical,In Review,274.0,3.0,QA,12.0,1.0,13.0
1616,Task,QA Android,1,1614.0,REL_X+9,Critical,Blocked,274.0,3.0,QA,5.0,0.0,5.0
1617,Task,Backend API development,3,1614.0,REL_X+9,Critical,To Do,274.0,3.0,Backend,18.0,1.0,19.0
1618,User Story,Payment Form,8,1613.0,REL_X+9,Critical,Done,,,,,,
1619,Task,Back end development task -1,3,1618.0,REL_X+9,Critical,In Review,1326.0,3.0,Backend,16.0,1.0,17.0
1620,Task,QA iOS,1,1618.0,REL_X+9,Critical,In Progress,1326.0,3.0,QA,6.0,1.0,7.0
1621,Task,Environment setup,3,1618.0,REL_X+9,Critical,To Do,1326.0,3.0,DevOps,11.0,2.0,13.0
1622,Task,Back end development task -1,2,1618.0,REL_X+9,Critical,Closed,1326.0,3.0,Backend,9.0,1.0,10.0
1623,Task,QA Testing,1,1618.0,REL_X+9,Critical,In Review,1326.0,3.0,QA,4.0,0.0,4.0
1624,Feature,User Profile,34,1555.0,REL_X+9,Critical,In Review,,,,,,
1625,Business Story,Password Reset,10,1624.0,REL_X+9,Critical,In Progress,,,,,,
1626,User Story,Review transfer,5,1625.0,REL_X+9,Critical,Blocked,,,,,,
1627,Task,Back end development task -1,1,1626.0,REL_X+9,Critical,Done,1623.0,7.0,Backend,5.0,0.0,5.0
1628,Task,Android UI implementation,3,1626.0,REL_X+9,Critical,Closed,1623.0,7.0,Android,14.0,2.0,16.0
1629,User Story,Transaction history,5,1625.0,REL_X+9,Critical,To Do,,,,,,
1630,Task,Android development task -1,3,1629.0,REL_X+9,Critical,Closed,22.0,1.0,Android,15.0,1.0,16.0
1631,Task,Backend API development,2,1629.0,REL_X+9,Critical,In Review,22.0,1.0,Backend,11.0,2.0,13.0
1632,Task,Environment setup,1,1629.0,REL_X+9,Critical,In Review,22.0,1.0,DevOps,3.0,0.0,3.0
1633,Task,Back end development task -1,1,1629.0,REL_X+9,Critical,To Do,22.0,1.0,Backend,5.0,0.0,5.0
1634,User Story,Error Handling,5,1625.0,REL_X+9,Critical,Done,,,,,,
1635,Task,Backend API development,2,1634.0,REL_X+9,Critical,Done,781.0,7.0,Backend,7.0,0.0,7.0
1636,Task,QA iOS,1,1634.0,REL_X+9,Critical,Blocked,781.0,7.0,QA,6.0,1.0,7.0
1637,Task,Android development task -1,1,1634.0,REL_X+9,Critical,In Review,781.0,7.0,Android,6.0,0.0,6.0
1638,Business Story,Update Card,13,1624.0,REL_X+9,Critical,To Do,,,,,,
1639,User Story,Display Card Menu,5,1638.0,REL_X+9,Critical,In Review,,,,,,
1640,Task,iOS UI implementation,1,1639.0,REL_X+9,Critical,Done,1532.0,3.0,iOS,5.0,1.0,6.0
1641,Task,QA iOS,1,1639.0,REL_X+9,Critical,Closed,1532.0,3.0,QA,4.0,0.0,4.0
1642,Task,QA Testing,2,1639.0,REL_X+9,Critical,To Do,1532.0,3.0,QA,7.0,1.0,8.0
1643,User Story,Make a transfer,4,1638.0,REL_X+9,Critical,To Do,,,,,,
1644,Task,Back end development task -2,1,1643.0,REL_X+9,Critical,Blocked,471.0,3.0,Backend,4.0,0.0,4.0
1645,Task,iOS development task 1,3,1643.0,REL_X+9,Critical,Blocked,471.0,3.0,iOS,16.0,0.0,16.0
1646,Business Story,Payment Callback,9,1624.0,REL_X+9,Critical,In Review,,,,,,
1647,User Story,Payment Confirmation,5,1646.0,REL_X+9,Critical,Closed,,,,,,
1648,Task,iOS development task 1,1,1647.0,REL_X+9,Critical,In Progress,1776.0,5.0,iOS,4.0,0.0,4.0
1649,Task,QA iOS,2,1647.0,REL_X+9,Critical,Done,1776.0,5.0,QA,12.0,1.0,13.0
1650,User Story,Payment Form,7,1646.0,REL_X+9,Critical,Done,,,,,,
1651,Task,Back end development task -1,2,1650.0,REL_X+9,Critical,Blocked,435.0,1.0,Backend,10.0,0.0,10.0
1652,Task,Environment setup,1,1650.0,REL_X+9,Critical,In Review,435.0,1.0,DevOps,6.0,0.0,6.0
1653,Task,Back end development task -1,1,1650.0,REL_X+9,Critical,In Review,435.0,1.0,Backend,3.0,0.0,3.0
1654,Task,iOS development task 1,3,1650.0,REL_X+9,Critical,To Do,435.0,1.0,iOS,11.0,0.0,11.0
1655,Task,Android UI implementation,3,1650.0,REL_X+9,Critical,Closed,435.0,1.0,Android,16.0,3.0,19.0
1656,User Story,Error Handling,8,1646.0,REL_X+9,Critical,Done,,,,,,
1657,Task,QA iOS,3,1656.0,REL_X+9,Critical,In Review,1348.0,4.0,QA,18.0,3.0,21.0
1658,Epic,Notifications,55,,REL_X+4,Medium,To Do,,,,,,
1659,Feature,Authorization,34,1658.0,REL_X+4,Medium,Done,,,,,,
1660,Business Story,Remove Card,13,1659.0,REL_X+4,Medium,In Progress,,,,,,
1661,User Story,Verify Email,3,1660.0,REL_X+4,Medium,In Progress,,,,,,
1662,Task,Backend API development,1,1661.0,REL_X+4,Medium,In Review,334.0,5.0,Backend,4.0,0.0,4.0
1663,Task,QA Testing,3,1661.0,REL_X+4,Medium,Done,334.0,5.0,QA,13.0,2.0,15.0
1664,Task,Android development task -1,1,1661.0,REL_X+4,Medium,Done,334.0,5.0,Android,3.0,0.0,3.0
1665,Task,QA Android,1,1661.0,REL_X+4,Medium,In Review,334.0,5.0,QA,6.0,1.0,7.0
1666,Business Story,Password Reset,10,1659.0,REL_X+4,Medium,Done,,,,,,
1667,User Story,Verify Email,7,1666.0,REL_X+4,Medium,Done,,,,,,
1668,Task,iOS UI implementation,1,1667.0,REL_X+4,Medium,Closed,382.0,7.0,iOS,5.0,1.0,6.0
1669,Task,Back end development task -1,2,1667.0,REL_X+4,Medium,Blocked,382.0,7.0,Backend,11.0,0.0,11.0
1670,Task,Environment setup,1,1667.0,REL_X+4,Medium,Blocked,382.0,7.0,DevOps,6.0,0.0,6.0
1671,Task,Android development task -1,1,1667.0,REL_X+4,Medium,In Progress,382.0,7.0,Android,4.0,0.0,4.0
1672,User Story,Display Card Screen,5,1666.0,REL_X+4,Medium,In Review,,,,,,
1673,Task,Environment setup,3,1672.0,REL_X+4,Medium,Done,1165.0,5.0,DevOps,17.0,0.0,17.0
1674,User Story,Error Handling,5,1666.0,REL_X+4,Medium,To Do,,,,,,
1675,Task,iOS development task 1,1,1674.0,REL_X+4,Medium,To Do,952.0,5.0,iOS,3.0,0.0,3.0
1676,Task,Android UI implementation,1,1674.0,REL_X+4,Medium,To Do,952.0,5.0,Android,4.0,0.0,4.0
1677,Task,Environment setup,1,1674.0,REL_X+4,Medium,Done,952.0,5.0,DevOps,5.0,1.0,6.0
1678,Task,Android UI implementation,2,1674.0,REL_X+4,Medium,In Review,952.0,5.0,Android,9.0,1.0,10.0
1679,Task,QA iOS,1,1674.0,REL_X+4,Medium,Closed,952.0,5.0,QA,3.0,0.0,3.0
1680,Business Story,Sign Up,11,1659.0,REL_X+4,Medium,To Do,,,,,,
1681,User Story,Payment Confirmation,3,1680.0,REL_X+4,Medium,To Do,,,,,,
1682,Task,QA Testing,1,1681.0,REL_X+4,Medium,In Review,28.0,2.0,QA,6.0,1.0,7.0
1683,Task,QA Android,2,1681.0,REL_X+4,Medium,Blocked,28.0,2.0,QA,11.0,2.0,13.0
1684,User Story,Display Card Menu,7,1680.0,REL_X+4,Medium,To Do,,,,,,
1685,Task,Back end development task -1,1,1684.0,REL_X+4,Medium,To Do,257.0,2.0,Backend,3.0,0.0,3.0
1686,Task,QA Android,1,1684.0,REL_X+4,Medium,Blocked,257.0,2.0,QA,4.0,0.0,4.0
1687,Feature,Audit Logs,21,1658.0,REL_X+4,Medium,Closed,,,,,,
1688,Business Story,Remove Card,13,1687.0,REL_X+4,Medium,Blocked,,,,,,
1689,User Story,Payment Form,5,1688.0,REL_X+4,Medium,To Do,,,,,,
1690,Task,Android UI implementation,3,1689.0,REL_X+4,Medium,Blocked,341.0,6.0,Android,16.0,0.0,16.0
1691,Task,Back end development task -1,1,1689.0,REL_X+4,Medium,In Review,341.0,6.0,Backend,6.0,0.0,6.0
1692,Business Story,Sign Up,11,1687.0,REL_X+4,Medium,To Do,,,,,,
1693,User Story,Verify Email,8,1692.0,REL_X+4,Medium,Blocked,,,,,,
1694,Task,Android development task -1,1,1693.0,REL_X+4,Medium,Done,1510.0,3.0,Android,6.0,1.0,7.0
1695,Task,QA Testing,1,1693.0,REL_X+4,Medium,Blocked,1510.0,3.0,QA,3.0,0.0,3.0
1696,Task,QA iOS,2,1693.0,REL_X+4,Medium,Blocked,1510.0,3.0,QA,8.0,1.0,9.0
1697,Task,iOS development task 1,1,1693.0,REL_X+4,Medium,Closed,1510.0,3.0,iOS,5.0,1.0,6.0
1698,Task,iOS UI implementation,1,1693.0,REL_X+4,Medium,Blocked,1510.0,3.0,iOS,5.0,0.0,5.0
1699,Feature,User Profile,34,1658.0,REL_X+4,Medium,In Review,,,,,,
1700,Business Story,View Cards,12,1699.0,REL_X+4,Medium,Done,,,,,,
1701,User Story,Send email,7,1700.0,REL_X+4,Medium,Closed,,,,,,
1702,Task,iOS UI implementation,3,1701.0,REL_X+4,Medium,In Progress,1457.0,1.0,iOS,14.0,1.0,15.0
1703,Task,QA Android,1,1701.0,REL_X+4,Medium,In Progress,1457.0,1.0,QA,3.0,0.0,3.0
1704,Task,QA iOS,1,1701.0,REL_X+4,Medium,Blocked,1457.0,1.0,QA,6.0,0.0,6.0
1705,Task,QA Testing,1,1701.0,REL_X+4,Medium,To Do,1457.0,1.0,QA,4.0,0.0,4.0
1706,User Story,Payment Form,5,1700.0,REL_X+4,Medium,In Review,,,,,,
1707,Task,QA iOS,3,1706.0,REL_X+4,Medium,To Do,732.0,5.0,QA,17.0,0.0,17.0
1708,Task,QA iOS,1,1706.0,REL_X+4,Medium,Done,732.0,5.0,QA,4.0,0.0,4.0
1709,User Story,Make a transfer,5,1700.0,REL_X+4,Medium,In Review,,,,,,
1710,Task,Back end development task -2,2,1709.0,REL_X+4,Medium,In Progress,697.0,3.0,Backend,10.0,1.0,11.0
1711,Task,iOS development task 1,2,1709.0,REL_X+4,Medium,To Do,697.0,3.0,iOS,9.0,1.0,10.0
1712,Task,iOS development task 1,2,1709.0,REL_X+4,Medium,Done,697.0,3.0,iOS,10.0,0.0,10.0
1713,Business Story,Payment Validation,9,1699.0,REL_X+4,Medium,To Do,,,,,,
1714,User Story,Display Card Screen,7,1713.0,REL_X+4,Medium,In Review,,,,,,
1715,Task,Android UI implementation,2,1714.0,REL_X+4,Medium,In Progress,322.0,5.0,Android,9.0,0.0,9.0
1716,Task,QA Android,1,1714.0,REL_X+4,Medium,In Progress,322.0,5.0,QA,4.0,0.0,4.0
1717,Task,Android UI implementation,3,1714.0,REL_X+4,Medium,Blocked,322.0,5.0,Android,9.0,0.0,9.0
1718,User Story,Make a transfer,5,1713.0,REL_X+4,Medium,Done,,,,,,
1719,Task,iOS development task 1,1,1718.0,REL_X+4,Medium,Closed,351.0,6.0,iOS,6.0,1.0,7.0
1720,User Story,Error Handling,5,1713.0,REL_X+4,Medium,In Progress,,,,,,
1721,Task,iOS UI implementation,2,1720.0,REL_X+4,Medium,Blocked,1543.0,4.0,iOS,7.0,1.0,8.0
1722,Task,iOS UI implementation,3,1720.0,REL_X+4,Medium,To Do,1543.0,4.0,iOS,17.0,2.0,19.0
1723,Task,Android UI implementation,1,1720.0,REL_X+4,Medium,To Do,1543.0,4.0,Android,3.0,0.0,3.0
1724,Task,QA iOS,1,1720.0,REL_X+4,Medium,To Do,1543.0,4.0,QA,4.0,0.0,4.0
1725,Task,Backend API development,2,1720.0,REL_X+4,Medium,In Progress,1543.0,4.0,Backend,11.0,2.0,13.0
1726,Business Story,Payment Callback,9,1699.0,REL_X+4,Medium,Done,,,,,,
1727,User Story,Payment Confirmation,8,1726.0,REL_X+4,Medium,Blocked,,,,,,
1728,Task,Android development task -1,2,1727.0,REL_X+4,Medium,To Do,824.0,8.0,Android,8.0,1.0,9.0
1729,Task,iOS development task 1,3,1727.0,REL_X+4,Medium,Closed,824.0,8.0,iOS,18.0,1.0,19.0
1730,Task,Backend API development,1,1727.0,REL_X+4,Medium,Closed,824.0,8.0,Backend,4.0,0.0,4.0
1731,Task,QA Android,3,1727.0,REL_X+4,Medium,In Review,824.0,8.0,QA,15.0,1.0,16.0
1732,Task,Environment setup,1,1727.0,REL_X+4,Medium,Closed,824.0,8.0,DevOps,5.0,1.0,6.0
1733,Feature,Account Settings,21,1658.0,REL_X+4,Medium,Closed,,,,,,
1734,Business Story,Payment Validation,9,1733.0,REL_X+4,Medium,In Review,,,,,,
1735,User Story,Display Card Screen,5,1734.0,REL_X+4,Medium,In Review,,,,,,
1736,Task,QA iOS,1,1735.0,REL_X+4,Medium,In Review,1068.0,2.0,QA,5.0,0.0,5.0
1737,Task,iOS UI implementation,3,1735.0,REL_X+4,Medium,To Do,1068.0,2.0,iOS,10.0,2.0,12.0
1738,Task,QA Android,1,1735.0,REL_X+4,Medium,To Do,1068.0,2.0,QA,5.0,0.0,5.0
1739,Business Story,Payment Callback,9,1733.0,REL_X+4,Medium,Closed,,,,,,
1740,User Story,Payment Form,5,1739.0,REL_X+4,Medium,Closed,,,,,,
1741,Task,QA iOS,3,1740.0,REL_X+4,Medium,In Review,11.0,1.0,QA,18.0,1.0,19.0
1742,Task,Android development task -1,1,1740.0,REL_X+4,Medium,Done,11.0,1.0,Android,4.0,0.0,4.0
1743,Task,Back end development task -1,1,1740.0,REL_X+4,Medium,Blocked,11.0,1.0,Backend,4.0,0.0,4.0
1744,Task,iOS development task 1,1,1740.0,REL_X+4,Medium,To Do,11.0,1.0,iOS,6.0,1.0,7.0
1745,Epic,Accounts,55,,REL_X+2,Critical,In Progress,,,,,,
1746,Feature,Refunds,34,1745.0,REL_X+2,Critical,In Review,,,,,,
1747,Business Story,Payment Callback,9,1746.0,REL_X+2,Critical,In Review,,,,,,
1748,User Story,Payment Form,5,1747.0,REL_X+2,Critical,Blocked,,,,,,
1749,Task,QA iOS,1,1748.0,REL_X+2,Critical,Closed,1499.0,2.0,QA,4.0,0.0,4.0
1750,Task,Android UI implementation,1,1748.0,REL_X+2,Critical,Blocked,1499.0,2.0,Android,3.0,0.0,3.0
1751,Task,QA Testing,1,1748.0,REL_X+2,Critical,To Do,1499.0,2.0,QA,4.0,0.0,4.0
1752,Task,iOS UI implementation,1,1748.0,REL_X+2,Critical,To Do,1499.0,2.0,iOS,5.0,1.0,6.0
1753,User Story,Verify Email,5,1747.0,REL_X+2,Critical,To Do,,,,,,
1754,Task,QA Android,1,1753.0,REL_X+2,Critical,In Progress,761.0,6.0,QA,6.0,0.0,6.0
1755,Task,Android development task -1,2,1753.0,REL_X+2,Critical,In Review,761.0,6.0,Android,9.0,0.0,9.0
1756,Task,Android development task -1,1,1753.0,REL_X+2,Critical,To Do,761.0,6.0,Android,6.0,0.0,6.0
1757,User Story,Error Handling,5,1747.0,REL_X+2,Critical,To Do,,,,,,
1758,Task,iOS UI implementation,1,1757.0,REL_X+2,Critical,In Review,1783.0,5.0,iOS,5.0,1.0,6.0
1759,Business Story,Payment Validation,9,1746.0,REL_X+2,Critical,Blocked,,,,,,
1760,User Story,Error Handling,6,1759.0,REL_X+2,Critical,Done,,,,,,
1761,Task,Android UI implementation,2,1760.0,REL_X+2,Critical,To Do,1304.0,3.0,Android,7.0,1.0,8.0
1762,Task,iOS UI implementation,1,1760.0,REL_X+2,Critical,Done,1304.0,3.0,iOS,6.0,1.0,7.0
1763,Task,Back end development task -2,3,1760.0,REL_X+2,Critical,Closed,1304.0,3.0,Backend,16.0,2.0,18.0
1764,Task,Environment setup,3,1760.0,REL_X+2,Critical,Done,1304.0,3.0,DevOps,9.0,1.0,10.0
1765,User Story,Make a transfer,5,1759.0,REL_X+2,Critical,Closed,,,,,,
1766,Task,QA Android,3,1765.0,REL_X+2,Critical,Done,1146.0,5.0,QA,17.0,0.0,17.0
1767,Business Story,Password Reset,10,1746.0,REL_X+2,Critical,Done,,,,,,
1768,User Story,Payment Form,5,1767.0,REL_X+2,Critical,To Do,,,,,,
1769,Task,QA iOS,3,1768.0,REL_X+2,Critical,In Progress,247.0,2.0,QA,13.0,0.0,13.0
1770,Task,Android UI implementation,1,1768.0,REL_X+2,Critical,Done,247.0,2.0,Android,5.0,1.0,6.0
1771,Task,Back end development task -2,1,1768.0,REL_X+2,Critical,Blocked,247.0,2.0,Backend,3.0,0.0,3.0
1772,Task,QA iOS,1,1768.0,REL_X+2,Critical,In Review,247.0,2.0,QA,5.0,1.0,6.0
1773,Task,Environment setup,1,1768.0,REL_X+2,Critical,In Review,247.0,2.0,DevOps,3.0,0.0,3.0
1774,Feature,Data Export,21,1745.0,REL_X+2,Critical,In Progress,,,,,,
1775,Business Story,Sign Up,11,1774.0,REL_X+2,Critical,In Progress,,,,,,
1776,User Story,Verify Email,3,1775.0,REL_X+2,Critical,In Review,,,,,,
1777,Task,Back end development task -2,1,1776.0,REL_X+2,Critical,In Progress,372.0,7.0,Backend,3.0,0.0,3.0
1778,User Story,Make a transfer,5,1775.0,REL_X+2,Critical,In Review,,,,,,
1779,Task,iOS development task 1,1,1778.0,REL_X+2,Critical,Blocked,529.0,5.0,iOS,4.0,0.0,4.0
1780,Task,Backend API development,3,1778.0,REL_X+2,Critical,In Review,529.0,5.0,Backend,13.0,0.0,13.0
1781,Task,Android UI implementation,2,1778.0,REL_X+2,Critical,To Do,529.0,5.0,Android,6.0,1.0,7.0
1782,Task,iOS UI implementation,2,1778.0,REL_X+2,Critical,Done,529.0,5.0,iOS,6.0,1.0,7.0
1783,Business Story,Remove Card,13,1774.0,REL_X+2,Critical,Done,,,,,,
1784,User Story,Display Card Screen,5,1783.0,REL_X+2,Critical,Blocked,,,,,,
1785,Task,QA Android,2,1784.0,REL_X+2,Critical,Done,914.0,4.0,QA,7.0,1.0,8.0
1786,User Story,Review transfer,8,1783.0,REL_X+2,Critical,In Progress,,,,,,
1787,Task,Android UI implementation,1,1786.0,REL_X+2,Critical,Closed,1101.0,3.0,Android,6.0,1.0,7.0
1788,Task,QA iOS,1,1786.0,REL_X+2,Critical,Done,1101.0,3.0,QA,6.0,1.0,7.0
1789,Task,iOS development task 1,3,1786.0,REL_X+2,Critical,Closed,1101.0,3.0,iOS,15.0,2.0,17.0
1790,Task,QA Android,2,1786.0,REL_X+2,Critical,To Do,1101.0,3.0,QA,10.0,1.0,11.0
1791,User Story,Make a transfer,4,1783.0,REL_X+2,Critical,Done,,,,,,
1792,Task,Android development task -1,1,1791.0,REL_X+2,Critical,Closed,1154.0,5.0,Android,3.0,0.0,3.0
1793,Feature,Account Settings,21,1745.0,REL_X+2,Critical,Done,,,,,,
1794,Business Story,Password Reset,10,1793.0,REL_X+2,Critical,Closed,,,,,,
1795,User Story,Transaction history,5,1794.0,REL_X+2,Critical,Closed,,,,,,
1796,Task,QA Android,1,1795.0,REL_X+2,Critical,Closed,659.0,2.0,QA,5.0,0.0,5.0
1797,Task,Android development task -1,2,1795.0,REL_X+2,Critical,To Do,659.0,2.0,Android,6.0,1.0,7.0
1798,Task,Back end development task -1,2,1795.0,REL_X+2,Critical,Blocked,659.0,2.0,Backend,9.0,1.0,10.0
1799,User Story,Payment Form,5,1794.0,REL_X+2,Critical,Closed,,,,,,
1800,Task,Back end development task -1,3,1799.0,REL_X+2,Critical,In Review,1334.0,4.0,Backend,16.0,0.0,16.0
1801,Business Story,View Cards,12,1793.0,REL_X+2,Critical,Blocked,,,,,,
1802,User Story,Send email,7,1801.0,REL_X+2,Critical,Closed,,,,,,
1803,Task,Android UI implementation,1,1802.0,REL_X+2,Critical,To Do,18.0,1.0,Android,4.0,0.0,4.0
1804,User Story,Verify Email,5,1801.0,REL_X+2,Critical,To Do,,,,,,
1805,Task,QA Android,1,1804.0,REL_X+2,Critical,In Progress,1554.0,4.0,QA,5.0,0.0,5.0
1806,Task,QA Testing,3,1804.0,REL_X+2,Critical,Blocked,1554.0,4.0,QA,9.0,1.0,10.0
1807,Task,QA Android,1,1804.0,REL_X+2,Critical,In Review,1554.0,4.0,QA,6.0,0.0,6.0
1808,User Story,Make a transfer,5,1801.0,REL_X+2,Critical,Blocked,,,,,,
1809,Task,QA Android,2,1808.0,REL_X+2,Critical,Closed,350.0,6.0,QA,10.0,2.0,12.0
1810,Task,QA iOS,1,1808.0,REL_X+2,Critical,In Progress,350.0,6.0,QA,4.0,0.0,4.0
1811,Task,iOS development task 1,3,1808.0,REL_X+2,Critical,Closed,350.0,6.0,iOS,12.0,2.0,14.0
1812,Task,iOS development task 1,1,1808.0,REL_X+2,Critical,Closed,350.0,6.0,iOS,3.0,0.0,3.0
1813,Task,Android UI implementation,1,1808.0,REL_X+2,Critical,In Review,350.0,6.0,Android,6.0,0.0,6.0
1814,Business Story,Email Verification,10,1793.0,REL_X+2,Critical,Blocked,,,,,,
1815,User Story,Transaction history,5,1814.0,REL_X+2,Critical,Blocked,,,,,,
1816,Task,Back end development task -2,3,1815.0,REL_X+2,Critical,In Review,1015.0,8.0,Backend,12.0,0.0,12.0
1817,Task,iOS UI implementation,2,1815.0,REL_X+2,Critical,Blocked,1015.0,8.0,iOS,8.0,0.0,8.0
1818,Task,QA Android,1,1815.0,REL_X+2,Critical,Closed,1015.0,8.0,QA,3.0,0.0,3.0
1819,User Story,Display Card Screen,5,1814.0,REL_X+2,Critical,To Do,,,,,,
1820,Task,QA iOS,1,1819.0,REL_X+2,Critical,To Do,512.0,4.0,QA,3.0,0.0,3.0
1821,Task,QA Testing,1,1819.0,REL_X+2,Critical,In Review,512.0,4.0,QA,3.0,0.0,3.0
1822,Epic,Payments,55,,REL_X+3,Critical,In Progress,,,,,,
1823,Feature,User Profile,34,1822.0,REL_X+3,Critical,In Progress,,,,,,
1824,Business Story,Payment Callback,9,1823.0,REL_X+3,Critical,To Do,,,,,,
1825,User Story,Payment Form,8,1824.0,REL_X+3,Critical,To Do,,,,,,
1826,Task,Environment setup,2,1825.0,REL_X+3,Critical,To Do,773.0,6.0,DevOps,6.0,1.0,7.0
1827,Task,Android development task -1,2,1825.0,REL_X+3,Critical,To Do,773.0,6.0,Android,9.0,0.0,9.0
1828,Task,Back end development task -2,2,1825.0,REL_X+3,Critical,Blocked,773.0,6.0,Backend,8.0,1.0,9.0
1829,User Story,Display Card Screen,3,1824.0,REL_X+3,Critical,Blocked,,,,,,
1830,Task,Back end development task -1,1,1829.0,REL_X+3,Critical,Done,478.0,3.0,Backend,6.0,1.0,7.0
1831,Task,iOS development task 1,1,1829.0,REL_X+3,Critical,Done,478.0,3.0,iOS,3.0,0.0,3.0
1832,Task,QA iOS,2,1829.0,REL_X+3,Critical,To Do,478.0,3.0,QA,6.0,0.0,6.0
1833,Task,Environment setup,2,1829.0,REL_X+3,Critical,Done,478.0,3.0,DevOps,12.0,0.0,12.0
1834,Task,Android development task -1,2,1829.0,REL_X+3,Critical,Blocked,478.0,3.0,Android,8.0,1.0,9.0
1835,User Story,Payment Confirmation,5,1824.0,REL_X+3,Critical,Done,,,,,,
1836,Task,Back end development task -1,1,1835.0,REL_X+3,Critical,In Progress,911.0,4.0,Backend,3.0,0.0,3.0
1837,Task,Android development task -1,2,1835.0,REL_X+3,Critical,In Review,911.0,4.0,Android,10.0,2.0,12.0
1838,Business Story,Process Payment,9,1823.0,REL_X+3,Critical,In Review,,,,,,
1839,User Story,Payment Confirmation,5,1838.0,REL_X+3,Critical,Done,,,,,,
1840,Task,QA Android,3,1839.0,REL_X+3,Critical,To Do,703.0,4.0,QA,17.0,1.0,18.0
1841,Task,Back end development task -1,2,1839.0,REL_X+3,Critical,To Do,703.0,4.0,Backend,12.0,2.0,14.0
1842,Task,iOS UI implementation,1,1839.0,REL_X+3,Critical,To Do,703.0,4.0,iOS,4.0,0.0,4.0
1843,User Story,Make a transfer,5,1838.0,REL_X+3,Critical,Closed,,,,,,
1844,Task,QA iOS,3,1843.0,REL_X+3,Critical,Done,975.0,6.0,QA,18.0,2.0,20.0
1845,Task,Android development task -1,1,1843.0,REL_X+3,Critical,Blocked,975.0,6.0,Android,4.0,0.0,4.0
1846,Task,Back end development task -2,1,1843.0,REL_X+3,Critical,Closed,975.0,6.0,Backend,3.0,0.0,3.0
1847,Task,Back end development task -1,1,1843.0,REL_X+3,Critical,Blocked,975.0,6.0,Backend,4.0,0.0,4.0
1848,User Story,Error Handling,6,1838.0,REL_X+3,Critical,In Review,,,,,,
1849,Task,QA Android,1,1848.0,REL_X+3,Critical,To Do,1654.0,8.0,QA,3.0,0.0,3.0
1850,Task,Environment setup,1,1848.0,REL_X+3,Critical,In Review,1654.0,8.0,DevOps,3.0,0.0,3.0
1851,Task,Android UI implementation,1,1848.0,REL_X+3,Critical,To Do,1654.0,8.0,Android,5.0,0.0,5.0
1852,Task,QA Android,1,1848.0,REL_X+3,Critical,In Review,1654.0,8.0,QA,4.0,0.0,4.0
1853,Feature,Audit Logs,21,1822.0,REL_X+3,Critical,Closed,,,,,,
1854,Business Story,Email Verification,10,1853.0,REL_X+3,Critical,In Progress,,,,,,
1855,User Story,Review transfer,3,1854.0,REL_X+3,Critical,In Review,,,,,,
1856,Task,Back end development task -1,3,1855.0,REL_X+3,Critical,Closed,1866.0,8.0,Backend,11.0,1.0,12.0
1857,Business Story,Payment Validation,9,1853.0,REL_X+3,Critical,To Do,,,,,,
1858,User Story,Review transfer,5,1857.0,REL_X+3,Critical,In Review,,,,,,
1859,Task,QA iOS,3,1858.0,REL_X+3,Critical,Closed,1658.0,8.0,QA,18.0,3.0,21.0
1860,Task,Environment setup,1,1858.0,REL_X+3,Critical,In Progress,1658.0,8.0,DevOps,4.0,0.0,4.0
1861,Task,Backend API development,2,1858.0,REL_X+3,Critical,Closed,1658.0,8.0,Backend,8.0,1.0,9.0
1862,User Story,Transaction history,5,1857.0,REL_X+3,Critical,To Do,,,,,,
1863,Task,QA Android,3,1862.0,REL_X+3,Critical,In Review,1563.0,5.0,QA,13.0,0.0,13.0
1864,Task,Back end development task -1,1,1862.0,REL_X+3,Critical,Done,1563.0,5.0,Backend,5.0,0.0,5.0
1865,Task,QA Testing,1,1862.0,REL_X+3,Critical,Closed,1563.0,5.0,QA,3.0,0.0,3.0
1866,Task,Environment setup,1,1862.0,REL_X+3,Critical,Blocked,1563.0,5.0,DevOps,6.0,1.0,7.0
1867,Task,Android UI implementation,1,1862.0,REL_X+3,Critical,Closed,1563.0,5.0,Android,5.0,1.0,6.0
1868,Feature,Email Service,21,1822.0,REL_X+3,Critical,Blocked,,,,,,
1869,Business Story,Sign Up,11,1868.0,REL_X+3,Critical,In Progress,,,,,,
1870,User Story,Review transfer,5,1869.0,REL_X+3,Critical,In Progress,,,,,,
1871,Task,Android development task -1,1,1870.0,REL_X+3,Critical,In Review,811.0,8.0,Android,6.0,0.0,6.0
1872,Task,iOS development task 1,2,1870.0,REL_X+3,Critical,In Review,811.0,8.0,iOS,7.0,0.0,7.0
1873,Business Story,Password Reset,10,1868.0,REL_X+3,Critical,Blocked,,,,,,
1874,User Story,Send email,5,1873.0,REL_X+3,Critical,Done,,,,,,
1875,Task,Android UI implementation,1,1874.0,REL_X+3,Critical,Blocked,689.0,3.0,Android,6.0,1.0,7.0
1876,Task,QA iOS,1,1874.0,REL_X+3,Critical,Blocked,689.0,3.0,QA,3.0,0.0,3.0
1877,Task,Back end development task -1,1,1874.0,REL_X+3,Critical,To Do,689.0,3.0,Backend,3.0,0.0,3.0
1878,Task,Android development task -1,3,1874.0,REL_X+3,Critical,In Review,689.0,3.0,Android,17.0,0.0,17.0
1879,User Story,Review transfer,8,1873.0,REL_X+3,Critical,To Do,,,,,,
1880,Task,QA Android,1,1879.0,REL_X+3,Critical,In Progress,243.0,2.0,QA,4.0,0.0,4.0
1881,User Story,Display Card Menu,5,1873.0,REL_X+3,Critical,In Review,,,,,,
1882,Task,QA Android,2,1881.0,REL_X+3,Critical,To Do,620.0,8.0,QA,7.0,1.0,8.0
1883,Task,Android development task -1,1,1881.0,REL_X+3,Critical,Blocked,620.0,8.0,Android,5.0,1.0,6.0
1884,Task,Back end development task -1,1,1881.0,REL_X+3,Critical,In Progress,620.0,8.0,Backend,4.0,0.0,4.0
1885,Business Story,Add Card,13,1868.0,REL_X+3,Critical,In Progress,,,,,,
1886,User Story,Review transfer,5,1885.0,REL_X+3,Critical,Done,,,,,,
1887,Task,Android UI implementation,1,1886.0,REL_X+3,Critical,In Progress,1552.0,4.0,Android,3.0,0.0,3.0
1888,Task,iOS UI implementation,2,1886.0,REL_X+3,Critical,In Progress,1552.0,4.0,iOS,11.0,1.0,12.0
1889,Task,Android UI implementation,1,1886.0,REL_X+3,Critical,In Progress,1552.0,4.0,Android,3.0,0.0,3.0
1890,Task,Android development task -1,1,1886.0,REL_X+3,Critical,Closed,1552.0,4.0,Android,3.0,0.0,3.0
1891,User Story,Payment Form,7,1885.0,REL_X+3,Critical,In Review,,,,,,
1892,Task,iOS UI implementation,2,1891.0,REL_X+3,Critical,In Review,462.0,2.0,iOS,9.0,1.0,10.0
1893,Task,Back end development task -1,2,1891.0,REL_X+3,Critical,In Progress,462.0,2.0,Backend,6.0,0.0,6.0
1894,Task,QA iOS,2,1891.0,REL_X+3,Critical,Done,462.0,2.0,QA,12.0,2.0,14.0
1895,Task,Backend API development,3,1891.0,REL_X+3,Critical,To Do,462.0,2.0,Backend,12.0,1.0,13.0
1896,User Story,Error Handling,5,1885.0,REL_X+3,Critical,In Progress,,,,,,
1897,Task,QA iOS,2,1896.0,REL_X+3,Critical,To Do,973.0,6.0,QA,9.0,1.0,10.0
1898,Epic,Payments,55,,REL_X+3,Medium,To Do,,,,,,
1899,Feature,SMS Alerts,21,1898.0,REL_X+3,Medium,In Progress,,,,,,
1900,Business Story,Password Reset,10,1899.0,REL_X+3,Medium,In Progress,,,,,,
1901,User Story,Transaction history,5,1900.0,REL_X+3,Medium,To Do,,,,,,
1902,Task,QA Android,2,1901.0,REL_X+3,Medium,Blocked,932.0,4.0,QA,7.0,1.0,8.0
1903,Business Story,Sign Up,11,1899.0,REL_X+3,Medium,Blocked,,,,,,
1904,User Story,Display Card Screen,4,1903.0,REL_X+3,Medium,Blocked,,,,,,
1905,Task,Backend API development,3,1904.0,REL_X+3,Medium,In Progress,980.0,6.0,Backend,12.0,0.0,12.0
1906,Feature,Scheduled Reports,21,1898.0,REL_X+3,Medium,In Review,,,,,,
1907,Business Story,Process Payment,9,1906.0,REL_X+3,Medium,Done,,,,,,
1908,User Story,Payment Confirmation,6,1907.0,REL_X+3,Medium,Blocked,,,,,,
1909,Task,Back end development task -1,3,1908.0,REL_X+3,Medium,Blocked,565.0,6.0,Backend,16.0,0.0,16.0
1910,Task,Back end development task -1,2,1908.0,REL_X+3,Medium,Blocked,565.0,6.0,Backend,10.0,1.0,11.0
1911,Business Story,Update Card,13,1906.0,REL_X+3,Medium,Blocked,,,,,,
1912,User Story,Display Card Menu,5,1911.0,REL_X+3,Medium,Blocked,,,,,,
1913,Task,Backend API development,2,1912.0,REL_X+3,Medium,Blocked,711.0,4.0,Backend,12.0,0.0,12.0
1914,Task,Back end development task -1,1,1912.0,REL_X+3,Medium,Blocked,711.0,4.0,Backend,6.0,1.0,7.0
1915,Task,QA iOS,2,1912.0,REL_X+3,Medium,Closed,711.0,4.0,QA,6.0,1.0,7.0
1916,User Story,Display Card Screen,8,1911.0,REL_X+3,Medium,In Progress,,,,,,
1917,Task,iOS development task 1,3,1916.0,REL_X+3,Medium,Closed,1814.0,6.0,iOS,17.0,2.0,19.0
1918,Task,Environment setup,2,1916.0,REL_X+3,Medium,Blocked,1814.0,6.0,DevOps,11.0,0.0,11.0
1919,User Story,Transaction history,5,1911.0,REL_X+3,Medium,Done,,,,,,
1920,Task,Environment setup,2,1919.0,REL_X+3,Medium,Blocked,249.0,2.0,DevOps,10.0,1.0,11.0
1921,Task,Android UI implementation,1,1919.0,REL_X+3,Medium,Blocked,249.0,2.0,Android,4.0,0.0,4.0
1922,Task,Back end development task -1,1,1919.0,REL_X+3,Medium,In Review,249.0,2.0,Backend,6.0,1.0,7.0
1923,Business Story,Sign Up,11,1906.0,REL_X+3,Medium,Closed,,,,,,
1924,User Story,Review transfer,3,1923.0,REL_X+3,Medium,In Review,,,,,,
1925,Task,QA iOS,2,1924.0,REL_X+3,Medium,Blocked,235.0,2.0,QA,9.0,1.0,10.0
1926,Task,Environment setup,1,1924.0,REL_X+3,Medium,In Progress,235.0,2.0,DevOps,4.0,0.0,4.0
1927,User Story,Verify Email,5,1923.0,REL_X+3,Medium,In Review,,,,,,
1928,Task,QA iOS,3,1927.0,REL_X+3,Medium,In Progress,1724.0,3.0,QA,18.0,0.0,18.0
1929,Task,Android development task -1,1,1927.0,REL_X+3,Medium,To Do,1724.0,3.0,Android,6.0,0.0,6.0
1930,Feature,User Registration,34,1898.0,REL_X+3,Medium,Closed,,,,,,
1931,Business Story,Sign Up,11,1930.0,REL_X+3,Medium,Blocked,,,,,,
1932,User Story,Make a transfer,6,1931.0,REL_X+3,Medium,Closed,,,,,,
1933,Task,Android UI implementation,2,1932.0,REL_X+3,Medium,Done,1091.0,2.0,Android,12.0,2.0,14.0
1934,Task,iOS development task 1,1,1932.0,REL_X+3,Medium,To Do,1091.0,2.0,iOS,5.0,1.0,6.0
1935,User Story,Review transfer,5,1931.0,REL_X+3,Medium,To Do,,,,,,
1936,Task,QA Android,3,1935.0,REL_X+3,Medium,In Progress,1582.0,5.0,QA,14.0,0.0,14.0
1937,Task,Environment setup,1,1935.0,REL_X+3,Medium,In Review,1582.0,5.0,DevOps,3.0,0.0,3.0
1938,Task,QA Android,2,1935.0,REL_X+3,Medium,To Do,1582.0,5.0,QA,6.0,0.0,6.0
1939,Task,QA iOS,2,1935.0,REL_X+3,Medium,Done,1582.0,5.0,QA,6.0,1.0,7.0
1940,Business Story,Update Card,13,1930.0,REL_X+3,Medium,To Do,,,,,,
1941,User Story,Send email,5,1940.0,REL_X+3,Medium,Done,,,,,,
1942,Task,Backend API development,3,1941.0,REL_X+3,Medium,In Progress,425.0,1.0,Backend,10.0,0.0,10.0
1943,Task,iOS development task 1,1,1941.0,REL_X+3,Medium,Blocked,425.0,1.0,iOS,4.0,0.0,4.0
1944,Task,QA iOS,1,1941.0,REL_X+3,Medium,In Progress,425.0,1.0,QA,4.0,0.0,4.0
1945,Task,Environment setup,2,1941.0,REL_X+3,Medium,To Do,425.0,1.0,DevOps,8.0,1.0,9.0
1946,Task,Environment setup,3,1941.0,REL_X+3,Medium,Done,425.0,1.0,DevOps,15.0,2.0,17.0
1947,User Story,Payment Confirmation,5,1940.0,REL_X+3,Medium,To Do,,,,,,
1948,Task,QA iOS,1,1947.0,REL_X+3,Medium,Closed,1460.0,1.0,QA,3.0,0.0,3.0
1949,Task,Backend API development,2,1947.0,REL_X+3,Medium,In Progress,1460.0,1.0,Backend,12.0,2.0,14.0
1950,Task,QA iOS,1,1947.0,REL_X+3,Medium,To Do,1460.0,1.0,QA,5.0,1.0,6.0
1951,Task,QA iOS,1,1947.0,REL_X+3,Medium,Done,1460.0,1.0,QA,6.0,1.0,7.0
1952,Task,Back end development task -1,2,1947.0,REL_X+3,Medium,In Progress,1460.0,1.0,Backend,11.0,0.0,11.0
1953,Feature,Transaction History,34,1898.0,REL_X+3,Medium,To Do,,,,,,
1954,Business Story,Sign Up,11,1953.0,REL_X+3,Medium,Closed,,,,,,
1955,User Story,Review transfer,3,1954.0,REL_X+3,Medium,In Review,,,,,,
1956,Task,QA Android,1,1955.0,REL_X+3,Medium,In Progress,1022.0,8.0,QA,4.0,0.0,4.0
1957,Task,Android UI implementation,2,1955.0,REL_X+3,Medium,In Review,1022.0,8.0,Android,8.0,0.0,8.0
1958,Task,QA iOS,2,1955.0,REL_X+3,Medium,Done,1022.0,8.0,QA,12.0,0.0,12.0
1959,User Story,Display Card Screen,6,1954.0,REL_X+3,Medium,Blocked,,,,,,
1960,Task,Back end development task -1,1,1959.0,REL_X+3,Medium,In Progress,1328.0,4.0,Backend,5.0,1.0,6.0
1961,Task,QA Android,2,1959.0,REL_X+3,Medium,Closed,1328.0,4.0,QA,11.0,0.0,11.0
1962,Task,Back end development task -1,2,1959.0,REL_X+3,Medium,In Progress,1328.0,4.0,Backend,9.0,1.0,10.0
1963,Business Story,View Cards,12,1953.0,REL_X+3,Medium,Blocked,,,,,,
1964,User Story,Display Card Menu,3,1963.0,REL_X+3,Medium,In Progress,,,,,,
1965,Task,QA Android,1,1964.0,REL_X+3,Medium,In Progress,107.0,5.0,QA,4.0,0.0,4.0
1966,Task,Environment setup,1,1964.0,REL_X+3,Medium,In Progress,107.0,5.0,DevOps,6.0,1.0,7.0
1967,User Story,Display Card Screen,6,1963.0,REL_X+3,Medium,In Progress,,,,,,
1968,Task,Back end development task -1,1,1967.0,REL_X+3,Medium,In Review,869.0,2.0,Backend,6.0,0.0,6.0
1969,Task,QA Testing,1,1967.0,REL_X+3,Medium,Blocked,869.0,2.0,QA,5.0,1.0,6.0
1970,User Story,Payment Form,4,1963.0,REL_X+3,Medium,Blocked,,,,,,
1971,Task,iOS UI implementation,2,1970.0,REL_X+3,Medium,To Do,866.0,2.0,iOS,12.0,1.0,13.0
1972,Task,Backend API development,1,1970.0,REL_X+3,Medium,Done,866.0,2.0,Backend,3.0,0.0,3.0
1973,Task,Android development task -1,2,1970.0,REL_X+3,Medium,Blocked,866.0,2.0,Android,7.0,1.0,8.0
1974,Task,Android UI implementation,1,1970.0,REL_X+3,Medium,Done,866.0,2.0,Android,5.0,1.0,6.0
1975,Task,QA Testing,1,1970.0,REL_X+3,Medium,In Progress,866.0,2.0,QA,4.0,0.0,4.0
1976,Epic,Payments,55,,REL_X+5,Low,To Do,,,,,,
1977,Feature,Encryption,21,1976.0,REL_X+5,Low,Blocked,,,,,,
1978,Business Story,Password Reset,10,1977.0,REL_X+5,Low,Closed,,,,,,
1979,User Story,Display Card Screen,8,1978.0,REL_X+5,Low,To Do,,,,,,
1980,Task,QA iOS,1,1979.0,REL_X+5,Low,Closed,789.0,7.0,QA,6.0,1.0,7.0
1981,Task,QA Android,2,1979.0,REL_X+5,Low,Closed,789.0,7.0,QA,9.0,1.0,10.0
1982,Task,Back end development task -2,2,1979.0,REL_X+5,Low,In Progress,789.0,7.0,Backend,9.0,0.0,9.0
1983,Task,QA Testing,1,1979.0,REL_X+5,Low,Closed,789.0,7.0,QA,5.0,0.0,5.0
1984,Task,Android development task -1,1,1979.0,REL_X+5,Low,In Review,789.0,7.0,Android,6.0,0.0,6.0
1985,User Story,Verify Email,5,1978.0,REL_X+5,Low,Done,,,,,,
1986,Task,Back end development task -1,1,1985.0,REL_X+5,Low,Blocked,1358.0,5.0,Backend,3.0,0.0,3.0
1987,Task,Environment setup,2,1985.0,REL_X+5,Low,In Progress,1358.0,5.0,DevOps,7.0,1.0,8.0
1988,User Story,Display Card Menu,7,1978.0,REL_X+5,Low,In Review,,,,,,
1989,Task,Backend API development,2,1988.0,REL_X+5,Low,Closed,1417.0,7.0,Backend,11.0,1.0,12.0
1990,Task,Environment setup,1,1988.0,REL_X+5,Low,In Review,1417.0,7.0,DevOps,5.0,0.0,5.0
1991,Task,QA Android,3,1988.0,REL_X+5,Low,To Do,1417.0,7.0,QA,15.0,2.0,17.0
1992,Business Story,Process Payment,9,1977.0,REL_X+5,Low,In Progress,,,,,,
1993,User Story,Display Card Menu,3,1992.0,REL_X+5,Low,Closed,,,,,,
1994,Task,iOS UI implementation,2,1993.0,REL_X+5,Low,In Progress,856.0,1.0,iOS,11.0,1.0,12.0
1995,Task,QA iOS,1,1993.0,REL_X+5,Low,Blocked,856.0,1.0,QA,4.0,0.0,4.0
1996,Task,QA iOS,2,1993.0,REL_X+5,Low,Done,856.0,1.0,QA,6.0,1.0,7.0
1997,Task,QA Android,1,1993.0,REL_X+5,Low,In Progress,856.0,1.0,QA,3.0,0.0,3.0
1998,Task,iOS development task 1,3,1993.0,REL_X+5,Low,Closed,856.0,1.0,iOS,15.0,3.0,18.0
1999,User Story,Display Card Screen,8,1992.0,REL_X+5,Low,To Do,,,,,,
2000,Task,Environment setup,1,1999.0,REL_X+5,Low,In Review,1779.0,5.0,DevOps,6.0,0.0,6.0
2001,Task,Environment setup,1,1999.0,REL_X+5,Low,Blocked,1779.0,5.0,DevOps,4.0,0.0,4.0
2002,Business Story,Sign Up,11,1977.0,REL_X+5,Low,Closed,,,,,,
2003,User Story,Display Card Menu,3,2002.0,REL_X+5,Low,To Do,,,,,,
2004,Task,Back end development task -2,1,2003.0,REL_X+5,Low,Done,1363.0,5.0,Backend,3.0,0.0,3.0
2005,Task,iOS development task 1,3,2003.0,REL_X+5,Low,Done,1363.0,5.0,iOS,16.0,2.0,18.0
2006,Task,iOS UI implementation,1,2003.0,REL_X+5,Low,In Progress,1363.0,5.0,iOS,5.0,1.0,6.0
2007,Task,QA Android,2,2003.0,REL_X+5,Low,In Review,1363.0,5.0,QA,9.0,0.0,9.0
2008,Task,QA iOS,3,2003.0,REL_X+5,Low,Closed,1363.0,5.0,QA,9.0,1.0,10.0
2009,Feature,Scheduled Reports,21,1976.0,REL_X+5,Low,Blocked,,,,,,
2010,Business Story,Add Card,13,2009.0,REL_X+5,Low,Done,,,,,,
2011,User Story,Review transfer,5,2010.0,REL_X+5,Low,Closed,,,,,,
2012,Task,iOS UI implementation,2,2011.0,REL_X+5,Low,To Do,1350.0,4.0,iOS,6.0,1.0,7.0
2013,Task,QA Android,3,2011.0,REL_X+5,Low,Blocked,1350.0,4.0,QA,14.0,2.0,16.0
2014,Task,Back end development task -1,2,2011.0,REL_X+5,Low,In Review,1350.0,4.0,Backend,9.0,0.0,9.0
2015,Task,iOS UI implementation,3,2011.0,REL_X+5,Low,Closed,1350.0,4.0,iOS,16.0,0.0,16.0
2016,User Story,Send email,5,2010.0,REL_X+5,Low,Done,,,,,,
2017,Task,Back end development task -2,1,2016.0,REL_X+5,Low,Closed,400.0,8.0,Backend,3.0,0.0,3.0
2018,Task,Android UI implementation,1,2016.0,REL_X+5,Low,Blocked,400.0,8.0,Android,6.0,0.0,6.0
2019,Business Story,Remove Card,13,2009.0,REL_X+5,Low,Closed,,,,,,
2020,User Story,Review transfer,4,2019.0,REL_X+5,Low,Closed,,,,,,
2021,Task,iOS development task 1,1,2020.0,REL_X+5,Low,In Review,1434.0,8.0,iOS,3.0,0.0,3.0
2022,User Story,Error Handling,8,2019.0,REL_X+5,Low,In Review,,,,,,
2023,Task,QA Testing,3,2022.0,REL_X+5,Low,In Progress,452.0,2.0,QA,10.0,2.0,12.0
2024,Task,QA Testing,1,2022.0,REL_X+5,Low,Done,452.0,2.0,QA,5.0,0.0,5.0
2025,Task,Environment setup,2,2022.0,REL_X+5,Low,Closed,452.0,2.0,DevOps,9.0,1.0,10.0
2026,User Story,Payment Confirmation,5,2019.0,REL_X+5,Low,Done,,,,,,
2027,Task,Back end development task -1,1,2026.0,REL_X+5,Low,To Do,1754.0,4.0,Backend,3.0,0.0,3.0
2028,Task,iOS development task 1,1,2026.0,REL_X+5,Low,Done,1754.0,4.0,iOS,4.0,0.0,4.0
2029,Task,QA Android,1,2026.0,REL_X+5,Low,Done,1754.0,4.0,QA,5.0,1.0,6.0
2030,Task,Back end development task -1,1,2026.0,REL_X+5,Low,Blocked,1754.0,4.0,Backend,4.0,0.0,4.0
2031,Feature,Dashboard,34,1976.0,REL_X+5,Low,In Review,,,,,,
2032,Business Story,Update Card,13,2031.0,REL_X+5,Low,To Do,,,,,,
2033,User Story,Display Card Menu,7,2032.0,REL_X+5,Low,In Review,,,,,,
2034,Task,Back end development task -1,1,2033.0,REL_X+5,Low,Done,297.0,4.0,Backend,6.0,0.0,6.0
2035,Task,Android development task -1,1,2033.0,REL_X+5,Low,In Review,297.0,4.0,Android,3.0,0.0,3.0
2036,Task,iOS development task 1,1,2033.0,REL_X+5,Low,Blocked,297.0,4.0,iOS,6.0,0.0,6.0
2037,User Story,Payment Confirmation,5,2032.0,REL_X+5,Low,Blocked,,,,,,
2038,Task,Android development task -1,3,2037.0,REL_X+5,Low,In Progress,121.0,5.0,Android,12.0,2.0,14.0
2039,Task,Back end development task -2,3,2037.0,REL_X+5,Low,Closed,121.0,5.0,Backend,11.0,1.0,12.0
2040,Task,Backend API development,1,2037.0,REL_X+5,Low,Done,121.0,5.0,Backend,4.0,0.0,4.0
2041,Business Story,Payment Validation,9,2031.0,REL_X+5,Low,Blocked,,,,,,
2042,User Story,Verify Email,8,2041.0,REL_X+5,Low,Blocked,,,,,,
2043,Task,Android development task -1,1,2042.0,REL_X+5,Low,To Do,801.0,7.0,Android,4.0,0.0,4.0
2044,User Story,Payment Form,4,2041.0,REL_X+5,Low,Done,,,,,,
2045,Task,Android development task -1,1,2044.0,REL_X+5,Low,Blocked,1774.0,5.0,Android,4.0,0.0,4.0
2046,Business Story,View Cards,12,2031.0,REL_X+5,Low,Closed,,,,,,
2047,User Story,Transaction history,5,2046.0,REL_X+5,Low,Closed,,,,,,
2048,Task,QA Android,2,2047.0,REL_X+5,Low,Closed,401.0,8.0,QA,10.0,0.0,10.0
2049,User Story,Make a transfer,6,2046.0,REL_X+5,Low,In Progress,,,,,,
2050,Task,QA iOS,3,2049.0,REL_X+5,Low,Blocked,772.0,6.0,QA,10.0,1.0,11.0
2051,Task,QA iOS,3,2049.0,REL_X+5,Low,Closed,772.0,6.0,QA,10.0,2.0,12.0
2052,Task,QA iOS,2,2049.0,REL_X+5,Low,In Progress,772.0,6.0,QA,7.0,1.0,8.0
2053,Task,Back end development task -2,1,2049.0,REL_X+5,Low,In Review,772.0,6.0,Backend,6.0,1.0,7.0
2054,Feature,Custom Reports,34,1976.0,REL_X+5,Low,Closed,,,,,,
2055,Business Story,Password Reset,10,2054.0,REL_X+5,Low,Blocked,,,,,,
2056,User Story,Verify Email,5,2055.0,REL_X+5,Low,To Do,,,,,,
2057,Task,iOS development task 1,1,2056.0,REL_X+5,Low,Done,239.0,2.0,iOS,4.0,0.0,4.0
2058,User Story,Transaction history,5,2055.0,REL_X+5,Low,Done,,,,,,
2059,Task,iOS development task 1,2,2058.0,REL_X+5,Low,Blocked,983.0,6.0,iOS,7.0,1.0,8.0
2060,Task,iOS UI implementation,1,2058.0,REL_X+5,Low,In Review,983.0,6.0,iOS,4.0,0.0,4.0
2061,Task,Environment setup,2,2058.0,REL_X+5,Low,In Progress,983.0,6.0,DevOps,12.0,2.0,14.0
2062,User Story,Payment Form,5,2055.0,REL_X+5,Low,Closed,,,,,,
2063,Task,QA Testing,1,2062.0,REL_X+5,Low,Closed,41.0,2.0,QA,3.0,0.0,3.0
2064,Task,iOS development task 1,1,2062.0,REL_X+5,Low,Done,41.0,2.0,iOS,4.0,0.0,4.0
2065,Task,Android UI implementation,3,2062.0,REL_X+5,Low,In Progress,41.0,2.0,Android,10.0,0.0,10.0
2066,Task,QA Android,2,2062.0,REL_X+5,Low,To Do,41.0,2.0,QA,6.0,1.0,7.0
2067,Business Story,Remove Card,13,2054.0,REL_X+5,Low,To Do,,,,,,
2068,User Story,Payment Confirmation,5,2067.0,REL_X+5,Low,Done,,,,,,
2069,Task,Back end development task -1,1,2068.0,REL_X+5,Low,Closed,352.0,6.0,Backend,3.0,0.0,3.0
2070,Task,Android UI implementation,1,2068.0,REL_X+5,Low,Done,352.0,6.0,Android,6.0,1.0,7.0
2071,Task,QA Android,2,2068.0,REL_X+5,Low,Closed,352.0,6.0,QA,10.0,0.0,10.0
2072,Task,iOS development task 1,2,2068.0,REL_X+5,Low,To Do,352.0,6.0,iOS,6.0,0.0,6.0
2073,Epic,Payments,55,,REL_X+4,High,In Progress,,,,,,
2074,Feature,SMS Alerts,21,2073.0,REL_X+4,High,In Progress,,,,,,
2075,Business Story,Sign Up,11,2074.0,REL_X+4,High,To Do,,,,,,
2076,User Story,Transaction history,5,2075.0,REL_X+4,High,In Progress,,,,,,
2077,Task,Environment setup,3,2076.0,REL_X+4,High,Done,820.0,8.0,DevOps,15.0,1.0,16.0
2078,Task,QA Android,1,2076.0,REL_X+4,High,Closed,820.0,8.0,QA,5.0,0.0,5.0
2079,Task,QA Android,2,2076.0,REL_X+4,High,Done,820.0,8.0,QA,11.0,2.0,13.0
2080,Task,QA iOS,1,2076.0,REL_X+4,High,Blocked,820.0,8.0,QA,4.0,0.0,4.0
2081,User Story,Error Handling,5,2075.0,REL_X+4,High,Done,,,,,,
2082,Task,iOS development task 1,1,2081.0,REL_X+4,High,To Do,507.0,4.0,iOS,3.0,0.0,3.0
2083,User Story,Verify Email,5,2075.0,REL_X+4,High,To Do,,,,,,
2084,Task,iOS development task 1,1,2083.0,REL_X+4,High,To Do,744.0,5.0,iOS,4.0,0.0,4.0
2085,Task,iOS development task 1,1,2083.0,REL_X+4,High,To Do,744.0,5.0,iOS,4.0,0.0,4.0
2086,Task,iOS development task 1,1,2083.0,REL_X+4,High,To Do,744.0,5.0,iOS,5.0,1.0,6.0
2087,Business Story,Update Card,13,2074.0,REL_X+4,High,Done,,,,,,
2088,User Story,Error Handling,5,2087.0,REL_X+4,High,Done,,,,,,
2089,Task,QA iOS,1,2088.0,REL_X+4,High,In Review,203.0,8.0,QA,6.0,0.0,6.0
2090,User Story,Transaction history,7,2087.0,REL_X+4,High,Closed,,,,,,
2091,Task,Backend API development,1,2090.0,REL_X+4,High,To Do,1616.0,7.0,Backend,4.0,0.0,4.0
2092,Task,Android development task -1,2,2090.0,REL_X+4,High,Done,1616.0,7.0,Android,7.0,1.0,8.0
2093,Task,iOS development task 1,1,2090.0,REL_X+4,High,Closed,1616.0,7.0,iOS,5.0,0.0,5.0
2094,Task,iOS UI implementation,2,2090.0,REL_X+4,High,In Review,1616.0,7.0,iOS,7.0,1.0,8.0
2095,Task,Android UI implementation,2,2090.0,REL_X+4,High,Done,1616.0,7.0,Android,8.0,1.0,9.0
2096,Business Story,Password Reset,10,2074.0,REL_X+4,High,Closed,,,,,,
2097,User Story,Transaction history,5,2096.0,REL_X+4,High,To Do,,,,,,
2098,Task,QA iOS,3,2097.0,REL_X+4,High,Closed,626.0,1.0,QA,10.0,0.0,10.0
2099,Task,Back end development task -1,3,2097.0,REL_X+4,High,To Do,626.0,1.0,Backend,11.0,2.0,13.0
2100,Task,Environment setup,2,2097.0,REL_X+4,High,To Do,626.0,1.0,DevOps,10.0,1.0,11.0
2101,Task,iOS UI implementation,2,2097.0,REL_X+4,High,Blocked,626.0,1.0,iOS,11.0,0.0,11.0
2102,Feature,Push Notifications,21,2073.0,REL_X+4,High,Blocked,,,,,,
2103,Business Story,Password Reset,10,2102.0,REL_X+4,High,Done,,,,,,
2104,User Story,Display Card Menu,6,2103.0,REL_X+4,High,Closed,,,,,,
2105,Task,Back end development task -1,3,2104.0,REL_X+4,High,Done,1095.0,3.0,Backend,17.0,0.0,17.0
2106,Task,Android UI implementation,3,2104.0,REL_X+4,High,In Progress,1095.0,3.0,Android,17.0,1.0,18.0
2107,Task,Environment setup,1,2104.0,REL_X+4,High,To Do,1095.0,3.0,DevOps,4.0,0.0,4.0
2108,Business Story,Add Card,13,2102.0,REL_X+4,High,Blocked,,,,,,
2109,User Story,Verify Email,5,2108.0,REL_X+4,High,To Do,,,,,,
2110,Task,iOS development task 1,1,2109.0,REL_X+4,High,In Review,693.0,3.0,iOS,6.0,1.0,7.0
2111,Task,QA Android,1,2109.0,REL_X+4,High,In Review,693.0,3.0,QA,6.0,0.0,6.0
2112,User Story,Make a transfer,8,2108.0,REL_X+4,High,Closed,,,,,,
2113,Task,Android UI implementation,3,2112.0,REL_X+4,High,In Review,1056.0,1.0,Android,16.0,0.0,16.0
2114,Epic,Accounts,55,,REL_X+9,High,In Review,,,,,,
2115,Feature,Cards,34,2114.0,REL_X+9,High,Closed,,,,,,
2116,Business Story,Password Reset,10,2115.0,REL_X+9,High,To Do,,,,,,
2117,User Story,Verify Email,5,2116.0,REL_X+9,High,To Do,,,,,,
2118,Task,Android development task -1,1,2117.0,REL_X+9,High,In Progress,1084.0,2.0,Android,6.0,0.0,6.0
2119,Task,iOS development task 1,1,2117.0,REL_X+9,High,In Review,1084.0,2.0,iOS,6.0,1.0,7.0
2120,Task,QA Android,1,2117.0,REL_X+9,High,To Do,1084.0,2.0,QA,4.0,0.0,4.0
2121,Task,Android UI implementation,2,2117.0,REL_X+9,High,In Progress,1084.0,2.0,Android,9.0,0.0,9.0
2122,Task,QA Android,2,2117.0,REL_X+9,High,Closed,1084.0,2.0,QA,6.0,1.0,7.0
2123,Business Story,Email Verification,10,2115.0,REL_X+9,High,In Progress,,,,,,
2124,User Story,Review transfer,5,2123.0,REL_X+9,High,In Progress,,,,,,
2125,Task,QA iOS,3,2124.0,REL_X+9,High,In Progress,809.0,8.0,QA,11.0,2.0,13.0
2126,Task,QA Testing,3,2124.0,REL_X+9,High,Blocked,809.0,8.0,QA,13.0,0.0,13.0
2127,Task,QA Testing,2,2124.0,REL_X+9,High,Closed,809.0,8.0,QA,12.0,2.0,14.0
2128,Task,Android development task -1,1,2124.0,REL_X+9,High,In Progress,809.0,8.0,Android,6.0,1.0,7.0
2129,Feature,User Registration,34,2114.0,REL_X+9,High,To Do,,,,,,
2130,Business Story,Add Card,13,2129.0,REL_X+9,High,In Progress,,,,,,
2131,User Story,Payment Confirmation,6,2130.0,REL_X+9,High,In Progress,,,,,,
2132,Task,iOS UI implementation,3,2131.0,REL_X+9,High,Blocked,107.0,5.0,iOS,9.0,1.0,10.0
2133,Task,Android development task -1,1,2131.0,REL_X+9,High,In Progress,107.0,5.0,Android,3.0,0.0,3.0
2134,Task,Android development task -1,2,2131.0,REL_X+9,High,In Review,107.0,5.0,Android,7.0,0.0,7.0
2135,User Story,Display Card Menu,6,2130.0,REL_X+9,High,In Review,,,,,,
2136,Task,iOS UI implementation,1,2135.0,REL_X+9,High,In Progress,1436.0,8.0,iOS,3.0,0.0,3.0
2137,Task,Android development task -1,1,2135.0,REL_X+9,High,To Do,1436.0,8.0,Android,4.0,0.0,4.0
2138,Business Story,Update Card,13,2129.0,REL_X+9,High,In Review,,,,,,
2139,User Story,Make a transfer,5,2138.0,REL_X+9,High,Done,,,,,,
2140,Task,Back end development task -2,1,2139.0,REL_X+9,High,In Progress,409.0,8.0,Backend,5.0,0.0,5.0
2141,Feature,Encryption,21,2114.0,REL_X+9,High,In Review,,,,,,
2142,Business Story,Process Payment,9,2141.0,REL_X+9,High,Closed,,,,,,
2143,User Story,Transaction history,4,2142.0,REL_X+9,High,In Review,,,,,,
2144,Task,iOS UI implementation,1,2143.0,REL_X+9,High,To Do,575.0,7.0,iOS,3.0,0.0,3.0
2145,Task,Back end development task -1,1,2143.0,REL_X+9,High,In Review,575.0,7.0,Backend,5.0,0.0,5.0
2146,Task,QA Testing,1,2143.0,REL_X+9,High,In Progress,575.0,7.0,QA,3.0,0.0,3.0
2147,Business Story,Add Card,13,2141.0,REL_X+9,High,In Review,,,,,,
2148,User Story,Send email,5,2147.0,REL_X+9,High,To Do,,,,,,
2149,Task,Android development task -1,1,2148.0,REL_X+9,High,In Progress,1371.0,5.0,Android,5.0,1.0,6.0
2150,User Story,Error Handling,5,2147.0,REL_X+9,High,In Progress,,,,,,
2151,Task,Environment setup,3,2150.0,REL_X+9,High,Closed,1197.0,7.0,DevOps,11.0,2.0,13.0
2152,Task,iOS development task 1,1,2150.0,REL_X+9,High,Closed,1197.0,7.0,iOS,4.0,0.0,4.0
2153,Task,Android UI implementation,3,2150.0,REL_X+9,High,Done,1197.0,7.0,Android,10.0,2.0,12.0
2154,Task,QA iOS,1,2150.0,REL_X+9,High,Done,1197.0,7.0,QA,6.0,0.0,6.0
2155,Business Story,Password Reset,10,2141.0,REL_X+9,High,Closed,,,,,,
2156,User Story,Display Card Menu,4,2155.0,REL_X+9,High,Blocked,,,,,,
2157,Task,QA Android,3,2156.0,REL_X+9,High,Blocked,1128.0,4.0,QA,16.0,0.0,16.0
2158,Task,Environment setup,1,2156.0,REL_X+9,High,Done,1128.0,4.0,DevOps,3.0,0.0,3.0
2159,Task,iOS development task 1,2,2156.0,REL_X+9,High,To Do,1128.0,4.0,iOS,7.0,1.0,8.0
2160,Epic,Notifications,55,,REL_X+2,Medium,Closed,,,,,,
2161,Feature,Scheduled Reports,21,2160.0,REL_X+2,Medium,To Do,,,,,,
2162,Business Story,Process Payment,9,2161.0,REL_X+2,Medium,Blocked,,,,,,
2163,User Story,Verify Email,5,2162.0,REL_X+2,Medium,To Do,,,,,,
2164,Task,QA Android,2,2163.0,REL_X+2,Medium,Done,328.0,5.0,QA,6.0,1.0,7.0
2165,Task,iOS development task 1,1,2163.0,REL_X+2,Medium,Closed,328.0,5.0,iOS,4.0,0.0,4.0
2166,Task,iOS development task 1,2,2163.0,REL_X+2,Medium,To Do,328.0,5.0,iOS,7.0,0.0,7.0
2167,Task,Back end development task -1,1,2163.0,REL_X+2,Medium,In Progress,328.0,5.0,Backend,4.0,0.0,4.0
2168,Task,iOS development task 1,3,2163.0,REL_X+2,Medium,In Progress,328.0,5.0,iOS,9.0,0.0,9.0
2169,User Story,Error Handling,5,2162.0,REL_X+2,Medium,To Do,,,,,,
2170,Task,QA Android,1,2169.0,REL_X+2,Medium,Blocked,1329.0,4.0,QA,5.0,0.0,5.0
2171,Task,Android development task -1,1,2169.0,REL_X+2,Medium,In Review,1329.0,4.0,Android,3.0,0.0,3.0
2172,Task,Back end development task -1,2,2169.0,REL_X+2,Medium,In Review,1329.0,4.0,Backend,8.0,0.0,8.0
2173,User Story,Transaction history,8,2162.0,REL_X+2,Medium,Done,,,,,,
2174,Task,iOS development task 1,2,2173.0,REL_X+2,Medium,Closed,1347.0,4.0,iOS,11.0,1.0,12.0
2175,Task,iOS development task 1,3,2173.0,REL_X+2,Medium,Blocked,1347.0,4.0,iOS,18.0,1.0,19.0
2176,Task,Back end development task -1,1,2173.0,REL_X+2,Medium,In Progress,1347.0,4.0,Backend,4.0,0.0,4.0
2177,Task,Android UI implementation,1,2173.0,REL_X+2,Medium,In Progress,1347.0,4.0,Android,6.0,1.0,7.0
2178,Task,QA Testing,1,2173.0,REL_X+2,Medium,In Progress,1347.0,4.0,QA,4.0,0.0,4.0
2179,Business Story,Payment Validation,9,2161.0,REL_X+2,Medium,In Progress,,,,,,
2180,User Story,Error Handling,5,2179.0,REL_X+2,Medium,Closed,,,,,,
2181,Task,Back end development task -1,1,2180.0,REL_X+2,Medium,Closed,370.0,7.0,Backend,4.0,0.0,4.0
2182,Task,QA Android,1,2180.0,REL_X+2,Medium,In Progress,370.0,7.0,QA,3.0,0.0,3.0
2183,Task,Android UI implementation,3,2180.0,REL_X+2,Medium,Closed,370.0,7.0,Android,15.0,0.0,15.0
2184,Feature,Push Notifications,21,2160.0,REL_X+2,Medium,Done,,,,,,
2185,Business Story,Add Card,13,2184.0,REL_X+2,Medium,Blocked,,,,,,
2186,User Story,Display Card Menu,7,2185.0,REL_X+2,Medium,Closed,,,,,,
2187,Task,Back end development task -1,2,2186.0,REL_X+2,Medium,Closed,90.0,4.0,Backend,8.0,0.0,8.0
2188,Task,Back end development task -1,2,2186.0,REL_X+2,Medium,Done,90.0,4.0,Backend,6.0,0.0,6.0
2189,User Story,Display Card Screen,6,2185.0,REL_X+2,Medium,In Review,,,,,,
2190,Task,QA Android,1,2189.0,REL_X+2,Medium,In Review,1747.0,4.0,QA,6.0,0.0,6.0
2191,Business Story,Remove Card,13,2184.0,REL_X+2,Medium,In Review,,,,,,
2192,User Story,Make a transfer,3,2191.0,REL_X+2,Medium,Closed,,,,,,
2193,Task,iOS development task 1,1,2192.0,REL_X+2,Medium,Done,548.0,6.0,iOS,3.0,0.0,3.0
2194,Task,Android development task -1,1,2192.0,REL_X+2,Medium,To Do,548.0,6.0,Android,6.0,0.0,6.0
2195,Task,Back end development task -1,1,2192.0,REL_X+2,Medium,In Progress,548.0,6.0,Backend,6.0,1.0,7.0
2196,Task,QA Android,2,2192.0,REL_X+2,Medium,Closed,548.0,6.0,QA,7.0,1.0,8.0
2197,Task,iOS development task 1,1,2192.0,REL_X+2,Medium,To Do,548.0,6.0,iOS,3.0,0.0,3.0
2198,User Story,Review transfer,8,2191.0,REL_X+2,Medium,In Review,,,,,,
2199,Task,QA iOS,1,2198.0,REL_X+2,Medium,Done,732.0,5.0,QA,3.0,0.0,3.0
2200,Feature,Email Service,21,2160.0,REL_X+2,Medium,In Progress,,,,,,
2201,Business Story,Password Reset,10,2200.0,REL_X+2,Medium,In Review,,,,,,
2202,User Story,Make a transfer,7,2201.0,REL_X+2,Medium,Closed,,,,,,
2203,Task,Android development task -1,1,2202.0,REL_X+2,Medium,Blocked,618.0,8.0,Android,3.0,0.0,3.0
2204,Task,QA Android,3,2202.0,REL_X+2,Medium,In Progress,618.0,8.0,QA,10.0,0.0,10.0
2205,Task,Android development task -1,1,2202.0,REL_X+2,Medium,Closed,618.0,8.0,Android,6.0,1.0,7.0
2206,Task,QA Testing,3,2202.0,REL_X+2,Medium,Blocked,618.0,8.0,QA,10.0,2.0,12.0
2207,Task,iOS development task 1,1,2202.0,REL_X+2,Medium,In Progress,618.0,8.0,iOS,5.0,0.0,5.0
2208,User Story,Verify Email,6,2201.0,REL_X+2,Medium,In Review,,,,,,
2209,Task,iOS UI implementation,1,2208.0,REL_X+2,Medium,In Progress,654.0,2.0,iOS,6.0,1.0,7.0
2210,Task,Back end development task -1,1,2208.0,REL_X+2,Medium,Done,654.0,2.0,Backend,6.0,1.0,7.0
2211,Task,Back end development task -1,1,2208.0,REL_X+2,Medium,Closed,654.0,2.0,Backend,6.0,0.0,6.0
2212,Task,Environment setup,1,2208.0,REL_X+2,Medium,To Do,654.0,2.0,DevOps,3.0,0.0,3.0
2213,User Story,Error Handling,5,2201.0,REL_X+2,Medium,Blocked,,,,,,
2214,Task,Back end development task -2,3,2213.0,REL_X+2,Medium,In Review,274.0,3.0,Backend,14.0,0.0,14.0
2215,Business Story,Payment Validation,9,2200.0,REL_X+2,Medium,Blocked,,,,,,
2216,User Story,Payment Confirmation,8,2215.0,REL_X+2,Medium,Blocked,,,,,,
2217,Task,Back end development task -1,1,2216.0,REL_X+2,Medium,Closed,497.0,4.0,Backend,4.0,0.0,4.0
2218,Task,Android development task -1,1,2216.0,REL_X+2,Medium,In Review,497.0,4.0,Android,3.0,0.0,3.0
2219,Epic,Accounts,55,,REL_X+3,Low,Blocked,,,,,,
2220,Feature,Transaction History,34,2219.0,REL_X+3,Low,In Progress,,,,,,
2221,Business Story,View Cards,12,2220.0,REL_X+3,Low,To Do,,,,,,
2222,User Story,Verify Email,5,2221.0,REL_X+3,Low,In Progress,,,,,,
2223,Task,Android development task -1,1,2222.0,REL_X+3,Low,Closed,1533.0,3.0,Android,5.0,1.0,6.0
2224,Task,Back end development task -1,1,2222.0,REL_X+3,Low,Closed,1533.0,3.0,Backend,4.0,0.0,4.0
2225,Task,Back end development task -2,2,2222.0,REL_X+3,Low,To Do,1533.0,3.0,Backend,7.0,0.0,7.0
2226,Task,Backend API development,3,2222.0,REL_X+3,Low,Done,1533.0,3.0,Backend,16.0,2.0,18.0
2227,Task,Android development task -1,2,2222.0,REL_X+3,Low,In Review,1533.0,3.0,Android,9.0,0.0,9.0
2228,User Story,Make a transfer,8,2221.0,REL_X+3,Low,Done,,,,,,
2229,Task,QA Android,1,2228.0,REL_X+3,Low,Blocked,774.0,6.0,QA,3.0,0.0,3.0
2230,Task,QA iOS,3,2228.0,REL_X+3,Low,Closed,774.0,6.0,QA,17.0,0.0,17.0
2231,User Story,Payment Confirmation,5,2221.0,REL_X+3,Low,In Review,,,,,,
2232,Task,Backend API development,1,2231.0,REL_X+3,Low,In Progress,1337.0,4.0,Backend,5.0,1.0,6.0
2233,Task,iOS development task 1,1,2231.0,REL_X+3,Low,Done,1337.0,4.0,iOS,3.0,0.0,3.0
2234,Task,QA iOS,1,2231.0,REL_X+3,Low,Done,1337.0,4.0,QA,5.0,0.0,5.0
2235,Task,iOS development task 1,1,2231.0,REL_X+3,Low,In Progress,1337.0,4.0,iOS,3.0,0.0,3.0
2236,Business Story,Remove Card,13,2220.0,REL_X+3,Low,Done,,,,,,
2237,User Story,Display Card Menu,5,2236.0,REL_X+3,Low,To Do,,,,,,
2238,Task,Back end development task -2,2,2237.0,REL_X+3,Low,To Do,1168.0,5.0,Backend,12.0,1.0,13.0
2239,Task,Back end development task -2,1,2237.0,REL_X+3,Low,In Review,1168.0,5.0,Backend,5.0,0.0,5.0
2240,Task,Android development task -1,3,2237.0,REL_X+3,Low,In Review,1168.0,5.0,Android,17.0,1.0,18.0
2241,Task,Backend API development,2,2237.0,REL_X+3,Low,In Review,1168.0,5.0,Backend,7.0,0.0,7.0
2242,Task,iOS UI implementation,3,2237.0,REL_X+3,Low,Done,1168.0,5.0,iOS,17.0,0.0,17.0
2243,Feature,User Registration,34,2219.0,REL_X+3,Low,In Progress,,,,,,
2244,Business Story,Payment Callback,9,2243.0,REL_X+3,Low,Blocked,,,,,,
2245,User Story,Display Card Menu,4,2244.0,REL_X+3,Low,Blocked,,,,,,
2246,Task,Back end development task -1,3,2245.0,REL_X+3,Low,In Progress,162.0,7.0,Backend,11.0,2.0,13.0
2247,User Story,Transaction history,8,2244.0,REL_X+3,Low,Done,,,,,,
2248,Task,QA iOS,1,2247.0,REL_X+3,Low,In Review,1058.0,1.0,QA,4.0,0.0,4.0
2249,Task,QA Android,2,2247.0,REL_X+3,Low,Closed,1058.0,1.0,QA,9.0,0.0,9.0
2250,Task,Backend API development,1,2247.0,REL_X+3,Low,Done,1058.0,1.0,Backend,3.0,0.0,3.0
2251,Task,QA Testing,1,2247.0,REL_X+3,Low,In Review,1058.0,1.0,QA,3.0,0.0,3.0
2252,Task,Environment setup,1,2247.0,REL_X+3,Low,In Progress,1058.0,1.0,DevOps,6.0,1.0,7.0
2253,User Story,Make a transfer,8,2244.0,REL_X+3,Low,In Progress,,,,,,
2254,Task,QA Android,1,2253.0,REL_X+3,Low,Closed,140.0,6.0,QA,3.0,0.0,3.0
2255,Task,Android UI implementation,1,2253.0,REL_X+3,Low,Blocked,140.0,6.0,Android,6.0,1.0,7.0
2256,Task,Android development task -1,3,2253.0,REL_X+3,Low,To Do,140.0,6.0,Android,18.0,3.0,21.0
2257,Business Story,Password Reset,10,2243.0,REL_X+3,Low,In Review,,,,,,
2258,User Story,Verify Email,7,2257.0,REL_X+3,Low,Closed,,,,,,
2259,Task,QA Android,2,2258.0,REL_X+3,Low,In Review,265.0,3.0,QA,10.0,1.0,11.0
2260,Task,Environment setup,2,2258.0,REL_X+3,Low,In Review,265.0,3.0,DevOps,10.0,1.0,11.0
2261,Task,Back end development task -2,2,2258.0,REL_X+3,Low,Closed,265.0,3.0,Backend,11.0,0.0,11.0
2262,Task,Back end development task -1,2,2258.0,REL_X+3,Low,In Progress,265.0,3.0,Backend,10.0,0.0,10.0
2263,User Story,Error Handling,7,2257.0,REL_X+3,Low,In Review,,,,,,
2264,Task,Backend API development,3,2263.0,REL_X+3,Low,Blocked,770.0,6.0,Backend,12.0,1.0,13.0
2265,Task,Environment setup,1,2263.0,REL_X+3,Low,To Do,770.0,6.0,DevOps,6.0,1.0,7.0
2266,Feature,Payment Gateway,34,2219.0,REL_X+3,Low,To Do,,,,,,
2267,Business Story,Remove Card,13,2266.0,REL_X+3,Low,Blocked,,,,,,
2268,User Story,Verify Email,5,2267.0,REL_X+3,Low,In Review,,,,,,
2269,Task,QA Testing,1,2268.0,REL_X+3,Low,In Review,702.0,3.0,QA,6.0,0.0,6.0
2270,Task,Android UI implementation,1,2268.0,REL_X+3,Low,In Progress,702.0,3.0,Android,4.0,0.0,4.0
2271,Task,QA Android,1,2268.0,REL_X+3,Low,To Do,702.0,3.0,QA,3.0,0.0,3.0
2272,Task,QA Android,2,2268.0,REL_X+3,Low,To Do,702.0,3.0,QA,9.0,0.0,9.0
2273,Task,QA Android,3,2268.0,REL_X+3,Low,In Review,702.0,3.0,QA,15.0,2.0,17.0
2274,Business Story,Password Reset,10,2266.0,REL_X+3,Low,Closed,,,,,,
2275,User Story,Display Card Screen,4,2274.0,REL_X+3,Low,In Review,,,,,,
2276,Task,Android development task -1,3,2275.0,REL_X+3,Low,Done,830.0,8.0,Android,16.0,3.0,19.0
2277,Feature,Encryption,21,2219.0,REL_X+3,Low,In Progress,,,,,,
2278,Business Story,Update Card,13,2277.0,REL_X+3,Low,Blocked,,,,,,
2279,User Story,Transaction history,4,2278.0,REL_X+3,Low,Blocked,,,,,,
2280,Task,QA iOS,3,2279.0,REL_X+3,Low,Closed,987.0,6.0,QA,15.0,2.0,17.0
2281,Task,Backend API development,3,2279.0,REL_X+3,Low,To Do,987.0,6.0,Backend,17.0,1.0,18.0
2282,Task,Android development task -1,1,2279.0,REL_X+3,Low,In Progress,987.0,6.0,Android,5.0,0.0,5.0
2283,Task,Android UI implementation,3,2279.0,REL_X+3,Low,To Do,987.0,6.0,Android,16.0,2.0,18.0
2284,User Story,Make a transfer,6,2278.0,REL_X+3,Low,Closed,,,,,,
2285,Task,Back end development task -1,3,2284.0,REL_X+3,Low,Blocked,833.0,1.0,Backend,11.0,2.0,13.0
2286,Task,iOS development task 1,1,2284.0,REL_X+3,Low,Closed,833.0,1.0,iOS,4.0,0.0,4.0
2287,Task,QA iOS,2,2284.0,REL_X+3,Low,In Progress,833.0,1.0,QA,7.0,1.0,8.0
2288,Business Story,Add Card,13,2277.0,REL_X+3,Low,In Progress,,,,,,
2289,User Story,Error Handling,7,2288.0,REL_X+3,Low,To Do,,,,,,
2290,Task,iOS development task 1,2,2289.0,REL_X+3,Low,Blocked,619.0,8.0,iOS,11.0,1.0,12.0
2291,Task,iOS UI implementation,1,2289.0,REL_X+3,Low,To Do,619.0,8.0,iOS,6.0,1.0,7.0
2292,Task,QA iOS,1,2289.0,REL_X+3,Low,Done,619.0,8.0,QA,5.0,0.0,5.0
2293,User Story,Display Card Menu,5,2288.0,REL_X+3,Low,Done,,,,,,
2294,Task,Android development task -1,3,2293.0,REL_X+3,Low,Closed,893.0,3.0,Android,15.0,2.0,17.0
2295,Task,iOS development task 1,3,2293.0,REL_X+3,Low,Closed,893.0,3.0,iOS,10.0,0.0,10.0
2296,Task,Back end development task -1,2,2293.0,REL_X+3,Low,Blocked,893.0,3.0,Backend,9.0,0.0,9.0
2297,Task,iOS development task 1,2,2293.0,REL_X+3,Low,To Do,893.0,3.0,iOS,10.0,2.0,12.0
2298,User Story,Send email,5,2288.0,REL_X+3,Low,Blocked,,,,,,
2299,Task,Android UI implementation,2,2298.0,REL_X+3,Low,Blocked,434.0,1.0,Android,6.0,0.0,6.0
2300,Task,iOS development task 1,1,2298.0,REL_X+3,Low,Closed,434.0,1.0,iOS,6.0,1.0,7.0
2301,Business Story,Remove Card,13,2277.0,REL_X+3,Low,Closed,,,,,,
2302,User Story,Verify Email,6,2301.0,REL_X+3,Low,Done,,,,,,
2303,Task,iOS development task 1,1,2302.0,REL_X+3,Low,To Do,581.0,7.0,iOS,6.0,0.0,6.0
2304,Task,iOS UI implementation,1,2302.0,REL_X+3,Low,In Review,581.0,7.0,iOS,3.0,0.0,3.0
2305,Task,QA iOS,1,2302.0,REL_X+3,Low,Done,581.0,7.0,QA,6.0,0.0,6.0
2306,User Story,Display Card Menu,8,2301.0,REL_X+3,Low,In Progress,,,,,,
2307,Task,Back end development task -2,3,2306.0,REL_X+3,Low,In Progress,1263.0,1.0,Backend,18.0,3.0,21.0
2308,Task,Backend API development,3,2306.0,REL_X+3,Low,In Review,1263.0,1.0,Backend,11.0,1.0,12.0
2309,Task,QA iOS,1,2306.0,REL_X+3,Low,Done,1263.0,1.0,QA,3.0,0.0,3.0
2310,Task,iOS development task 1,2,2306.0,REL_X+3,Low,Closed,1263.0,1.0,iOS,12.0,1.0,13.0
2311,User Story,Send email,8,2301.0,REL_X+3,Low,Done,,,,,,
2312,Task,QA Android,1,2311.0,REL_X+3,Low,To Do,326.0,5.0,QA,3.0,0.0,3.0
2313,Task,Android development task -1,1,2311.0,REL_X+3,Low,To Do,326.0,5.0,Android,3.0,0.0,3.0
2314,Task,Android development task -1,3,2311.0,REL_X+3,Low,In Progress,326.0,5.0,Android,14.0,0.0,14.0
2315,Epic,Payments,55,,REL_X+6,Medium,Done,,,,,,
2316,Feature,Dashboard,34,2315.0,REL_X+6,Medium,Closed,,,,,,
2317,Business Story,Sign Up,11,2316.0,REL_X+6,Medium,In Progress,,,,,,
2318,User Story,Display Card Menu,5,2317.0,REL_X+6,Medium,Done,,,,,,
2319,Task,Android development task -1,1,2318.0,REL_X+6,Medium,To Do,252.0,2.0,Android,4.0,0.0,4.0
2320,User Story,Display Card Screen,5,2317.0,REL_X+6,Medium,In Review,,,,,,
2321,Task,Backend API development,1,2320.0,REL_X+6,Medium,To Do,1870.0,8.0,Backend,3.0,0.0,3.0
2322,Task,QA Testing,3,2320.0,REL_X+6,Medium,Closed,1870.0,8.0,QA,10.0,0.0,10.0
2323,User Story,Payment Confirmation,5,2317.0,REL_X+6,Medium,In Review,,,,,,
2324,Task,QA iOS,1,2323.0,REL_X+6,Medium,Closed,1298.0,2.0,QA,3.0,0.0,3.0
2325,Task,Back end development task -2,1,2323.0,REL_X+6,Medium,Blocked,1298.0,2.0,Backend,5.0,1.0,6.0
2326,Task,Back end development task -1,1,2323.0,REL_X+6,Medium,In Progress,1298.0,2.0,Backend,5.0,0.0,5.0
2327,Task,Back end development task -1,2,2323.0,REL_X+6,Medium,In Progress,1298.0,2.0,Backend,10.0,2.0,12.0
2328,Business Story,Remove Card,13,2316.0,REL_X+6,Medium,In Progress,,,,,,
2329,User Story,Display Card Screen,3,2328.0,REL_X+6,Medium,In Progress,,,,,,
2330,Task,Android development task -1,1,2329.0,REL_X+6,Medium,To Do,451.0,2.0,Android,6.0,0.0,6.0
2331,User Story,Review transfer,5,2328.0,REL_X+6,Medium,Done,,,,,,
2332,Task,Android UI implementation,2,2331.0,REL_X+6,Medium,Done,1336.0,4.0,Android,9.0,1.0,10.0
2333,Task,Backend API development,3,2331.0,REL_X+6,Medium,In Progress,1336.0,4.0,Backend,13.0,0.0,13.0
2334,Task,iOS development task 1,3,2331.0,REL_X+6,Medium,Done,1336.0,4.0,iOS,10.0,2.0,12.0
2335,Feature,Authentication,34,2315.0,REL_X+6,Medium,In Review,,,,,,
2336,Business Story,View Cards,12,2335.0,REL_X+6,Medium,Blocked,,,,,,
2337,User Story,Verify Email,7,2336.0,REL_X+6,Medium,Done,,,,,,
2338,Task,Backend API development,1,2337.0,REL_X+6,Medium,Closed,221.0,1.0,Backend,5.0,1.0,6.0
2339,Task,Environment setup,1,2337.0,REL_X+6,Medium,Done,221.0,1.0,DevOps,3.0,0.0,3.0
2340,Task,iOS UI implementation,1,2337.0,REL_X+6,Medium,To Do,221.0,1.0,iOS,5.0,1.0,6.0
2341,Task,iOS development task 1,1,2337.0,REL_X+6,Medium,In Progress,221.0,1.0,iOS,5.0,1.0,6.0
2342,Task,QA Android,1,2337.0,REL_X+6,Medium,In Review,221.0,1.0,QA,4.0,0.0,4.0
2343,User Story,Transaction history,4,2336.0,REL_X+6,Medium,In Review,,,,,,
2344,Task,QA iOS,2,2343.0,REL_X+6,Medium,In Progress,251.0,2.0,QA,11.0,1.0,12.0
2345,Business Story,Process Payment,9,2335.0,REL_X+6,Medium,Blocked,,,,,,
2346,User Story,Send email,5,2345.0,REL_X+6,Medium,Done,,,,,,
2347,Task,QA Android,1,2346.0,REL_X+6,Medium,Done,435.0,1.0,QA,5.0,0.0,5.0
2348,Task,iOS UI implementation,2,2346.0,REL_X+6,Medium,In Review,435.0,1.0,iOS,9.0,1.0,10.0
2349,Task,QA Android,1,2346.0,REL_X+6,Medium,To Do,435.0,1.0,QA,6.0,1.0,7.0
2350,Task,iOS development task 1,1,2346.0,REL_X+6,Medium,In Progress,435.0,1.0,iOS,3.0,0.0,3.0
2351,Task,QA iOS,2,2346.0,REL_X+6,Medium,In Review,435.0,1.0,QA,7.0,0.0,7.0
2352,User Story,Review transfer,3,2345.0,REL_X+6,Medium,Done,,,,,,
2353,Task,Android development task -1,1,2352.0,REL_X+6,Medium,Done,10.0,1.0,Android,6.0,0.0,6.0
2354,Task,Back end development task -2,1,2352.0,REL_X+6,Medium,Blocked,10.0,1.0,Backend,3.0,0.0,3.0
2355,Task,iOS development task 1,3,2352.0,REL_X+6,Medium,In Review,10.0,1.0,iOS,15.0,2.0,17.0
2356,Task,QA iOS,2,2352.0,REL_X+6,Medium,Done,10.0,1.0,QA,9.0,0.0,9.0
2357,User Story,Display Card Screen,6,2345.0,REL_X+6,Medium,Blocked,,,,,,
2358,Task,Backend API development,1,2357.0,REL_X+6,Medium,Closed,1255.0,1.0,Backend,6.0,1.0,7.0
2359,Epic,Accounts,55,,REL_X+7,Low,To Do,,,,,,
2360,Feature,User Profile,34,2359.0,REL_X+7,Low,In Progress,,,,,,
2361,Business Story,Email Verification,10,2360.0,REL_X+7,Low,In Progress,,,,,,
2362,User Story,Display Card Screen,4,2361.0,REL_X+7,Low,In Review,,,,,,
2363,Task,Back end development task -1,3,2362.0,REL_X+7,Low,To Do,1672.0,1.0,Backend,9.0,1.0,10.0
2364,Task,iOS development task 1,1,2362.0,REL_X+7,Low,In Review,1672.0,1.0,iOS,5.0,0.0,5.0
2365,Task,QA iOS,2,2362.0,REL_X+7,Low,In Review,1672.0,1.0,QA,12.0,1.0,13.0
2366,Task,QA iOS,3,2362.0,REL_X+7,Low,To Do,1672.0,1.0,QA,18.0,3.0,21.0
2367,Task,Android development task -1,1,2362.0,REL_X+7,Low,Closed,1672.0,1.0,Android,4.0,0.0,4.0
2368,Business Story,Password Reset,10,2360.0,REL_X+7,Low,Blocked,,,,,,
2369,User Story,Display Card Screen,5,2368.0,REL_X+7,Low,Closed,,,,,,
2370,Task,QA iOS,2,2369.0,REL_X+7,Low,To Do,1004.0,7.0,QA,9.0,0.0,9.0
2371,Task,iOS development task 1,2,2369.0,REL_X+7,Low,In Review,1004.0,7.0,iOS,11.0,0.0,11.0
2372,Task,Back end development task -1,2,2369.0,REL_X+7,Low,Closed,1004.0,7.0,Backend,11.0,0.0,11.0
2373,User Story,Payment Confirmation,3,2368.0,REL_X+7,Low,Blocked,,,,,,
2374,Task,Back end development task -1,2,2373.0,REL_X+7,Low,In Progress,124.0,5.0,Backend,9.0,1.0,10.0
2375,Task,QA Testing,1,2373.0,REL_X+7,Low,In Review,124.0,5.0,QA,4.0,0.0,4.0
2376,User Story,Review transfer,6,2368.0,REL_X+7,Low,Closed,,,,,,
2377,Task,iOS development task 1,3,2376.0,REL_X+7,Low,Blocked,316.0,5.0,iOS,12.0,1.0,13.0
2378,Task,Android UI implementation,3,2376.0,REL_X+7,Low,Blocked,316.0,5.0,Android,17.0,1.0,18.0
2379,Task,QA Android,1,2376.0,REL_X+7,Low,Closed,316.0,5.0,QA,6.0,0.0,6.0
2380,Task,Android development task -1,3,2376.0,REL_X+7,Low,In Progress,316.0,5.0,Android,18.0,0.0,18.0
2381,Task,Android UI implementation,3,2376.0,REL_X+7,Low,To Do,316.0,5.0,Android,10.0,0.0,10.0
2382,Feature,User Registration,34,2359.0,REL_X+7,Low,Blocked,,,,,,
2383,Business Story,Sign Up,11,2382.0,REL_X+7,Low,Blocked,,,,,,
2384,User Story,Payment Confirmation,5,2383.0,REL_X+7,Low,Done,,,,,,
2385,Task,iOS UI implementation,1,2384.0,REL_X+7,Low,Done,173.0,7.0,iOS,6.0,1.0,7.0
2386,Task,QA iOS,1,2384.0,REL_X+7,Low,To Do,173.0,7.0,QA,5.0,1.0,6.0
2387,Task,Back end development task -2,2,2384.0,REL_X+7,Low,In Progress,173.0,7.0,Backend,11.0,1.0,12.0
2388,User Story,Payment Form,5,2383.0,REL_X+7,Low,Blocked,,,,,,
2389,Task,iOS development task 1,2,2388.0,REL_X+7,Low,To Do,362.0,6.0,iOS,9.0,1.0,10.0
2390,Task,Back end development task -2,2,2388.0,REL_X+7,Low,To Do,362.0,6.0,Backend,6.0,0.0,6.0
2391,Task,Back end development task -2,3,2388.0,REL_X+7,Low,In Progress,362.0,6.0,Backend,18.0,2.0,20.0
2392,Task,Environment setup,2,2388.0,REL_X+7,Low,Done,362.0,6.0,DevOps,8.0,0.0,8.0
2393,Task,Backend API development,1,2388.0,REL_X+7,Low,Closed,362.0,6.0,Backend,3.0,0.0,3.0
2394,User Story,Send email,7,2383.0,REL_X+7,Low,Closed,,,,,,
2395,Task,QA Android,1,2394.0,REL_X+7,Low,Closed,550.0,6.0,QA,4.0,0.0,4.0
2396,Task,Android development task -1,2,2394.0,REL_X+7,Low,To Do,550.0,6.0,Android,8.0,0.0,8.0
2397,Task,QA iOS,2,2394.0,REL_X+7,Low,Blocked,550.0,6.0,QA,11.0,2.0,13.0
2398,Task,Android development task -1,3,2394.0,REL_X+7,Low,In Review,550.0,6.0,Android,12.0,0.0,12.0
2399,Business Story,Add Card,13,2382.0,REL_X+7,Low,Closed,,,,,,
2400,User Story,Make a transfer,4,2399.0,REL_X+7,Low,Blocked,,,,,,
2401,Task,QA Testing,1,2400.0,REL_X+7,Low,In Review,291.0,4.0,QA,3.0,0.0,3.0
2402,Epic,Accounts,55,,REL_X+4,Low,Done,,,,,,
2403,Feature,Scheduled Reports,21,2402.0,REL_X+4,Low,Blocked,,,,,,
2404,Business Story,Process Payment,9,2403.0,REL_X+4,Low,To Do,,,,,,
2405,User Story,Error Handling,5,2404.0,REL_X+4,Low,In Review,,,,,,
2406,Task,QA iOS,2,2405.0,REL_X+4,Low,To Do,1711.0,2.0,QA,12.0,0.0,12.0
2407,Task,Android development task -1,3,2405.0,REL_X+4,Low,Blocked,1711.0,2.0,Android,14.0,1.0,15.0
2408,Business Story,Remove Card,13,2403.0,REL_X+4,Low,Closed,,,,,,
2409,User Story,Payment Confirmation,5,2408.0,REL_X+4,Low,In Review,,,,,,
2410,Task,Back end development task -1,3,2409.0,REL_X+4,Low,In Review,747.0,5.0,Backend,13.0,2.0,15.0
2411,Task,QA Testing,1,2409.0,REL_X+4,Low,Blocked,747.0,5.0,QA,3.0,0.0,3.0
2412,Task,Back end development task -1,2,2409.0,REL_X+4,Low,Blocked,747.0,5.0,Backend,7.0,1.0,8.0
2413,Task,Back end development task -1,1,2409.0,REL_X+4,Low,In Progress,747.0,5.0,Backend,6.0,1.0,7.0
2414,User Story,Transaction history,6,2408.0,REL_X+4,Low,In Progress,,,,,,
2415,Task,iOS development task 1,3,2414.0,REL_X+4,Low,Done,774.0,6.0,iOS,17.0,3.0,20.0
2416,Feature,In-App Messages,21,2402.0,REL_X+4,Low,In Progress,,,,,,
2417,Business Story,Email Verification,10,2416.0,REL_X+4,Low,Done,,,,,,
2418,User Story,Transaction history,4,2417.0,REL_X+4,Low,Done,,,,,,
2419,Task,iOS development task 1,1,2418.0,REL_X+4,Low,In Review,1066.0,1.0,iOS,6.0,1.0,7.0
2420,Task,iOS development task 1,3,2418.0,REL_X+4,Low,Blocked,1066.0,1.0,iOS,16.0,1.0,17.0
2421,Task,Android development task -1,2,2418.0,REL_X+4,Low,In Review,1066.0,1.0,Android,8.0,0.0,8.0
2422,User Story,Error Handling,5,2417.0,REL_X+4,Low,To Do,,,,,,
2423,Task,Back end development task -1,1,2422.0,REL_X+4,Low,Done,1638.0,7.0,Backend,4.0,0.0,4.0
2424,Task,iOS development task 1,1,2422.0,REL_X+4,Low,Blocked,1638.0,7.0,iOS,5.0,0.0,5.0
2425,Task,QA Android,2,2422.0,REL_X+4,Low,In Review,1638.0,7.0,QA,6.0,0.0,6.0
2426,Business Story,Payment Callback,9,2416.0,REL_X+4,Low,In Progress,,,,,,
2427,User Story,Transaction history,5,2426.0,REL_X+4,Low,Done,,,,,,
2428,Task,iOS development task 1,1,2427.0,REL_X+4,Low,Done,318.0,5.0,iOS,4.0,0.0,4.0
2429,User Story,Payment Confirmation,8,2426.0,REL_X+4,Low,In Review,,,,,,
2430,Task,QA Testing,3,2429.0,REL_X+4,Low,Closed,449.0,2.0,QA,12.0,2.0,14.0
2431,Business Story,Password Reset,10,2416.0,REL_X+4,Low,Blocked,,,,,,
2432,User Story,Verify Email,7,2431.0,REL_X+4,Low,In Review,,,,,,
2433,Task,QA iOS,2,2432.0,REL_X+4,Low,Done,1223.0,8.0,QA,11.0,1.0,12.0
2434,Task,Android development task -1,2,2432.0,REL_X+4,Low,In Progress,1223.0,8.0,Android,7.0,1.0,8.0
2435,Task,iOS UI implementation,2,2432.0,REL_X+4,Low,To Do,1223.0,8.0,iOS,8.0,1.0,9.0
2436,User Story,Display Card Screen,5,2431.0,REL_X+4,Low,Closed,,,,,,
2437,Task,QA iOS,1,2436.0,REL_X+4,Low,In Progress,945.0,5.0,QA,6.0,0.0,6.0
2438,Task,Android UI implementation,2,2436.0,REL_X+4,Low,Closed,945.0,5.0,Android,10.0,2.0,12.0
2439,Task,QA Android,1,2436.0,REL_X+4,Low,Blocked,945.0,5.0,QA,6.0,1.0,7.0
2440,Task,iOS UI implementation,1,2436.0,REL_X+4,Low,To Do,945.0,5.0,iOS,3.0,0.0,3.0
2441,Task,Android development task -1,2,2436.0,REL_X+4,Low,Done,945.0,5.0,Android,8.0,0.0,8.0
2442,Feature,User Registration,34,2402.0,REL_X+4,Low,Done,,,,,,
2443,Business Story,Update Card,13,2442.0,REL_X+4,Low,To Do,,,,,,
2444,User Story,Make a transfer,5,2443.0,REL_X+4,Low,Blocked,,,,,,
2445,Task,Android UI implementation,3,2444.0,REL_X+4,Low,In Review,1654.0,8.0,Android,10.0,0.0,10.0
2446,Task,iOS development task 1,1,2444.0,REL_X+4,Low,Done,1654.0,8.0,iOS,3.0,0.0,3.0
2447,Task,QA Testing,2,2444.0,REL_X+4,Low,To Do,1654.0,8.0,QA,12.0,0.0,12.0
2448,Task,Back end development task -2,2,2444.0,REL_X+4,Low,Done,1654.0,8.0,Backend,10.0,0.0,10.0
2449,Task,QA Testing,1,2444.0,REL_X+4,Low,Closed,1654.0,8.0,QA,4.0,0.0,4.0
2450,User Story,Verify Email,5,2443.0,REL_X+4,Low,To Do,,,,,,
2451,Task,QA Android,1,2450.0,REL_X+4,Low,Done,1650.0,8.0,QA,3.0,0.0,3.0
2452,Task,iOS development task 1,2,2450.0,REL_X+4,Low,To Do,1650.0,8.0,iOS,7.0,0.0,7.0
2453,Task,QA Testing,1,2450.0,REL_X+4,Low,To Do,1650.0,8.0,QA,6.0,1.0,7.0
2454,Task,iOS development task 1,1,2450.0,REL_X+4,Low,In Progress,1650.0,8.0,iOS,6.0,0.0,6.0
2455,Business Story,Payment Validation,9,2442.0,REL_X+4,Low,Done,,,,,,
2456,User Story,Error Handling,7,2455.0,REL_X+4,Low,Done,,,,,,
2457,Task,Android development task -1,2,2456.0,REL_X+4,Low,Closed,253.0,2.0,Android,7.0,0.0,7.0
2458,Task,Back end development task -1,1,2456.0,REL_X+4,Low,Blocked,253.0,2.0,Backend,4.0,0.0,4.0
2459,Task,Android development task -1,1,2456.0,REL_X+4,Low,In Review,253.0,2.0,Android,3.0,0.0,3.0
2460,Task,iOS development task 1,1,2456.0,REL_X+4,Low,Blocked,253.0,2.0,iOS,3.0,0.0,3.0
2461,User Story,Payment Form,7,2455.0,REL_X+4,Low,In Progress,,,,,,
2462,Task,Android UI implementation,1,2461.0,REL_X+4,Low,Done,58.0,3.0,Android,6.0,0.0,6.0
2463,Task,Android development task -1,1,2461.0,REL_X+4,Low,In Review,58.0,3.0,Android,6.0,0.0,6.0
2464,Task,Android development task -1,1,2461.0,REL_X+4,Low,To Do,58.0,3.0,Android,6.0,1.0,7.0
2465,Business Story,Sign Up,11,2442.0,REL_X+4,Low,In Progress,,,,,,
2466,User Story,Payment Confirmation,5,2465.0,REL_X+4,Low,Closed,,,,,,
2467,Task,Environment setup,1,2466.0,REL_X+4,Low,Closed,1076.0,2.0,DevOps,4.0,0.0,4.0
2468,Task,QA iOS,1,2466.0,REL_X+4,Low,Closed,1076.0,2.0,QA,4.0,0.0,4.0
2469,Task,Android development task -1,3,2466.0,REL_X+4,Low,Blocked,1076.0,2.0,Android,10.0,2.0,12.0
2470,Task,Backend API development,3,2466.0,REL_X+4,Low,Done,1076.0,2.0,Backend,18.0,1.0,19.0
2471,User Story,Error Handling,6,2465.0,REL_X+4,Low,Done,,,,,,
2472,Task,iOS development task 1,1,2471.0,REL_X+4,Low,Done,1589.0,6.0,iOS,5.0,1.0,6.0
2473,Task,Backend API development,1,2471.0,REL_X+4,Low,In Progress,1589.0,6.0,Backend,3.0,0.0,3.0
2474,Task,iOS development task 1,2,2471.0,REL_X+4,Low,In Review,1589.0,6.0,iOS,9.0,1.0,10.0
2475,Task,Back end development task -1,3,2471.0,REL_X+4,Low,In Progress,1589.0,6.0,Backend,12.0,0.0,12.0
2476,Task,Backend API development,2,2471.0,REL_X+4,Low,To Do,1589.0,6.0,Backend,9.0,0.0,9.0
2477,Epic,Notifications,55,,REL_X+6,Low,To Do,,,,,,
2478,Feature,Account Settings,21,2477.0,REL_X+6,Low,In Progress,,,,,,
2479,Business Story,Remove Card,13,2478.0,REL_X+6,Low,In Progress,,,,,,
2480,User Story,Error Handling,4,2479.0,REL_X+6,Low,Blocked,,,,,,
2481,Task,Back end development task -1,1,2480.0,REL_X+6,Low,Done,897.0,3.0,Backend,4.0,0.0,4.0
2482,Task,QA Android,1,2480.0,REL_X+6,Low,In Progress,897.0,3.0,QA,3.0,0.0,3.0
2483,Task,Back end development task -2,3,2480.0,REL_X+6,Low,Blocked,897.0,3.0,Backend,9.0,1.0,10.0
2484,User Story,Payment Confirmation,5,2479.0,REL_X+6,Low,To Do,,,,,,
2485,Task,QA Testing,1,2484.0,REL_X+6,Low,Done,698.0,3.0,QA,4.0,0.0,4.0
2486,Task,QA Android,1,2484.0,REL_X+6,Low,Blocked,698.0,3.0,QA,4.0,0.0,4.0
2487,User Story,Review transfer,5,2479.0,REL_X+6,Low,Blocked,,,,,,
2488,Task,Environment setup,1,2487.0,REL_X+6,Low,To Do,1790.0,5.0,DevOps,5.0,0.0,5.0
2489,Business Story,Process Payment,9,2478.0,REL_X+6,Low,Blocked,,,,,,
2490,User Story,Display Card Menu,5,2489.0,REL_X+6,Low,In Review,,,,,,
2491,Task,Android development task -1,3,2490.0,REL_X+6,Low,Closed,47.0,2.0,Android,13.0,1.0,14.0
2492,Task,QA Android,1,2490.0,REL_X+6,Low,To Do,47.0,2.0,QA,4.0,0.0,4.0
2493,Business Story,Password Reset,10,2478.0,REL_X+6,Low,Done,,,,,,
2494,User Story,Review transfer,5,2493.0,REL_X+6,Low,To Do,,,,,,
2495,Task,QA Testing,3,2494.0,REL_X+6,Low,To Do,1119.0,4.0,QA,13.0,2.0,15.0
2496,User Story,Payment Confirmation,3,2493.0,REL_X+6,Low,Blocked,,,,,,
2497,Task,QA iOS,3,2496.0,REL_X+6,Low,In Progress,535.0,5.0,QA,9.0,0.0,9.0
2498,Task,QA iOS,3,2496.0,REL_X+6,Low,Blocked,535.0,5.0,QA,9.0,0.0,9.0
2499,User Story,Transaction history,3,2493.0,REL_X+6,Low,Done,,,,,,
2500,Task,Back end development task -2,1,2499.0,REL_X+6,Low,Done,1853.0,8.0,Backend,3.0,0.0,3.0
2501,Task,Environment setup,3,2499.0,REL_X+6,Low,In Review,1853.0,8.0,DevOps,16.0,1.0,17.0
2502,Task,Back end development task -2,1,2499.0,REL_X+6,Low,Closed,1853.0,8.0,Backend,6.0,0.0,6.0
2503,Task,QA Android,1,2499.0,REL_X+6,Low,To Do,1853.0,8.0,QA,5.0,0.0,5.0
2504,Task,Back end development task -2,1,2499.0,REL_X+6,Low,Closed,1853.0,8.0,Backend,4.0,0.0,4.0
2505,Feature,Data Export,21,2477.0,REL_X+6,Low,Closed,,,,,,
2506,Business Story,Payment Validation,9,2505.0,REL_X+6,Low,To Do,,,,,,
2507,User Story,Verify Email,5,2506.0,REL_X+6,Low,Blocked,,,,,,
2508,Task,iOS development task 1,1,2507.0,REL_X+6,Low,In Progress,1126.0,4.0,iOS,5.0,1.0,6.0
2509,Task,QA iOS,1,2507.0,REL_X+6,Low,In Progress,1126.0,4.0,QA,3.0,0.0,3.0
2510,User Story,Make a transfer,3,2506.0,REL_X+6,Low,To Do,,,,,,
2511,Task,Back end development task -2,3,2510.0,REL_X+6,Low,To Do,466.0,2.0,Backend,9.0,0.0,9.0
2512,Task,Environment setup,1,2510.0,REL_X+6,Low,In Review,466.0,2.0,DevOps,6.0,0.0,6.0
2513,Task,Back end development task -2,1,2510.0,REL_X+6,Low,In Progress,466.0,2.0,Backend,4.0,0.0,4.0
2514,Task,Backend API development,1,2510.0,REL_X+6,Low,To Do,466.0,2.0,Backend,3.0,0.0,3.0
2515,Business Story,Process Payment,9,2505.0,REL_X+6,Low,In Review,,,,,,
2516,User Story,Review transfer,7,2515.0,REL_X+6,Low,In Progress,,,,,,
2517,Task,QA Android,2,2516.0,REL_X+6,Low,Done,909.0,3.0,QA,8.0,0.0,8.0
2518,Task,iOS development task 1,1,2516.0,REL_X+6,Low,In Review,909.0,3.0,iOS,3.0,0.0,3.0
2519,Task,iOS UI implementation,2,2516.0,REL_X+6,Low,In Review,909.0,3.0,iOS,10.0,1.0,11.0
2520,User Story,Payment Form,3,2515.0,REL_X+6,Low,In Progress,,,,,,
2521,Task,Back end development task -1,1,2520.0,REL_X+6,Low,In Review,1724.0,3.0,Backend,4.0,0.0,4.0
2522,Task,Android development task -1,1,2520.0,REL_X+6,Low,Closed,1724.0,3.0,Android,4.0,0.0,4.0
2523,Task,Android UI implementation,3,2520.0,REL_X+6,Low,To Do,1724.0,3.0,Android,9.0,1.0,10.0
2524,Task,iOS development task 1,1,2520.0,REL_X+6,Low,To Do,1724.0,3.0,iOS,6.0,1.0,7.0
2525,Task,Back end development task -2,1,2520.0,REL_X+6,Low,To Do,1724.0,3.0,Backend,6.0,1.0,7.0
2526,User Story,Send email,7,2515.0,REL_X+6,Low,Blocked,,,,,,
2527,Task,Back end development task -1,1,2526.0,REL_X+6,Low,Done,910.0,3.0,Backend,4.0,0.0,4.0
2528,Feature,Encryption,21,2477.0,REL_X+6,Low,To Do,,,,,,
2529,Business Story,Add Card,13,2528.0,REL_X+6,Low,To Do,,,,,,
2530,User Story,Send email,6,2529.0,REL_X+6,Low,In Review,,,,,,
2531,Task,iOS UI implementation,3,2530.0,REL_X+6,Low,Done,1487.0,2.0,iOS,9.0,0.0,9.0
2532,Task,Backend API development,3,2530.0,REL_X+6,Low,Blocked,1487.0,2.0,Backend,13.0,2.0,15.0
2533,Task,iOS UI implementation,2,2530.0,REL_X+6,Low,In Review,1487.0,2.0,iOS,10.0,2.0,12.0
2534,Task,QA iOS,3,2530.0,REL_X+6,Low,In Progress,1487.0,2.0,QA,16.0,1.0,17.0
2535,Task,Back end development task -1,1,2530.0,REL_X+6,Low,In Progress,1487.0,2.0,Backend,5.0,0.0,5.0
2536,User Story,Transaction history,6,2529.0,REL_X+6,Low,In Review,,,,,,
2537,Task,Backend API development,1,2536.0,REL_X+6,Low,In Review,692.0,3.0,Backend,5.0,1.0,6.0
2538,Task,iOS development task 1,2,2536.0,REL_X+6,Low,To Do,692.0,3.0,iOS,12.0,2.0,14.0
2539,Task,iOS development task 1,1,2536.0,REL_X+6,Low,In Progress,692.0,3.0,iOS,5.0,1.0,6.0
2540,Task,Android UI implementation,1,2536.0,REL_X+6,Low,Blocked,692.0,3.0,Android,6.0,0.0,6.0
2541,Task,Back end development task -2,3,2536.0,REL_X+6,Low,Blocked,692.0,3.0,Backend,16.0,1.0,17.0
2542,User Story,Review transfer,3,2529.0,REL_X+6,Low,To Do,,,,,,
2543,Task,QA iOS,3,2542.0,REL_X+6,Low,In Review,567.0,6.0,QA,16.0,1.0,17.0
2544,Task,iOS development task 1,1,2542.0,REL_X+6,Low,In Progress,567.0,6.0,iOS,6.0,0.0,6.0
2545,Task,QA iOS,1,2542.0,REL_X+6,Low,To Do,567.0,6.0,QA,3.0,0.0,3.0
2546,Task,Back end development task -2,1,2542.0,REL_X+6,Low,To Do,567.0,6.0,Backend,6.0,1.0,7.0
2547,Task,Back end development task -1,1,2542.0,REL_X+6,Low,To Do,567.0,6.0,Backend,5.0,1.0,6.0
2548,Business Story,Payment Validation,9,2528.0,REL_X+6,Low,Closed,,,,,,
2549,User Story,Payment Confirmation,5,2548.0,REL_X+6,Low,In Review,,,,,,
2550,Task,Android UI implementation,1,2549.0,REL_X+6,Low,In Progress,224.0,1.0,Android,3.0,0.0,3.0
2551,User Story,Display Card Menu,5,2548.0,REL_X+6,Low,In Review,,,,,,
2552,Task,Environment setup,2,2551.0,REL_X+6,Low,To Do,1699.0,2.0,DevOps,8.0,0.0,8.0
2553,Task,QA iOS,2,2551.0,REL_X+6,Low,Blocked,1699.0,2.0,QA,8.0,1.0,9.0
2554,Task,QA Android,1,2551.0,REL_X+6,Low,In Progress,1699.0,2.0,QA,5.0,0.0,5.0
2555,Task,QA Android,1,2551.0,REL_X+6,Low,To Do,1699.0,2.0,QA,4.0,0.0,4.0
2556,Business Story,Email Verification,10,2528.0,REL_X+6,Low,Done,,,,,,
2557,User Story,Send email,5,2556.0,REL_X+6,Low,Closed,,,,,,
2558,Task,QA Android,3,2557.0,REL_X+6,Low,Closed,1041.0,1.0,QA,15.0,0.0,15.0
2559,Task,Android development task -1,1,2557.0,REL_X+6,Low,In Progress,1041.0,1.0,Android,3.0,0.0,3.0
2560,Task,iOS UI implementation,2,2557.0,REL_X+6,Low,Done,1041.0,1.0,iOS,6.0,0.0,6.0
2561,Task,QA Testing,2,2557.0,REL_X+6,Low,In Review,1041.0,1.0,QA,10.0,1.0,11.0
2562,Task,iOS development task 1,1,2557.0,REL_X+6,Low,In Review,1041.0,1.0,iOS,5.0,0.0,5.0
2563,Feature,User Registration,34,2477.0,REL_X+6,Low,In Progress,,,,,,
2564,Business Story,View Cards,12,2563.0,REL_X+6,Low,Closed,,,,,,
2565,User Story,Review transfer,5,2564.0,REL_X+6,Low,Blocked,,,,,,
2566,Task,QA Android,2,2565.0,REL_X+6,Low,Closed,742.0,5.0,QA,6.0,1.0,7.0
2567,Business Story,Process Payment,9,2563.0,REL_X+6,Low,Blocked,,,,,,
2568,User Story,Review transfer,5,2567.0,REL_X+6,Low,In Progress,,,,,,
2569,Task,iOS UI implementation,2,2568.0,REL_X+6,Low,Done,1102.0,3.0,iOS,11.0,0.0,11.0
2570,Task,iOS development task 1,2,2568.0,REL_X+6,Low,To Do,1102.0,3.0,iOS,8.0,1.0,9.0
2571,User Story,Payment Form,3,2567.0,REL_X+6,Low,Blocked,,,,,,
2572,Task,QA Testing,2,2571.0,REL_X+6,Low,In Progress,1035.0,8.0,QA,12.0,0.0,12.0
2573,Task,Android UI implementation,1,2571.0,REL_X+6,Low,In Review,1035.0,8.0,Android,3.0,0.0,3.0
2574,User Story,Verify Email,6,2567.0,REL_X+6,Low,Closed,,,,,,
2575,Task,Android development task -1,3,2574.0,REL_X+6,Low,Closed,963.0,6.0,Android,15.0,0.0,15.0
2576,Business Story,Email Verification,10,2563.0,REL_X+6,Low,In Progress,,,,,,
2577,User Story,Make a transfer,5,2576.0,REL_X+6,Low,Done,,,,,,
2578,Task,QA Android,1,2577.0,REL_X+6,Low,To Do,795.0,7.0,QA,4.0,0.0,4.0
2579,Task,QA iOS,3,2577.0,REL_X+6,Low,Done,795.0,7.0,QA,14.0,2.0,16.0
2580,Task,iOS development task 1,3,2577.0,REL_X+6,Low,Closed,795.0,7.0,iOS,9.0,0.0,9.0
2581,Task,QA Android,3,2577.0,REL_X+6,Low,Closed,795.0,7.0,QA,15.0,3.0,18.0
2582,Epic,Reporting,55,,REL_X+6,Critical,Closed,,,,,,
2583,Feature,Transaction History,34,2582.0,REL_X+6,Critical,Done,,,,,,
2584,Business Story,Update Card,13,2583.0,REL_X+6,Critical,Done,,,,,,
2585,User Story,Send email,5,2584.0,REL_X+6,Critical,In Progress,,,,,,
2586,Task,iOS development task 1,3,2585.0,REL_X+6,Critical,In Review,1042.0,1.0,iOS,10.0,0.0,10.0
2587,Task,QA Testing,1,2585.0,REL_X+6,Critical,In Review,1042.0,1.0,QA,6.0,1.0,7.0
2588,Task,Backend API development,1,2585.0,REL_X+6,Critical,To Do,1042.0,1.0,Backend,4.0,0.0,4.0
2589,Task,QA Android,1,2585.0,REL_X+6,Critical,To Do,1042.0,1.0,QA,5.0,1.0,6.0
2590,Task,QA Android,1,2585.0,REL_X+6,Critical,In Review,1042.0,1.0,QA,3.0,0.0,3.0
2591,User Story,Payment Form,5,2584.0,REL_X+6,Critical,In Progress,,,,,,
2592,Task,Android development task -1,3,2591.0,REL_X+6,Critical,To Do,1814.0,6.0,Android,13.0,2.0,15.0
2593,Task,Back end development task -1,2,2591.0,REL_X+6,Critical,In Progress,1814.0,6.0,Backend,7.0,0.0,7.0
2594,User Story,Verify Email,5,2584.0,REL_X+6,Critical,Done,,,,,,
2595,Task,Back end development task -1,2,2594.0,REL_X+6,Critical,To Do,1546.0,4.0,Backend,6.0,0.0,6.0
2596,Task,QA Testing,3,2594.0,REL_X+6,Critical,In Progress,1546.0,4.0,QA,9.0,1.0,10.0
2597,Business Story,Add Card,13,2583.0,REL_X+6,Critical,In Review,,,,,,
2598,User Story,Verify Email,7,2597.0,REL_X+6,Critical,In Review,,,,,,
2599,Task,Android UI implementation,3,2598.0,REL_X+6,Critical,To Do,225.0,1.0,Android,16.0,2.0,18.0
2600,User Story,Payment Form,7,2597.0,REL_X+6,Critical,In Review,,,,,,
2601,Task,QA Android,3,2600.0,REL_X+6,Critical,To Do,1499.0,2.0,QA,12.0,2.0,14.0
2602,User Story,Make a transfer,5,2597.0,REL_X+6,Critical,Done,,,,,,
2603,Task,Android UI implementation,2,2602.0,REL_X+6,Critical,To Do,687.0,3.0,Android,10.0,2.0,12.0
2604,Task,QA iOS,3,2602.0,REL_X+6,Critical,To Do,687.0,3.0,QA,9.0,1.0,10.0
2605,Task,QA iOS,1,2602.0,REL_X+6,Critical,In Progress,687.0,3.0,QA,3.0,0.0,3.0
2606,Feature,In-App Messages,21,2582.0,REL_X+6,Critical,In Progress,,,,,,
2607,Business Story,View Cards,12,2606.0,REL_X+6,Critical,Blocked,,,,,,
2608,User Story,Payment Form,7,2607.0,REL_X+6,Critical,Closed,,,,,,
2609,Task,Android development task -1,1,2608.0,REL_X+6,Critical,To Do,1018.0,8.0,Android,3.0,0.0,3.0
2610,Task,iOS UI implementation,1,2608.0,REL_X+6,Critical,To Do,1018.0,8.0,iOS,4.0,0.0,4.0
2611,Task,iOS UI implementation,2,2608.0,REL_X+6,Critical,Closed,1018.0,8.0,iOS,10.0,1.0,11.0
2612,Business Story,Payment Callback,9,2606.0,REL_X+6,Critical,Done,,,,,,
2613,User Story,Send email,5,2612.0,REL_X+6,Critical,Closed,,,,,,
2614,Task,Back end development task -1,3,2613.0,REL_X+6,Critical,Closed,369.0,7.0,Backend,16.0,3.0,19.0
2615,Task,Backend API development,2,2613.0,REL_X+6,Critical,In Review,369.0,7.0,Backend,10.0,1.0,11.0
2616,Task,iOS development task 1,1,2613.0,REL_X+6,Critical,Blocked,369.0,7.0,iOS,5.0,1.0,6.0
2617,Business Story,Sign Up,11,2606.0,REL_X+6,Critical,In Review,,,,,,
2618,User Story,Verify Email,4,2617.0,REL_X+6,Critical,Blocked,,,,,,
2619,Task,QA Android,2,2618.0,REL_X+6,Critical,Blocked,654.0,2.0,QA,11.0,0.0,11.0
2620,Epic,Reporting,55,,REL_X+8,Medium,To Do,,,,,,
2621,Feature,Authentication,34,2620.0,REL_X+8,Medium,Blocked,,,,,,
2622,Business Story,Payment Validation,9,2621.0,REL_X+8,Medium,In Review,,,,,,
2623,User Story,Send email,7,2622.0,REL_X+8,Medium,Blocked,,,,,,
2624,Task,Back end development task -2,1,2623.0,REL_X+8,Medium,Closed,817.0,8.0,Backend,4.0,0.0,4.0
2625,Task,Back end development task -2,1,2623.0,REL_X+8,Medium,Done,817.0,8.0,Backend,6.0,0.0,6.0
2626,Task,QA iOS,2,2623.0,REL_X+8,Medium,To Do,817.0,8.0,QA,12.0,2.0,14.0
2627,User Story,Verify Email,8,2622.0,REL_X+8,Medium,Done,,,,,,
2628,Task,Android development task -1,2,2627.0,REL_X+8,Medium,Blocked,1251.0,1.0,Android,6.0,0.0,6.0
2629,Task,Environment setup,2,2627.0,REL_X+8,Medium,Done,1251.0,1.0,DevOps,8.0,1.0,9.0
2630,Task,Environment setup,2,2627.0,REL_X+8,Medium,In Review,1251.0,1.0,DevOps,10.0,0.0,10.0
2631,User Story,Payment Confirmation,5,2622.0,REL_X+8,Medium,In Progress,,,,,,
2632,Task,Backend API development,3,2631.0,REL_X+8,Medium,In Progress,1717.0,3.0,Backend,12.0,1.0,13.0
2633,Task,QA Android,1,2631.0,REL_X+8,Medium,To Do,1717.0,3.0,QA,4.0,0.0,4.0
2634,Task,Back end development task -2,3,2631.0,REL_X+8,Medium,Done,1717.0,3.0,Backend,17.0,0.0,17.0
2635,Task,Backend API development,2,2631.0,REL_X+8,Medium,In Review,1717.0,3.0,Backend,6.0,0.0,6.0
2636,Task,Android development task -1,1,2631.0,REL_X+8,Medium,In Review,1717.0,3.0,Android,4.0,0.0,4.0
2637,Business Story,Email Verification,10,2621.0,REL_X+8,Medium,Closed,,,,,,
2638,User Story,Verify Email,5,2637.0,REL_X+8,Medium,In Progress,,,,,,
2639,Task,Environment setup,1,2638.0,REL_X+8,Medium,To Do,1676.0,1.0,DevOps,6.0,0.0,6.0
2640,Task,Android development task -1,1,2638.0,REL_X+8,Medium,Done,1676.0,1.0,Android,6.0,0.0,6.0
2641,Task,Android development task -1,2,2638.0,REL_X+8,Medium,In Review,1676.0,1.0,Android,9.0,0.0,9.0
2642,Feature,Email Service,21,2620.0,REL_X+8,Medium,In Review,,,,,,
2643,Business Story,View Cards,12,2642.0,REL_X+8,Medium,Closed,,,,,,
2644,User Story,Payment Form,5,2643.0,REL_X+8,Medium,In Progress,,,,,,
2645,Task,iOS development task 1,1,2644.0,REL_X+8,Medium,To Do,833.0,1.0,iOS,4.0,0.0,4.0
2646,Task,QA Testing,2,2644.0,REL_X+8,Medium,Blocked,833.0,1.0,QA,8.0,0.0,8.0
2647,Task,Back end development task -1,2,2644.0,REL_X+8,Medium,In Progress,833.0,1.0,Backend,6.0,1.0,7.0
2648,Task,Android UI implementation,1,2644.0,REL_X+8,Medium,In Review,833.0,1.0,Android,3.0,0.0,3.0
2649,Task,Android development task -1,3,2644.0,REL_X+8,Medium,Done,833.0,1.0,Android,10.0,0.0,10.0
2650,User Story,Verify Email,4,2643.0,REL_X+8,Medium,Blocked,,,,,,
2651,Task,Environment setup,1,2650.0,REL_X+8,Medium,To Do,1216.0,7.0,DevOps,6.0,0.0,6.0
2652,Task,QA Testing,1,2650.0,REL_X+8,Medium,In Progress,1216.0,7.0,QA,5.0,1.0,6.0
2653,User Story,Transaction history,3,2643.0,REL_X+8,Medium,Closed,,,,,,
2654,Task,iOS UI implementation,3,2653.0,REL_X+8,Medium,In Progress,1158.0,5.0,iOS,13.0,2.0,15.0
2655,Task,QA Testing,2,2653.0,REL_X+8,Medium,In Review,1158.0,5.0,QA,8.0,0.0,8.0
2656,Task,Android UI implementation,2,2653.0,REL_X+8,Medium,Closed,1158.0,5.0,Android,10.0,2.0,12.0
2657,Task,Environment setup,3,2653.0,REL_X+8,Medium,Blocked,1158.0,5.0,DevOps,15.0,0.0,15.0
2658,Task,Android development task -1,2,2653.0,REL_X+8,Medium,In Progress,1158.0,5.0,Android,7.0,0.0,7.0
2659,Business Story,Remove Card,13,2642.0,REL_X+8,Medium,In Progress,,,,,,
2660,User Story,Display Card Screen,7,2659.0,REL_X+8,Medium,Blocked,,,,,,
2661,Task,QA Testing,1,2660.0,REL_X+8,Medium,To Do,350.0,6.0,QA,6.0,1.0,7.0
2662,Task,Android development task -1,1,2660.0,REL_X+8,Medium,Done,350.0,6.0,Android,5.0,1.0,6.0
2663,Task,QA iOS,2,2660.0,REL_X+8,Medium,In Progress,350.0,6.0,QA,8.0,0.0,8.0
2664,Task,Android development task -1,2,2660.0,REL_X+8,Medium,Done,350.0,6.0,Android,7.0,1.0,8.0
2665,Task,iOS development task 1,1,2660.0,REL_X+8,Medium,Closed,350.0,6.0,iOS,4.0,0.0,4.0
2666,User Story,Display Card Menu,6,2659.0,REL_X+8,Medium,In Progress,,,,,,
2667,Task,QA Testing,1,2666.0,REL_X+8,Medium,In Progress,337.0,5.0,QA,6.0,0.0,6.0
2668,Task,QA Testing,1,2666.0,REL_X+8,Medium,Closed,337.0,5.0,QA,3.0,0.0,3.0
2669,Task,QA Android,1,2666.0,REL_X+8,Medium,In Review,337.0,5.0,QA,3.0,0.0,3.0
2670,Task,iOS development task 1,1,2666.0,REL_X+8,Medium,To Do,337.0,5.0,iOS,6.0,0.0,6.0
2671,Task,QA Android,2,2666.0,REL_X+8,Medium,Closed,337.0,5.0,QA,7.0,1.0,8.0
2672,Business Story,Sign Up,11,2642.0,REL_X+8,Medium,To Do,,,,,,
2673,User Story,Transaction history,5,2672.0,REL_X+8,Medium,Blocked,,,,,,
2674,Task,QA Android,2,2673.0,REL_X+8,Medium,Done,1197.0,7.0,QA,9.0,1.0,10.0
2675,Task,QA Android,1,2673.0,REL_X+8,Medium,Closed,1197.0,7.0,QA,4.0,0.0,4.0
2676,Task,QA Android,1,2673.0,REL_X+8,Medium,In Progress,1197.0,7.0,QA,5.0,0.0,5.0
2677,Feature,Refunds,34,2620.0,REL_X+8,Medium,Done,,,,,,
2678,Business Story,Email Verification,10,2677.0,REL_X+8,Medium,In Progress,,,,,,
2679,User Story,Display Card Menu,6,2678.0,REL_X+8,Medium,In Progress,,,,,,
2680,Task,Android development task -1,1,2679.0,REL_X+8,Medium,In Review,188.0,8.0,Android,6.0,0.0,6.0
2681,Task,Environment setup,3,2679.0,REL_X+8,Medium,Done,188.0,8.0,DevOps,9.0,0.0,9.0
2682,Task,Android UI implementation,1,2679.0,REL_X+8,Medium,In Review,188.0,8.0,Android,6.0,1.0,7.0
2683,Task,iOS development task 1,1,2679.0,REL_X+8,Medium,Blocked,188.0,8.0,iOS,6.0,1.0,7.0
2684,Task,QA Testing,1,2679.0,REL_X+8,Medium,Done,188.0,8.0,QA,5.0,0.0,5.0
2685,Business Story,Sign Up,11,2677.0,REL_X+8,Medium,In Progress,,,,,,
2686,User Story,Transaction history,6,2685.0,REL_X+8,Medium,Blocked,,,,,,
2687,Task,QA Testing,2,2686.0,REL_X+8,Medium,Done,1148.0,5.0,QA,8.0,0.0,8.0
2688,Task,iOS UI implementation,2,2686.0,REL_X+8,Medium,In Review,1148.0,5.0,iOS,7.0,0.0,7.0
2689,Task,Android UI implementation,2,2686.0,REL_X+8,Medium,In Progress,1148.0,5.0,Android,8.0,1.0,9.0
2690,Task,QA Android,1,2686.0,REL_X+8,Medium,In Progress,1148.0,5.0,QA,4.0,0.0,4.0
2691,Business Story,Process Payment,9,2677.0,REL_X+8,Medium,Blocked,,,,,,
2692,User Story,Payment Confirmation,3,2691.0,REL_X+8,Medium,In Review,,,,,,
2693,Task,QA Android,3,2692.0,REL_X+8,Medium,Done,673.0,2.0,QA,17.0,0.0,17.0
2694,User Story,Review transfer,5,2691.0,REL_X+8,Medium,Closed,,,,,,
2695,Task,Backend API development,1,2694.0,REL_X+8,Medium,Closed,564.0,6.0,Backend,5.0,1.0,6.0
2696,Task,Back end development task -2,3,2694.0,REL_X+8,Medium,Done,564.0,6.0,Backend,9.0,1.0,10.0
2697,Task,Android UI implementation,1,2694.0,REL_X+8,Medium,To Do,564.0,6.0,Android,6.0,0.0,6.0
2698,Task,QA Android,1,2694.0,REL_X+8,Medium,In Progress,564.0,6.0,QA,4.0,0.0,4.0
2699,Epic,Accounts,55,,REL_X+8,Low,To Do,,,,,,
2700,Feature,User Profile,34,2699.0,REL_X+8,Low,Done,,,,,,
2701,Business Story,View Cards,12,2700.0,REL_X+8,Low,Closed,,,,,,
2702,User Story,Make a transfer,5,2701.0,REL_X+8,Low,Closed,,,,,,
2703,Task,Back end development task -2,1,2702.0,REL_X+8,Low,To Do,826.0,8.0,Backend,4.0,0.0,4.0
2704,Task,QA iOS,1,2702.0,REL_X+8,Low,Closed,826.0,8.0,QA,5.0,0.0,5.0
2705,Task,iOS UI implementation,1,2702.0,REL_X+8,Low,In Review,826.0,8.0,iOS,3.0,0.0,3.0
2706,Task,QA Android,1,2702.0,REL_X+8,Low,Done,826.0,8.0,QA,6.0,0.0,6.0
2707,User Story,Send email,8,2701.0,REL_X+8,Low,To Do,,,,,,
2708,Task,QA iOS,2,2707.0,REL_X+8,Low,Done,239.0,2.0,QA,7.0,1.0,8.0
2709,Business Story,Add Card,13,2700.0,REL_X+8,Low,Closed,,,,,,
2710,User Story,Make a transfer,6,2709.0,REL_X+8,Low,In Progress,,,,,,
2711,Task,Android UI implementation,1,2710.0,REL_X+8,Low,Closed,1307.0,3.0,Android,4.0,0.0,4.0
2712,Task,QA Android,2,2710.0,REL_X+8,Low,In Review,1307.0,3.0,QA,11.0,0.0,11.0
2713,Task,Back end development task -2,1,2710.0,REL_X+8,Low,In Review,1307.0,3.0,Backend,5.0,0.0,5.0
2714,Business Story,Email Verification,10,2700.0,REL_X+8,Low,In Progress,,,,,,
2715,User Story,Send email,7,2714.0,REL_X+8,Low,In Review,,,,,,
2716,Task,QA iOS,3,2715.0,REL_X+8,Low,Blocked,1810.0,6.0,QA,13.0,2.0,15.0
2717,Task,iOS development task 1,1,2715.0,REL_X+8,Low,In Review,1810.0,6.0,iOS,5.0,1.0,6.0
2718,User Story,Verify Email,6,2714.0,REL_X+8,Low,Done,,,,,,
2719,Task,Back end development task -2,3,2718.0,REL_X+8,Low,In Progress,921.0,4.0,Backend,18.0,3.0,21.0
2720,Task,QA Android,3,2718.0,REL_X+8,Low,Closed,921.0,4.0,QA,15.0,2.0,17.0
2721,User Story,Review transfer,7,2714.0,REL_X+8,Low,In Review,,,,,,
2722,Task,iOS development task 1,1,2721.0,REL_X+8,Low,In Progress,425.0,1.0,iOS,4.0,0.0,4.0
2723,Task,Android UI implementation,1,2721.0,REL_X+8,Low,Blocked,425.0,1.0,Android,3.0,0.0,3.0
2724,Task,Android development task -1,1,2721.0,REL_X+8,Low,Done,425.0,1.0,Android,5.0,1.0,6.0
2725,Feature,Audit Logs,21,2699.0,REL_X+8,Low,Blocked,,,,,,
2726,Business Story,Email Verification,10,2725.0,REL_X+8,Low,Closed,,,,,,
2727,User Story,Display Card Menu,5,2726.0,REL_X+8,Low,In Review,,,,,,
2728,Task,QA iOS,3,2727.0,REL_X+8,Low,Blocked,690.0,3.0,QA,13.0,0.0,13.0
2729,User Story,Make a transfer,5,2726.0,REL_X+8,Low,To Do,,,,,,
2730,Task,Android UI implementation,2,2729.0,REL_X+8,Low,Closed,900.0,3.0,Android,11.0,1.0,12.0
2731,Task,Backend API development,1,2729.0,REL_X+8,Low,Closed,900.0,3.0,Backend,4.0,0.0,4.0
2732,Task,QA Android,2,2729.0,REL_X+8,Low,In Review,900.0,3.0,QA,9.0,1.0,10.0
2733,Task,Back end development task -2,3,2729.0,REL_X+8,Low,To Do,900.0,3.0,Backend,12.0,2.0,14.0
2734,Task,iOS UI implementation,1,2729.0,REL_X+8,Low,Done,900.0,3.0,iOS,5.0,1.0,6.0
2735,Business Story,Remove Card,13,2725.0,REL_X+8,Low,To Do,,,,,,
2736,User Story,Payment Confirmation,4,2735.0,REL_X+8,Low,In Review,,,,,,
2737,Task,QA Android,3,2736.0,REL_X+8,Low,In Progress,1816.0,6.0,QA,18.0,1.0,19.0
2738,Task,QA iOS,2,2736.0,REL_X+8,Low,In Review,1816.0,6.0,QA,6.0,0.0,6.0
2739,Task,Android development task -1,3,2736.0,REL_X+8,Low,In Progress,1816.0,6.0,Android,16.0,3.0,19.0
2740,Task,Android UI implementation,1,2736.0,REL_X+8,Low,In Progress,1816.0,6.0,Android,4.0,0.0,4.0
2741,Task,Android development task -1,1,2736.0,REL_X+8,Low,In Progress,1816.0,6.0,Android,4.0,0.0,4.0
2742,Feature,Cards,34,2699.0,REL_X+8,Low,Blocked,,,,,,
2743,Business Story,View Cards,12,2742.0,REL_X+8,Low,Closed,,,,,,
2744,User Story,Send email,4,2743.0,REL_X+8,Low,To Do,,,,,,
2745,Task,Backend API development,2,2744.0,REL_X+8,Low,Blocked,965.0,6.0,Backend,9.0,1.0,10.0
2746,Task,Back end development task -1,2,2744.0,REL_X+8,Low,In Progress,965.0,6.0,Backend,6.0,1.0,7.0
2747,Task,QA iOS,2,2744.0,REL_X+8,Low,In Review,965.0,6.0,QA,7.0,1.0,8.0
2748,Task,Android development task -1,3,2744.0,REL_X+8,Low,Done,965.0,6.0,Android,15.0,3.0,18.0
2749,Task,Environment setup,1,2744.0,REL_X+8,Low,Done,965.0,6.0,DevOps,3.0,0.0,3.0
2750,User Story,Display Card Menu,4,2743.0,REL_X+8,Low,In Progress,,,,,,
2751,Task,QA iOS,2,2750.0,REL_X+8,Low,To Do,756.0,6.0,QA,6.0,1.0,7.0
2752,Task,Back end development task -1,1,2750.0,REL_X+8,Low,In Progress,756.0,6.0,Backend,4.0,0.0,4.0
2753,Task,Android development task -1,1,2750.0,REL_X+8,Low,Closed,756.0,6.0,Android,5.0,1.0,6.0
2754,User Story,Payment Form,4,2743.0,REL_X+8,Low,In Progress,,,,,,
2755,Task,Backend API development,2,2754.0,REL_X+8,Low,In Review,584.0,7.0,Backend,9.0,0.0,9.0
2756,Task,iOS UI implementation,1,2754.0,REL_X+8,Low,Blocked,584.0,7.0,iOS,6.0,0.0,6.0
2757,Task,Environment setup,1,2754.0,REL_X+8,Low,To Do,584.0,7.0,DevOps,3.0,0.0,3.0
2758,Business Story,Update Card,13,2742.0,REL_X+8,Low,In Progress,,,,,,
2759,User Story,Make a transfer,5,2758.0,REL_X+8,Low,Blocked,,,,,,
2760,Task,Backend API development,1,2759.0,REL_X+8,Low,Blocked,24.0,1.0,Backend,3.0,0.0,3.0
2761,Task,iOS development task 1,2,2759.0,REL_X+8,Low,Done,24.0,1.0,iOS,6.0,1.0,7.0
2762,Task,QA Android,2,2759.0,REL_X+8,Low,Done,24.0,1.0,QA,11.0,1.0,12.0
2763,Task,QA Android,1,2759.0,REL_X+8,Low,Done,24.0,1.0,QA,4.0,0.0,4.0
2764,User Story,Payment Confirmation,6,2758.0,REL_X+8,Low,Closed,,,,,,
2765,Task,Back end development task -1,1,2764.0,REL_X+8,Low,Done,164.0,7.0,Backend,5.0,0.0,5.0
2766,Task,Android UI implementation,1,2764.0,REL_X+8,Low,To Do,164.0,7.0,Android,6.0,1.0,7.0
2767,Epic,Accounts,55,,REL_X+9,Critical,In Review,,,,,,
2768,Feature,SMS Alerts,21,2767.0,REL_X+9,Critical,In Review,,,,,,
2769,Business Story,Email Verification,10,2768.0,REL_X+9,Critical,Done,,,,,,
2770,User Story,Make a transfer,5,2769.0,REL_X+9,Critical,To Do,,,,,,
2771,Task,Android development task -1,2,2770.0,REL_X+9,Critical,In Review,915.0,4.0,Android,10.0,0.0,10.0
2772,Task,Back end development task -2,2,2770.0,REL_X+9,Critical,In Progress,915.0,4.0,Backend,9.0,0.0,9.0
2773,Task,Environment setup,2,2770.0,REL_X+9,Critical,Closed,915.0,4.0,DevOps,7.0,0.0,7.0
2774,User Story,Transaction history,5,2769.0,REL_X+9,Critical,In Review,,,,,,
2775,Task,Back end development task -1,3,2774.0,REL_X+9,Critical,To Do,708.0,4.0,Backend,17.0,3.0,20.0
2776,Task,Environment setup,1,2774.0,REL_X+9,Critical,Done,708.0,4.0,DevOps,3.0,0.0,3.0
2777,Task,iOS development task 1,1,2774.0,REL_X+9,Critical,Closed,708.0,4.0,iOS,3.0,0.0,3.0
2778,Task,Android development task -1,1,2774.0,REL_X+9,Critical,Closed,708.0,4.0,Android,3.0,0.0,3.0
2779,Business Story,Sign Up,11,2768.0,REL_X+9,Critical,In Review,,,,,,
2780,User Story,Display Card Screen,6,2779.0,REL_X+9,Critical,Done,,,,,,
2781,Task,Back end development task -1,2,2780.0,REL_X+9,Critical,Done,535.0,5.0,Backend,6.0,1.0,7.0
2782,Task,QA Testing,1,2780.0,REL_X+9,Critical,Closed,535.0,5.0,QA,6.0,1.0,7.0
2783,Task,QA iOS,1,2780.0,REL_X+9,Critical,In Progress,535.0,5.0,QA,3.0,0.0,3.0
2784,User Story,Verify Email,5,2779.0,REL_X+9,Critical,In Review,,,,,,
2785,Task,QA Android,1,2784.0,REL_X+9,Critical,In Review,11.0,1.0,QA,6.0,0.0,6.0
2786,Task,iOS development task 1,1,2784.0,REL_X+9,Critical,In Progress,11.0,1.0,iOS,5.0,0.0,5.0
2787,Task,Back end development task -1,1,2784.0,REL_X+9,Critical,To Do,11.0,1.0,Backend,5.0,0.0,5.0
2788,Task,Android development task -1,2,2784.0,REL_X+9,Critical,Done,11.0,1.0,Android,10.0,1.0,11.0
2789,User Story,Error Handling,5,2779.0,REL_X+9,Critical,Done,,,,,,
2790,Task,Backend API development,1,2789.0,REL_X+9,Critical,In Review,674.0,2.0,Backend,3.0,0.0,3.0
2791,Task,QA iOS,1,2789.0,REL_X+9,Critical,Blocked,674.0,2.0,QA,6.0,0.0,6.0
2792,Task,QA Testing,1,2789.0,REL_X+9,Critical,In Review,674.0,2.0,QA,4.0,0.0,4.0
2793,Task,Backend API development,1,2789.0,REL_X+9,Critical,Done,674.0,2.0,Backend,3.0,0.0,3.0
2794,Task,QA Android,1,2789.0,REL_X+9,Critical,In Review,674.0,2.0,QA,5.0,1.0,6.0
2795,Business Story,Add Card,13,2768.0,REL_X+9,Critical,In Review,,,,,,
2796,User Story,Payment Form,4,2795.0,REL_X+9,Critical,Done,,,,,,
2797,Task,QA Android,2,2796.0,REL_X+9,Critical,In Review,342.0,6.0,QA,9.0,0.0,9.0
2798,Task,QA Testing,3,2796.0,REL_X+9,Critical,Blocked,342.0,6.0,QA,15.0,1.0,16.0
2799,Task,iOS development task 1,1,2796.0,REL_X+9,Critical,To Do,342.0,6.0,iOS,4.0,0.0,4.0
2800,Task,Android development task -1,1,2796.0,REL_X+9,Critical,Done,342.0,6.0,Android,4.0,0.0,4.0
2801,Task,iOS UI implementation,1,2796.0,REL_X+9,Critical,Done,342.0,6.0,iOS,4.0,0.0,4.0
2802,User Story,Display Card Menu,5,2795.0,REL_X+9,Critical,In Review,,,,,,
2803,Task,QA iOS,2,2802.0,REL_X+9,Critical,In Progress,1291.0,2.0,QA,10.0,1.0,11.0
2804,Feature,Encryption,21,2767.0,REL_X+9,Critical,Blocked,,,,,,
2805,Business Story,Process Payment,9,2804.0,REL_X+9,Critical,In Progress,,,,,,
2806,User Story,Verify Email,5,2805.0,REL_X+9,Critical,Done,,,,,,
2807,Task,Android UI implementation,2,2806.0,REL_X+9,Critical,Blocked,1700.0,2.0,Android,11.0,0.0,11.0
2808,Task,iOS UI implementation,3,2806.0,REL_X+9,Critical,Closed,1700.0,2.0,iOS,15.0,1.0,16.0
2809,Task,Back end development task -1,2,2806.0,REL_X+9,Critical,Done,1700.0,2.0,Backend,7.0,0.0,7.0
2810,Business Story,Sign Up,11,2804.0,REL_X+9,Critical,Done,,,,,,
2811,User Story,Verify Email,5,2810.0,REL_X+9,Critical,In Progress,,,,,,
2812,Task,Environment setup,3,2811.0,REL_X+9,Critical,Done,1166.0,5.0,DevOps,9.0,1.0,10.0
2813,Task,QA Android,3,2811.0,REL_X+9,Critical,In Review,1166.0,5.0,QA,11.0,1.0,12.0
2814,Task,Back end development task -1,1,2811.0,REL_X+9,Critical,In Progress,1166.0,5.0,Backend,4.0,0.0,4.0
2815,Task,Android development task -1,1,2811.0,REL_X+9,Critical,Done,1166.0,5.0,Android,3.0,0.0,3.0
2816,User Story,Display Card Menu,5,2810.0,REL_X+9,Critical,In Progress,,,,,,
2817,Task,Android UI implementation,3,2816.0,REL_X+9,Critical,Done,1401.0,6.0,Android,11.0,1.0,12.0
2818,Task,iOS development task 1,3,2816.0,REL_X+9,Critical,In Progress,1401.0,6.0,iOS,14.0,0.0,14.0
2819,Task,Android UI implementation,2,2816.0,REL_X+9,Critical,Closed,1401.0,6.0,Android,6.0,0.0,6.0
2820,Task,Back end development task -2,2,2816.0,REL_X+9,Critical,Blocked,1401.0,6.0,Backend,9.0,1.0,10.0
2821,Task,Environment setup,2,2816.0,REL_X+9,Critical,Closed,1401.0,6.0,DevOps,8.0,0.0,8.0
2822,User Story,Send email,6,2810.0,REL_X+9,Critical,Closed,,,,,,
2823,Task,Android UI implementation,1,2822.0,REL_X+9,Critical,Blocked,1094.0,3.0,Android,3.0,0.0,3.0
2824,Business Story,Payment Callback,9,2804.0,REL_X+9,Critical,Closed,,,,,,
2825,User Story,Send email,5,2824.0,REL_X+9,Critical,Done,,,,,,
2826,Task,iOS UI implementation,2,2825.0,REL_X+9,Critical,In Review,1289.0,2.0,iOS,6.0,0.0,6.0
2827,Task,iOS development task 1,2,2825.0,REL_X+9,Critical,Closed,1289.0,2.0,iOS,8.0,1.0,9.0
2828,Task,QA iOS,1,2825.0,REL_X+9,Critical,In Progress,1289.0,2.0,QA,4.0,0.0,4.0
2829,Task,iOS development task 1,1,2825.0,REL_X+9,Critical,Closed,1289.0,2.0,iOS,3.0,0.0,3.0
2830,Epic,Reporting,55,,REL_X+5,High,In Review,,,,,,
2831,Feature,Data Export,21,2830.0,REL_X+5,High,Closed,,,,,,
2832,Business Story,Payment Callback,9,2831.0,REL_X+5,High,In Progress,,,,,,
2833,User Story,Payment Confirmation,5,2832.0,REL_X+5,High,In Progress,,,,,,
2834,Task,QA Android,2,2833.0,REL_X+5,High,Done,1803.0,6.0,QA,8.0,0.0,8.0
2835,Task,Android development task -1,1,2833.0,REL_X+5,High,In Progress,1803.0,6.0,Android,6.0,1.0,7.0
2836,Task,Android development task -1,1,2833.0,REL_X+5,High,In Review,1803.0,6.0,Android,5.0,1.0,6.0
2837,Business Story,Sign Up,11,2831.0,REL_X+5,High,Closed,,,,,,
2838,User Story,Display Card Menu,7,2837.0,REL_X+5,High,Done,,,,,,
2839,Task,Back end development task -1,1,2838.0,REL_X+5,High,Done,621.0,8.0,Backend,6.0,1.0,7.0
2840,Task,QA iOS,3,2838.0,REL_X+5,High,Done,621.0,8.0,QA,11.0,2.0,13.0
2841,Business Story,Add Card,13,2831.0,REL_X+5,High,In Review,,,,,,
2842,User Story,Send email,5,2841.0,REL_X+5,High,Done,,,,,,
2843,Task,QA Testing,3,2842.0,REL_X+5,High,In Review,988.0,6.0,QA,9.0,0.0,9.0
2844,Task,Back end development task -1,1,2842.0,REL_X+5,High,In Review,988.0,6.0,Backend,4.0,0.0,4.0
2845,User Story,Verify Email,5,2841.0,REL_X+5,High,Closed,,,,,,
2846,Task,QA Android,1,2845.0,REL_X+5,High,Closed,1617.0,7.0,QA,6.0,0.0,6.0
2847,User Story,Payment Form,7,2841.0,REL_X+5,High,Done,,,,,,
2848,Task,QA Android,1,2847.0,REL_X+5,High,Closed,1840.0,7.0,QA,3.0,0.0,3.0
2849,Task,iOS development task 1,3,2847.0,REL_X+5,High,In Review,1840.0,7.0,iOS,17.0,0.0,17.0
2850,Feature,Audit Logs,21,2830.0,REL_X+5,High,Done,,,,,,
2851,Business Story,Add Card,13,2850.0,REL_X+5,High,Done,,,,,,
2852,User Story,Review transfer,6,2851.0,REL_X+5,High,In Progress,,,,,,
2853,Task,Back end development task -1,2,2852.0,REL_X+5,High,To Do,1413.0,7.0,Backend,9.0,0.0,9.0
2854,Task,iOS development task 1,2,2852.0,REL_X+5,High,Closed,1413.0,7.0,iOS,6.0,0.0,6.0
2855,User Story,Error Handling,7,2851.0,REL_X+5,High,To Do,,,,,,
2856,Task,Android development task -1,1,2855.0,REL_X+5,High,Done,1856.0,8.0,Android,4.0,0.0,4.0
2857,Task,QA Testing,1,2855.0,REL_X+5,High,Closed,1856.0,8.0,QA,3.0,0.0,3.0
2858,User Story,Transaction history,3,2851.0,REL_X+5,High,Blocked,,,,,,
2859,Task,Environment setup,1,2858.0,REL_X+5,High,Done,239.0,2.0,DevOps,3.0,0.0,3.0
2860,Task,QA Testing,1,2858.0,REL_X+5,High,To Do,239.0,2.0,QA,3.0,0.0,3.0
2861,Task,Android UI implementation,2,2858.0,REL_X+5,High,To Do,239.0,2.0,Android,7.0,1.0,8.0
2862,Task,iOS development task 1,2,2858.0,REL_X+5,High,Blocked,239.0,2.0,iOS,10.0,1.0,11.0
2863,Business Story,Process Payment,9,2850.0,REL_X+5,High,Closed,,,,,,
2864,User Story,Send email,5,2863.0,REL_X+5,High,Done,,,,,,
2865,Task,iOS development task 1,3,2864.0,REL_X+5,High,In Review,582.0,7.0,iOS,12.0,1.0,13.0
2866,Task,Android development task -1,2,2864.0,REL_X+5,High,Blocked,582.0,7.0,Android,6.0,0.0,6.0
2867,Task,Back end development task -1,1,2864.0,REL_X+5,High,In Progress,582.0,7.0,Backend,6.0,1.0,7.0
2868,Feature,SMS Alerts,21,2830.0,REL_X+5,High,In Progress,,,,,,
2869,Business Story,Password Reset,10,2868.0,REL_X+5,High,To Do,,,,,,
2870,User Story,Send email,7,2869.0,REL_X+5,High,In Progress,,,,,,
2871,Task,Back end development task -1,1,2870.0,REL_X+5,High,Done,1595.0,6.0,Backend,5.0,1.0,6.0
2872,User Story,Payment Confirmation,5,2869.0,REL_X+5,High,Closed,,,,,,
2873,Task,QA Android,2,2872.0,REL_X+5,High,In Progress,615.0,8.0,QA,7.0,1.0,8.0
2874,Task,QA Android,2,2872.0,REL_X+5,High,In Progress,615.0,8.0,QA,12.0,0.0,12.0
2875,Task,QA iOS,1,2872.0,REL_X+5,High,Closed,615.0,8.0,QA,6.0,1.0,7.0
2876,Task,iOS development task 1,1,2872.0,REL_X+5,High,In Review,615.0,8.0,iOS,5.0,1.0,6.0
2877,Task,QA Android,1,2872.0,REL_X+5,High,Closed,615.0,8.0,QA,5.0,1.0,6.0
2878,Business Story,Sign Up,11,2868.0,REL_X+5,High,In Review,,,,,,
2879,User Story,Transaction history,5,2878.0,REL_X+5,High,Blocked,,,,,,
2880,Task,Back end development task -2,3,2879.0,REL_X+5,High,In Progress,12.0,1.0,Backend,14.0,2.0,16.0
2881,Task,Android UI implementation,2,2879.0,REL_X+5,High,In Progress,12.0,1.0,Android,6.0,0.0,6.0
2882,Task,iOS development task 1,1,2879.0,REL_X+5,High,In Review,12.0,1.0,iOS,5.0,0.0,5.0
2883,Task,iOS UI implementation,2,2879.0,REL_X+5,High,In Progress,12.0,1.0,iOS,8.0,0.0,8.0
2884,User Story,Verify Email,5,2878.0,REL_X+5,High,Blocked,,,,,,
2885,Task,iOS development task 1,1,2884.0,REL_X+5,High,Closed,1754.0,4.0,iOS,4.0,0.0,4.0
2886,Task,QA Testing,3,2884.0,REL_X+5,High,To Do,1754.0,4.0,QA,18.0,3.0,21.0
2887,Task,Backend API development,2,2884.0,REL_X+5,High,In Progress,1754.0,4.0,Backend,11.0,1.0,12.0
2888,Epic,Security,55,,REL_X+8,Low,To Do,,,,,,
2889,Feature,Audit Logs,21,2888.0,REL_X+8,Low,Done,,,,,,
2890,Business Story,Process Payment,9,2889.0,REL_X+8,Low,Blocked,,,,,,
2891,User Story,Display Card Screen,5,2890.0,REL_X+8,Low,Closed,,,,,,
2892,Task,Android development task -1,2,2891.0,REL_X+8,Low,Done,848.0,1.0,Android,10.0,0.0,10.0
2893,Task,Environment setup,1,2891.0,REL_X+8,Low,Done,848.0,1.0,DevOps,5.0,1.0,6.0
2894,Business Story,Sign Up,11,2889.0,REL_X+8,Low,Done,,,,,,
2895,User Story,Display Card Menu,6,2894.0,REL_X+8,Low,To Do,,,,,,
2896,Task,QA Android,3,2895.0,REL_X+8,Low,In Progress,1784.0,5.0,QA,16.0,1.0,17.0
2897,Task,QA iOS,1,2895.0,REL_X+8,Low,In Review,1784.0,5.0,QA,6.0,1.0,7.0
2898,Task,QA Android,2,2895.0,REL_X+8,Low,In Review,1784.0,5.0,QA,11.0,1.0,12.0
2899,User Story,Make a transfer,5,2894.0,REL_X+8,Low,To Do,,,,,,
2900,Task,iOS UI implementation,1,2899.0,REL_X+8,Low,Done,288.0,4.0,iOS,6.0,0.0,6.0
2901,Business Story,Remove Card,13,2889.0,REL_X+8,Low,To Do,,,,,,
2902,User Story,Send email,8,2901.0,REL_X+8,Low,Done,,,,,,
2903,Task,QA Testing,1,2902.0,REL_X+8,Low,Closed,1789.0,5.0,QA,5.0,0.0,5.0
2904,Task,Environment setup,2,2902.0,REL_X+8,Low,Done,1789.0,5.0,DevOps,10.0,0.0,10.0
2905,Task,QA iOS,2,2902.0,REL_X+8,Low,Done,1789.0,5.0,QA,12.0,0.0,12.0
2906,User Story,Display Card Menu,8,2901.0,REL_X+8,Low,Done,,,,,,
2907,Task,Environment setup,2,2906.0,REL_X+8,Low,Blocked,1332.0,4.0,DevOps,9.0,1.0,10.0
2908,Task,Android UI implementation,3,2906.0,REL_X+8,Low,In Review,1332.0,4.0,Android,11.0,2.0,13.0
2909,User Story,Verify Email,3,2901.0,REL_X+8,Low,Closed,,,,,,
2910,Task,Android UI implementation,2,2909.0,REL_X+8,Low,Blocked,1179.0,6.0,Android,11.0,2.0,13.0
2911,Task,Back end development task -1,1,2909.0,REL_X+8,Low,Done,1179.0,6.0,Backend,5.0,0.0,5.0
2912,Task,Backend API development,1,2909.0,REL_X+8,Low,Blocked,1179.0,6.0,Backend,4.0,0.0,4.0
2913,Feature,Authentication,34,2888.0,REL_X+8,Low,In Progress,,,,,,
2914,Business Story,View Cards,12,2913.0,REL_X+8,Low,Closed,,,,,,
2915,User Story,Review transfer,4,2914.0,REL_X+8,Low,In Progress,,,,,,
2916,Task,QA iOS,1,2915.0,REL_X+8,Low,Done,423.0,1.0,QA,3.0,0.0,3.0
2917,Task,QA Android,3,2915.0,REL_X+8,Low,In Progress,423.0,1.0,QA,14.0,1.0,15.0
2918,Task,QA Android,1,2915.0,REL_X+8,Low,In Review,423.0,1.0,QA,4.0,0.0,4.0
2919,User Story,Send email,5,2914.0,REL_X+8,Low,In Progress,,,,,,
2920,Task,Back end development task -1,1,2919.0,REL_X+8,Low,Blocked,1582.0,5.0,Backend,6.0,0.0,6.0
2921,Task,Back end development task -1,1,2919.0,REL_X+8,Low,To Do,1582.0,5.0,Backend,4.0,0.0,4.0
2922,Task,Android UI implementation,1,2919.0,REL_X+8,Low,Blocked,1582.0,5.0,Android,4.0,0.0,4.0
2923,User Story,Make a transfer,5,2914.0,REL_X+8,Low,To Do,,,,,,
2924,Task,iOS development task 1,1,2923.0,REL_X+8,Low,Blocked,191.0,8.0,iOS,4.0,0.0,4.0
2925,Task,QA Android,2,2923.0,REL_X+8,Low,In Progress,191.0,8.0,QA,8.0,1.0,9.0
2926,Business Story,Email Verification,10,2913.0,REL_X+8,Low,In Progress,,,,,,
2927,User Story,Payment Confirmation,5,2926.0,REL_X+8,Low,In Review,,,,,,
2928,Task,Android UI implementation,1,2927.0,REL_X+8,Low,Blocked,1042.0,1.0,Android,6.0,1.0,7.0
2929,Business Story,Process Payment,9,2913.0,REL_X+8,Low,To Do,,,,,,
2930,User Story,Send email,7,2929.0,REL_X+8,Low,Blocked,,,,,,
2931,Task,Back end development task -1,3,2930.0,REL_X+8,Low,Closed,1737.0,3.0,Backend,10.0,2.0,12.0
2932,Task,Backend API development,3,2930.0,REL_X+8,Low,Closed,1737.0,3.0,Backend,9.0,1.0,10.0
2933,Task,QA iOS,1,2930.0,REL_X+8,Low,Done,1737.0,3.0,QA,4.0,0.0,4.0
2934,User Story,Transaction history,3,2929.0,REL_X+8,Low,Done,,,,,,
2935,Task,QA Testing,2,2934.0,REL_X+8,Low,Closed,319.0,5.0,QA,6.0,0.0,6.0
2936,Task,Android development task -1,1,2934.0,REL_X+8,Low,Blocked,319.0,5.0,Android,6.0,0.0,6.0
2937,Epic,Payments,55,,REL_X+4,Medium,Closed,,,,,,
2938,Feature,Transaction History,34,2937.0,REL_X+4,Medium,To Do,,,,,,
2939,Business Story,View Cards,12,2938.0,REL_X+4,Medium,Closed,,,,,,
2940,User Story,Transaction history,3,2939.0,REL_X+4,Medium,To Do,,,,,,
2941,Task,QA Testing,1,2940.0,REL_X+4,Medium,To Do,680.0,3.0,QA,4.0,0.0,4.0
2942,User Story,Send email,5,2939.0,REL_X+4,Medium,Done,,,,,,
2943,Task,QA iOS,1,2942.0,REL_X+4,Medium,In Progress,1480.0,1.0,QA,3.0,0.0,3.0
2944,Task,Environment setup,1,2942.0,REL_X+4,Medium,Blocked,1480.0,1.0,DevOps,3.0,0.0,3.0
2945,Task,Android UI implementation,3,2942.0,REL_X+4,Medium,In Progress,1480.0,1.0,Android,17.0,3.0,20.0
2946,Task,Back end development task -1,1,2942.0,REL_X+4,Medium,In Progress,1480.0,1.0,Backend,6.0,1.0,7.0
2947,Task,QA iOS,2,2942.0,REL_X+4,Medium,Blocked,1480.0,1.0,QA,8.0,0.0,8.0
2948,Business Story,Sign Up,11,2938.0,REL_X+4,Medium,Blocked,,,,,,
2949,User Story,Error Handling,5,2948.0,REL_X+4,Medium,In Progress,,,,,,
2950,Task,Back end development task -1,2,2949.0,REL_X+4,Medium,Closed,1650.0,8.0,Backend,11.0,0.0,11.0
2951,Task,Backend API development,1,2949.0,REL_X+4,Medium,In Progress,1650.0,8.0,Backend,3.0,0.0,3.0
2952,User Story,Review transfer,5,2948.0,REL_X+4,Medium,Closed,,,,,,
2953,Task,QA iOS,2,2952.0,REL_X+4,Medium,In Progress,1351.0,4.0,QA,9.0,1.0,10.0
2954,Task,QA iOS,1,2952.0,REL_X+4,Medium,Closed,1351.0,4.0,QA,4.0,0.0,4.0
2955,Task,Backend API development,2,2952.0,REL_X+4,Medium,In Progress,1351.0,4.0,Backend,12.0,0.0,12.0
2956,User Story,Make a transfer,3,2948.0,REL_X+4,Medium,Closed,,,,,,
2957,Task,QA iOS,1,2956.0,REL_X+4,Medium,Blocked,70.0,3.0,QA,3.0,0.0,3.0
2958,Task,QA Android,1,2956.0,REL_X+4,Medium,In Progress,70.0,3.0,QA,6.0,1.0,7.0
2959,Business Story,Password Reset,10,2938.0,REL_X+4,Medium,Blocked,,,,,,
2960,User Story,Transaction history,4,2959.0,REL_X+4,Medium,In Review,,,,,,
2961,Task,QA iOS,1,2960.0,REL_X+4,Medium,In Review,1343.0,4.0,QA,4.0,0.0,4.0
2962,Task,QA Testing,2,2960.0,REL_X+4,Medium,Closed,1343.0,4.0,QA,9.0,0.0,9.0
2963,Task,QA iOS,2,2960.0,REL_X+4,Medium,In Review,1343.0,4.0,QA,8.0,0.0,8.0
2964,Task,iOS UI implementation,2,2960.0,REL_X+4,Medium,To Do,1343.0,4.0,iOS,10.0,0.0,10.0
2965,Task,Back end development task -1,3,2960.0,REL_X+4,Medium,Done,1343.0,4.0,Backend,10.0,0.0,10.0
2966,User Story,Payment Confirmation,6,2959.0,REL_X+4,Medium,In Progress,,,,,,
2967,Task,Android development task -1,1,2966.0,REL_X+4,Medium,Blocked,1789.0,5.0,Android,3.0,0.0,3.0
2968,Task,QA Android,1,2966.0,REL_X+4,Medium,In Progress,1789.0,5.0,QA,4.0,0.0,4.0
2969,Task,QA Android,2,2966.0,REL_X+4,Medium,Done,1789.0,5.0,QA,12.0,0.0,12.0
2970,User Story,Payment Form,7,2959.0,REL_X+4,Medium,Done,,,,,,
2971,Task,QA Android,2,2970.0,REL_X+4,Medium,In Progress,97.0,4.0,QA,11.0,2.0,13.0
2972,Task,QA Android,1,2970.0,REL_X+4,Medium,Closed,97.0,4.0,QA,4.0,0.0,4.0
2973,Task,Android development task -1,2,2970.0,REL_X+4,Medium,In Progress,97.0,4.0,Android,10.0,1.0,11.0
2974,Task,iOS development task 1,1,2970.0,REL_X+4,Medium,Blocked,97.0,4.0,iOS,6.0,1.0,7.0
2975,Task,iOS UI implementation,3,2970.0,REL_X+4,Medium,In Progress,97.0,4.0,iOS,16.0,2.0,18.0
2976,Feature,Encryption,21,2937.0,REL_X+4,Medium,Closed,,,,,,
2977,Business Story,Add Card,13,2976.0,REL_X+4,Medium,Closed,,,,,,
2978,User Story,Transaction history,3,2977.0,REL_X+4,Medium,Blocked,,,,,,
2979,Task,QA Testing,3,2978.0,REL_X+4,Medium,In Progress,288.0,4.0,QA,12.0,1.0,13.0
2980,Task,iOS UI implementation,1,2978.0,REL_X+4,Medium,In Review,288.0,4.0,iOS,4.0,0.0,4.0
2981,User Story,Review transfer,3,2977.0,REL_X+4,Medium,In Review,,,,,,
2982,Task,iOS development task 1,2,2981.0,REL_X+4,Medium,In Progress,288.0,4.0,iOS,10.0,2.0,12.0
2983,Task,QA Android,1,2981.0,REL_X+4,Medium,To Do,288.0,4.0,QA,5.0,1.0,6.0
2984,Task,iOS development task 1,2,2981.0,REL_X+4,Medium,Closed,288.0,4.0,iOS,10.0,0.0,10.0
2985,Task,QA Testing,1,2981.0,REL_X+4,Medium,To Do,288.0,4.0,QA,6.0,1.0,7.0
2986,User Story,Display Card Screen,5,2977.0,REL_X+4,Medium,Done,,,,,,
2987,Task,Environment setup,3,2986.0,REL_X+4,Medium,To Do,931.0,4.0,DevOps,14.0,1.0,15.0
2988,Task,Backend API development,3,2986.0,REL_X+4,Medium,Closed,931.0,4.0,Backend,13.0,0.0,13.0
2989,Business Story,Remove Card,13,2976.0,REL_X+4,Medium,Blocked,,,,,,
2990,User Story,Error Handling,7,2989.0,REL_X+4,Medium,Closed,,,,,,
2991,Task,Android development task -1,1,2990.0,REL_X+4,Medium,Closed,1773.0,5.0,Android,3.0,0.0,3.0
2992,Task,QA Android,1,2990.0,REL_X+4,Medium,Blocked,1773.0,5.0,QA,6.0,1.0,7.0
2993,Task,Back end development task -2,2,2990.0,REL_X+4,Medium,Closed,1773.0,5.0,Backend,12.0,1.0,13.0
2994,Task,iOS development task 1,3,2990.0,REL_X+4,Medium,Blocked,1773.0,5.0,iOS,17.0,2.0,19.0
2995,User Story,Make a transfer,5,2989.0,REL_X+4,Medium,In Review,,,,,,
2996,Task,Back end development task -1,1,2995.0,REL_X+4,Medium,Done,731.0,5.0,Backend,6.0,0.0,6.0
2997,Business Story,Sign Up,11,2976.0,REL_X+4,Medium,Blocked,,,,,,
2998,User Story,Error Handling,5,2997.0,REL_X+4,Medium,In Review,,,,,,
2999,Task,Backend API development,2,2998.0,REL_X+4,Medium,Blocked,213.0,1.0,Backend,12.0,2.0,14.0
3000,Task,Back end development task -2,2,2998.0,REL_X+4,Medium,To Do,213.0,1.0,Backend,10.0,2.0,12.0
3001,Task,iOS development task 1,1,2998.0,REL_X+4,Medium,Done,213.0,1.0,iOS,4.0,0.0,4.0
3002,Task,iOS UI implementation,3,2998.0,REL_X+4,Medium,Closed,213.0,1.0,iOS,9.0,1.0,10.0
3003,Feature,Cards,34,2937.0,REL_X+4,Medium,Blocked,,,,,,
3004,Business Story,Payment Callback,9,3003.0,REL_X+4,Medium,Blocked,,,,,,
3005,User Story,Verify Email,5,3004.0,REL_X+4,Medium,To Do,,,,,,
3006,Task,iOS development task 1,1,3005.0,REL_X+4,Medium,Closed,1292.0,2.0,iOS,6.0,0.0,6.0
3007,Task,Android UI implementation,3,3005.0,REL_X+4,Medium,Closed,1292.0,2.0,Android,13.0,1.0,14.0
3008,Task,QA Android,1,3005.0,REL_X+4,Medium,Blocked,1292.0,2.0,QA,4.0,0.0,4.0
3009,User Story,Display Card Menu,6,3004.0,REL_X+4,Medium,In Review,,,,,,
3010,Task,QA iOS,1,3009.0,REL_X+4,Medium,In Review,939.0,5.0,QA,5.0,1.0,6.0
3011,Task,QA iOS,3,3009.0,REL_X+4,Medium,In Review,939.0,5.0,QA,10.0,1.0,11.0
3012,Task,Back end development task -1,1,3009.0,REL_X+4,Medium,Closed,939.0,5.0,Backend,5.0,0.0,5.0
3013,User Story,Review transfer,3,3004.0,REL_X+4,Medium,Blocked,,,,,,
3014,Task,QA Testing,2,3013.0,REL_X+4,Medium,In Progress,641.0,1.0,QA,12.0,1.0,13.0
3015,Task,iOS development task 1,3,3013.0,REL_X+4,Medium,In Review,641.0,1.0,iOS,16.0,2.0,18.0
3016,Task,Android UI implementation,3,3013.0,REL_X+4,Medium,In Review,641.0,1.0,Android,11.0,0.0,11.0
3017,Task,Back end development task -1,1,3013.0,REL_X+4,Medium,Done,641.0,1.0,Backend,5.0,1.0,6.0
3018,Task,QA iOS,1,3013.0,REL_X+4,Medium,To Do,641.0,1.0,QA,3.0,0.0,3.0
3019,Business Story,Payment Validation,9,3003.0,REL_X+4,Medium,To Do,,,,,,
3020,User Story,Error Handling,4,3019.0,REL_X+4,Medium,In Review,,,,,,
3021,Task,Backend API development,1,3020.0,REL_X+4,Medium,Closed,1092.0,2.0,Backend,6.0,0.0,6.0
3022,Task,Android development task -1,2,3020.0,REL_X+4,Medium,In Progress,1092.0,2.0,Android,6.0,1.0,7.0
3023,Task,Android UI implementation,3,3020.0,REL_X+4,Medium,In Progress,1092.0,2.0,Android,12.0,2.0,14.0
3024,User Story,Verify Email,5,3019.0,REL_X+4,Medium,In Review,,,,,,
3025,Task,Back end development task -1,3,3024.0,REL_X+4,Medium,In Progress,54.0,3.0,Backend,12.0,0.0,12.0
3026,Task,Android UI implementation,2,3024.0,REL_X+4,Medium,To Do,54.0,3.0,Android,7.0,0.0,7.0
3027,Task,Android development task -1,1,3024.0,REL_X+4,Medium,Blocked,54.0,3.0,Android,3.0,0.0,3.0
3028,Task,iOS UI implementation,2,3024.0,REL_X+4,Medium,Blocked,54.0,3.0,iOS,10.0,0.0,10.0
3029,User Story,Transaction history,4,3019.0,REL_X+4,Medium,Done,,,,,,
3030,Task,Backend API development,2,3029.0,REL_X+4,Medium,In Review,1190.0,6.0,Backend,11.0,1.0,12.0
3031,Task,iOS UI implementation,1,3029.0,REL_X+4,Medium,Done,1190.0,6.0,iOS,4.0,0.0,4.0
3032,Task,QA Android,1,3029.0,REL_X+4,Medium,Closed,1190.0,6.0,QA,4.0,0.0,4.0
3033,Task,Back end development task -1,2,3029.0,REL_X+4,Medium,To Do,1190.0,6.0,Backend,10.0,0.0,10.0
3034,Business Story,Add Card,13,3003.0,REL_X+4,Medium,Done,,,,,,
3035,User Story,Payment Form,4,3034.0,REL_X+4,Medium,Done,,,,,,
3036,Task,Back end development task -1,1,3035.0,REL_X+4,Medium,Done,467.0,2.0,Backend,3.0,0.0,3.0
3037,Task,Android UI implementation,1,3035.0,REL_X+4,Medium,In Progress,467.0,2.0,Android,6.0,0.0,6.0
3038,Task,Back end development task -1,2,3035.0,REL_X+4,Medium,To Do,467.0,2.0,Backend,10.0,2.0,12.0
3039,User Story,Payment Confirmation,7,3034.0,REL_X+4,Medium,Blocked,,,,,,
3040,Task,Environment setup,2,3039.0,REL_X+4,Medium,Done,1777.0,5.0,DevOps,6.0,1.0,7.0
3041,Task,iOS development task 1,3,3039.0,REL_X+4,Medium,Blocked,1777.0,5.0,iOS,9.0,1.0,10.0
3042,User Story,Send email,6,3034.0,REL_X+4,Medium,In Progress,,,,,,
3043,Task,Android UI implementation,1,3042.0,REL_X+4,Medium,In Progress,812.0,8.0,Android,5.0,1.0,6.0
3044,Task,iOS UI implementation,1,3042.0,REL_X+4,Medium,Done,812.0,8.0,iOS,5.0,0.0,5.0
3045,Feature,SMS Alerts,21,2937.0,REL_X+4,Medium,To Do,,,,,,
3046,Business Story,Payment Callback,9,3045.0,REL_X+4,Medium,Done,,,,,,
3047,User Story,Payment Confirmation,5,3046.0,REL_X+4,Medium,In Progress,,,,,,
3048,Task,Back end development task -1,3,3047.0,REL_X+4,Medium,To Do,1501.0,2.0,Backend,11.0,0.0,11.0
3049,Task,QA Testing,2,3047.0,REL_X+4,Medium,To Do,1501.0,2.0,QA,8.0,0.0,8.0
3050,Business Story,Remove Card,13,3045.0,REL_X+4,Medium,Blocked,,,,,,
3051,User Story,Verify Email,5,3050.0,REL_X+4,Medium,In Progress,,,,,,
3052,Task,QA iOS,1,3051.0,REL_X+4,Medium,Closed,1736.0,3.0,QA,5.0,0.0,5.0
3053,Task,iOS UI implementation,3,3051.0,REL_X+4,Medium,In Progress,1736.0,3.0,iOS,16.0,0.0,16.0
3054,Task,iOS development task 1,1,3051.0,REL_X+4,Medium,Closed,1736.0,3.0,iOS,4.0,0.0,4.0
3055,User Story,Error Handling,5,3050.0,REL_X+4,Medium,In Review,,,,,,
3056,Task,iOS development task 1,1,3055.0,REL_X+4,Medium,Closed,926.0,4.0,iOS,3.0,0.0,3.0
3057,User Story,Payment Confirmation,5,3050.0,REL_X+4,Medium,In Progress,,,,,,
3058,Task,Back end development task -1,1,3057.0,REL_X+4,Medium,To Do,4.0,1.0,Backend,6.0,1.0,7.0
3059,Task,QA Android,3,3057.0,REL_X+4,Medium,Closed,4.0,1.0,QA,11.0,0.0,11.0
3060,Task,QA Testing,1,3057.0,REL_X+4,Medium,To Do,4.0,1.0,QA,4.0,0.0,4.0
3061,Task,Android development task -1,2,3057.0,REL_X+4,Medium,Blocked,4.0,1.0,Android,10.0,0.0,10.0
3062,Task,QA iOS,2,3057.0,REL_X+4,Medium,To Do,4.0,1.0,QA,12.0,1.0,13.0
3063,Business Story,Payment Validation,9,3045.0,REL_X+4,Medium,Done,,,,,,
3064,User Story,Payment Confirmation,7,3063.0,REL_X+4,Medium,To Do,,,,,,
3065,Task,Android development task -1,1,3064.0,REL_X+4,Medium,To Do,1654.0,8.0,Android,4.0,0.0,4.0
3066,Task,QA Testing,1,3064.0,REL_X+4,Medium,Blocked,1654.0,8.0,QA,4.0,0.0,4.0
3067,Task,Backend API development,2,3064.0,REL_X+4,Medium,In Review,1654.0,8.0,Backend,6.0,0.0,6.0
3068,Epic,Payments,55,,REL_X+7,Medium,In Progress,,,,,,
3069,Feature,Refunds,34,3068.0,REL_X+7,Medium,In Review,,,,,,
3070,Business Story,Process Payment,9,3069.0,REL_X+7,Medium,Done,,,,,,
3071,User Story,Send email,8,3070.0,REL_X+7,Medium,Done,,,,,,
3072,Task,Backend API development,2,3071.0,REL_X+7,Medium,In Review,1178.0,6.0,Backend,11.0,0.0,11.0
3073,Task,QA iOS,1,3071.0,REL_X+7,Medium,Closed,1178.0,6.0,QA,4.0,0.0,4.0
3074,Task,iOS UI implementation,1,3071.0,REL_X+7,Medium,Blocked,1178.0,6.0,iOS,6.0,0.0,6.0
3075,Task,Back end development task -1,1,3071.0,REL_X+7,Medium,Done,1178.0,6.0,Backend,5.0,1.0,6.0
3076,Task,Backend API development,1,3071.0,REL_X+7,Medium,Done,1178.0,6.0,Backend,5.0,0.0,5.0
3077,Business Story,Remove Card,13,3069.0,REL_X+7,Medium,To Do,,,,,,
3078,User Story,Display Card Screen,5,3077.0,REL_X+7,Medium,Done,,,,,,
3079,Task,QA iOS,2,3078.0,REL_X+7,Medium,Done,1532.0,3.0,QA,11.0,0.0,11.0
3080,Task,Back end development task -1,1,3078.0,REL_X+7,Medium,In Progress,1532.0,3.0,Backend,5.0,1.0,6.0
3081,Task,QA Android,3,3078.0,REL_X+7,Medium,Closed,1532.0,3.0,QA,9.0,1.0,10.0
3082,Task,QA iOS,2,3078.0,REL_X+7,Medium,To Do,1532.0,3.0,QA,11.0,2.0,13.0
3083,Task,QA Android,1,3078.0,REL_X+7,Medium,Closed,1532.0,3.0,QA,4.0,0.0,4.0
3084,Feature,Dashboard,34,3068.0,REL_X+7,Medium,In Review,,,,,,
3085,Business Story,View Cards,12,3084.0,REL_X+7,Medium,In Progress,,,,,,
3086,User Story,Error Handling,8,3085.0,REL_X+7,Medium,In Progress,,,,,,
3087,Task,Android development task -1,1,3086.0,REL_X+7,Medium,In Progress,1844.0,7.0,Android,4.0,0.0,4.0
3088,User Story,Display Card Menu,8,3085.0,REL_X+7,Medium,In Progress,,,,,,
3089,Task,Back end development task -2,1,3088.0,REL_X+7,Medium,Blocked,762.0,6.0,Backend,4.0,0.0,4.0
3090,Task,Android development task -1,1,3088.0,REL_X+7,Medium,Closed,762.0,6.0,Android,5.0,1.0,6.0
3091,Task,Back end development task -1,1,3088.0,REL_X+7,Medium,In Review,762.0,6.0,Backend,6.0,1.0,7.0
3092,Task,QA Android,3,3088.0,REL_X+7,Medium,Done,762.0,6.0,QA,16.0,2.0,18.0
3093,User Story,Payment Confirmation,3,3085.0,REL_X+7,Medium,Closed,,,,,,
3094,Task,Android UI implementation,1,3093.0,REL_X+7,Medium,Closed,810.0,8.0,Android,4.0,0.0,4.0
3095,Business Story,Process Payment,9,3084.0,REL_X+7,Medium,To Do,,,,,,
3096,User Story,Make a transfer,8,3095.0,REL_X+7,Medium,Blocked,,,,,,
3097,Task,QA iOS,1,3096.0,REL_X+7,Medium,In Review,137.0,6.0,QA,5.0,1.0,6.0
3098,Task,Android development task -1,1,3096.0,REL_X+7,Medium,To Do,137.0,6.0,Android,5.0,0.0,5.0
3099,Feature,User Profile,34,3068.0,REL_X+7,Medium,Blocked,,,,,,
3100,Business Story,Remove Card,13,3099.0,REL_X+7,Medium,Blocked,,,,,,
3101,User Story,Make a transfer,5,3100.0,REL_X+7,Medium,To Do,,,,,,
3102,Task,iOS development task 1,1,3101.0,REL_X+7,Medium,In Progress,961.0,5.0,iOS,3.0,0.0,3.0
3103,Task,Environment setup,2,3101.0,REL_X+7,Medium,In Progress,961.0,5.0,DevOps,12.0,0.0,12.0
3104,Task,iOS UI implementation,2,3101.0,REL_X+7,Medium,Blocked,961.0,5.0,iOS,9.0,0.0,9.0
3105,Task,Back end development task -2,2,3101.0,REL_X+7,Medium,In Progress,961.0,5.0,Backend,10.0,0.0,10.0
3106,Business Story,Payment Validation,9,3099.0,REL_X+7,Medium,Closed,,,,,,
3107,User Story,Display Card Menu,8,3106.0,REL_X+7,Medium,In Review,,,,,,
3108,Task,QA iOS,1,3107.0,REL_X+7,Medium,Blocked,1761.0,4.0,QA,4.0,0.0,4.0
3109,Task,Backend API development,1,3107.0,REL_X+7,Medium,In Progress,1761.0,4.0,Backend,5.0,0.0,5.0
3110,Task,QA iOS,2,3107.0,REL_X+7,Medium,To Do,1761.0,4.0,QA,8.0,1.0,9.0
3111,User Story,Error Handling,7,3106.0,REL_X+7,Medium,To Do,,,,,,
3112,Task,Android development task -1,2,3111.0,REL_X+7,Medium,To Do,1728.0,3.0,Android,7.0,1.0,8.0
3113,Task,iOS development task 1,2,3111.0,REL_X+7,Medium,Done,1728.0,3.0,iOS,9.0,0.0,9.0
3114,Epic,Payments,55,,REL_X+7,High,To Do,,,,,,
3115,Feature,Cards,34,3114.0,REL_X+7,High,To Do,,,,,,
3116,Business Story,Add Card,13,3115.0,REL_X+7,High,Done,,,,,,
3117,User Story,Review transfer,6,3116.0,REL_X+7,High,To Do,,,,,,
3118,Task,Environment setup,1,3117.0,REL_X+7,High,In Review,1155.0,5.0,DevOps,6.0,1.0,7.0
3119,Task,Backend API development,1,3117.0,REL_X+7,High,Done,1155.0,5.0,Backend,4.0,0.0,4.0
3120,Task,iOS development task 1,1,3117.0,REL_X+7,High,In Progress,1155.0,5.0,iOS,6.0,1.0,7.0
3121,Task,Android UI implementation,2,3117.0,REL_X+7,High,In Progress,1155.0,5.0,Android,8.0,0.0,8.0
3122,Task,Android development task -1,2,3117.0,REL_X+7,High,In Review,1155.0,5.0,Android,7.0,1.0,8.0
3123,Business Story,Payment Callback,9,3115.0,REL_X+7,High,In Progress,,,,,,
3124,User Story,Display Card Menu,7,3123.0,REL_X+7,High,In Progress,,,,,,
3125,Task,iOS UI implementation,2,3124.0,REL_X+7,High,Blocked,88.0,4.0,iOS,10.0,0.0,10.0
3126,Task,Android development task -1,3,3124.0,REL_X+7,High,Blocked,88.0,4.0,Android,14.0,0.0,14.0
3127,Task,iOS UI implementation,3,3124.0,REL_X+7,High,Blocked,88.0,4.0,iOS,16.0,3.0,19.0
3128,Task,Backend API development,1,3124.0,REL_X+7,High,Closed,88.0,4.0,Backend,5.0,1.0,6.0
3129,User Story,Verify Email,5,3123.0,REL_X+7,High,Closed,,,,,,
3130,Task,Back end development task -1,1,3129.0,REL_X+7,High,Closed,1086.0,2.0,Backend,4.0,0.0,4.0
3131,Task,QA Android,3,3129.0,REL_X+7,High,In Review,1086.0,2.0,QA,17.0,3.0,20.0
3132,Business Story,Password Reset,10,3115.0,REL_X+7,High,Closed,,,,,,
3133,User Story,Review transfer,4,3132.0,REL_X+7,High,To Do,,,,,,
3134,Task,Android development task -1,3,3133.0,REL_X+7,High,To Do,1112.0,3.0,Android,18.0,3.0,21.0
3135,Task,QA Android,1,3133.0,REL_X+7,High,Done,1112.0,3.0,QA,4.0,0.0,4.0
3136,Task,iOS UI implementation,1,3133.0,REL_X+7,High,Closed,1112.0,3.0,iOS,6.0,0.0,6.0
3137,Task,QA Android,1,3133.0,REL_X+7,High,Closed,1112.0,3.0,QA,4.0,0.0,4.0
3138,User Story,Verify Email,5,3132.0,REL_X+7,High,In Progress,,,,,,
3139,Task,QA Android,1,3138.0,REL_X+7,High,In Progress,1314.0,3.0,QA,5.0,1.0,6.0
3140,Task,Android development task -1,2,3138.0,REL_X+7,High,Done,1314.0,3.0,Android,9.0,1.0,10.0
3141,Task,Back end development task -2,2,3138.0,REL_X+7,High,To Do,1314.0,3.0,Backend,12.0,0.0,12.0
3142,Task,Back end development task -1,1,3138.0,REL_X+7,High,To Do,1314.0,3.0,Backend,3.0,0.0,3.0
3143,Feature,Recurring Billing,21,3114.0,REL_X+7,High,In Review,,,,,,
3144,Business Story,View Cards,12,3143.0,REL_X+7,High,In Review,,,,,,
3145,User Story,Send email,5,3144.0,REL_X+7,High,In Review,,,,,,
3146,Task,QA Testing,1,3145.0,REL_X+7,High,In Review,1195.0,6.0,QA,4.0,0.0,4.0
3147,Task,iOS development task 1,3,3145.0,REL_X+7,High,In Progress,1195.0,6.0,iOS,11.0,0.0,11.0
3148,Task,iOS UI implementation,1,3145.0,REL_X+7,High,Done,1195.0,6.0,iOS,6.0,0.0,6.0
3149,Task,QA Testing,2,3145.0,REL_X+7,High,To Do,1195.0,6.0,QA,8.0,0.0,8.0
3150,Business Story,Update Card,13,3143.0,REL_X+7,High,Closed,,,,,,
3151,User Story,Payment Form,3,3150.0,REL_X+7,High,To Do,,,,,,
3152,Task,QA Testing,1,3151.0,REL_X+7,High,Done,278.0,3.0,QA,4.0,0.0,4.0
3153,Task,QA Android,3,3151.0,REL_X+7,High,Blocked,278.0,3.0,QA,18.0,1.0,19.0
3154,Task,Back end development task -1,3,3151.0,REL_X+7,High,In Review,278.0,3.0,Backend,18.0,2.0,20.0
3155,Task,Environment setup,3,3151.0,REL_X+7,High,In Progress,278.0,3.0,DevOps,10.0,0.0,10.0
3156,Business Story,Payment Callback,9,3143.0,REL_X+7,High,Done,,,,,,
3157,User Story,Verify Email,4,3156.0,REL_X+7,High,Closed,,,,,,
3158,Task,Android development task -1,2,3157.0,REL_X+7,High,In Review,404.0,8.0,Android,12.0,0.0,12.0
3159,Task,QA Testing,1,3157.0,REL_X+7,High,In Review,404.0,8.0,QA,6.0,0.0,6.0
3160,Task,iOS development task 1,1,3157.0,REL_X+7,High,Blocked,404.0,8.0,iOS,5.0,0.0,5.0
3161,User Story,Make a transfer,5,3156.0,REL_X+7,High,In Progress,,,,,,
3162,Task,Android development task -1,1,3161.0,REL_X+7,High,To Do,107.0,5.0,Android,6.0,1.0,7.0
3163,Task,iOS development task 1,2,3161.0,REL_X+7,High,Blocked,107.0,5.0,iOS,12.0,2.0,14.0
3164,Epic,Accounts,55,,REL_X+7,Low,In Progress,,,,,,
3165,Feature,User Registration,34,3164.0,REL_X+7,Low,Blocked,,,,,,
3166,Business Story,Process Payment,9,3165.0,REL_X+7,Low,Blocked,,,,,,
3167,User Story,Transaction history,5,3166.0,REL_X+7,Low,In Review,,,,,,
3168,Task,iOS UI implementation,1,3167.0,REL_X+7,Low,In Review,752.0,5.0,iOS,5.0,0.0,5.0
3169,Task,iOS development task 1,2,3167.0,REL_X+7,Low,In Review,752.0,5.0,iOS,9.0,1.0,10.0
3170,Task,Environment setup,3,3167.0,REL_X+7,Low,In Review,752.0,5.0,DevOps,10.0,2.0,12.0
3171,Task,iOS development task 1,1,3167.0,REL_X+7,Low,In Progress,752.0,5.0,iOS,4.0,0.0,4.0
3172,Task,Environment setup,1,3167.0,REL_X+7,Low,Done,752.0,5.0,DevOps,3.0,0.0,3.0
3173,Business Story,Password Reset,10,3165.0,REL_X+7,Low,In Progress,,,,,,
3174,User Story,Display Card Screen,3,3173.0,REL_X+7,Low,To Do,,,,,,
3175,Task,Environment setup,1,3174.0,REL_X+7,Low,Closed,1509.0,3.0,DevOps,6.0,1.0,7.0
3176,Task,iOS development task 1,2,3174.0,REL_X+7,Low,In Progress,1509.0,3.0,iOS,6.0,0.0,6.0
3177,Task,Environment setup,1,3174.0,REL_X+7,Low,Blocked,1509.0,3.0,DevOps,3.0,0.0,3.0
3178,Feature,In-App Messages,21,3164.0,REL_X+7,Low,Closed,,,,,,
3179,Business Story,View Cards,12,3178.0,REL_X+7,Low,Closed,,,,,,
3180,User Story,Verify Email,5,3179.0,REL_X+7,Low,Done,,,,,,
3181,Task,QA Android,2,3180.0,REL_X+7,Low,Blocked,395.0,8.0,QA,9.0,0.0,9.0
3182,Task,Android development task -1,2,3180.0,REL_X+7,Low,Blocked,395.0,8.0,Android,10.0,0.0,10.0
3183,Task,QA iOS,2,3180.0,REL_X+7,Low,In Progress,395.0,8.0,QA,6.0,0.0,6.0
3184,Task,iOS development task 1,1,3180.0,REL_X+7,Low,Closed,395.0,8.0,iOS,4.0,0.0,4.0
3185,Business Story,Add Card,13,3178.0,REL_X+7,Low,To Do,,,,,,
3186,User Story,Make a transfer,7,3185.0,REL_X+7,Low,In Progress,,,,,,
3187,Task,Android development task -1,2,3186.0,REL_X+7,Low,In Review,333.0,5.0,Android,10.0,2.0,12.0
3188,Task,QA Android,1,3186.0,REL_X+7,Low,Done,333.0,5.0,QA,5.0,0.0,5.0
3189,Task,Back end development task -1,2,3186.0,REL_X+7,Low,In Review,333.0,5.0,Backend,11.0,1.0,12.0
3190,Task,QA iOS,1,3186.0,REL_X+7,Low,In Review,333.0,5.0,QA,3.0,0.0,3.0
3191,Feature,SMS Alerts,21,3164.0,REL_X+7,Low,Closed,,,,,,
3192,Business Story,Payment Callback,9,3191.0,REL_X+7,Low,To Do,,,,,,
3193,User Story,Payment Form,5,3192.0,REL_X+7,Low,In Review,,,,,,
3194,Task,Environment setup,2,3193.0,REL_X+7,Low,Blocked,1430.0,7.0,DevOps,11.0,1.0,12.0
3195,Task,QA Android,2,3193.0,REL_X+7,Low,Blocked,1430.0,7.0,QA,9.0,1.0,10.0
3196,Task,Android development task -1,2,3193.0,REL_X+7,Low,In Progress,1430.0,7.0,Android,8.0,0.0,8.0
3197,Task,QA iOS,1,3193.0,REL_X+7,Low,Blocked,1430.0,7.0,QA,5.0,1.0,6.0
3198,Task,Android UI implementation,1,3193.0,REL_X+7,Low,Blocked,1430.0,7.0,Android,6.0,1.0,7.0
3199,User Story,Display Card Menu,5,3192.0,REL_X+7,Low,In Progress,,,,,,
3200,Task,iOS UI implementation,3,3199.0,REL_X+7,Low,Blocked,1512.0,3.0,iOS,11.0,1.0,12.0
3201,Task,Android development task -1,1,3199.0,REL_X+7,Low,Closed,1512.0,3.0,Android,3.0,0.0,3.0
3202,Task,QA iOS,1,3199.0,REL_X+7,Low,To Do,1512.0,3.0,QA,4.0,0.0,4.0
3203,Task,Back end development task -1,1,3199.0,REL_X+7,Low,In Review,1512.0,3.0,Backend,4.0,0.0,4.0
3204,User Story,Display Card Screen,4,3192.0,REL_X+7,Low,Blocked,,,,,,
3205,Task,Android development task -1,3,3204.0,REL_X+7,Low,In Progress,804.0,7.0,Android,17.0,2.0,19.0
3206,Task,QA Android,1,3204.0,REL_X+7,Low,Blocked,804.0,7.0,QA,6.0,1.0,7.0
3207,Business Story,Password Reset,10,3191.0,REL_X+7,Low,In Progress,,,,,,
3208,User Story,Display Card Menu,8,3207.0,REL_X+7,Low,To Do,,,,,,
3209,Task,Android development task -1,1,3208.0,REL_X+7,Low,Blocked,663.0,2.0,Android,6.0,0.0,6.0
3210,Task,QA Testing,1,3208.0,REL_X+7,Low,In Review,663.0,2.0,QA,5.0,0.0,5.0
3211,Task,Android development task -1,2,3208.0,REL_X+7,Low,Done,663.0,2.0,Android,9.0,0.0,9.0
3212,Task,Android development task -1,2,3208.0,REL_X+7,Low,Closed,663.0,2.0,Android,8.0,1.0,9.0
3213,User Story,Send email,7,3207.0,REL_X+7,Low,In Review,,,,,,
3214,Task,Environment setup,1,3213.0,REL_X+7,Low,In Progress,1158.0,5.0,DevOps,5.0,1.0,6.0
3215,Task,QA Android,3,3213.0,REL_X+7,Low,Closed,1158.0,5.0,QA,12.0,1.0,13.0
3216,Task,QA Testing,2,3213.0,REL_X+7,Low,Done,1158.0,5.0,QA,10.0,1.0,11.0
3217,Task,QA iOS,2,3213.0,REL_X+7,Low,Closed,1158.0,5.0,QA,7.0,1.0,8.0
3218,Feature,Authorization,34,3164.0,REL_X+7,Low,Done,,,,,,
3219,Business Story,Payment Callback,9,3218.0,REL_X+7,Low,In Progress,,,,,,
3220,User Story,Error Handling,7,3219.0,REL_X+7,Low,In Review,,,,,,
3221,Task,Backend API development,2,3220.0,REL_X+7,Low,To Do,1047.0,1.0,Backend,10.0,1.0,11.0
3222,User Story,Payment Form,5,3219.0,REL_X+7,Low,Blocked,,,,,,
3223,Task,Environment setup,1,3222.0,REL_X+7,Low,Closed,1235.0,8.0,DevOps,4.0,0.0,4.0
3224,Task,Android development task -1,1,3222.0,REL_X+7,Low,In Progress,1235.0,8.0,Android,3.0,0.0,3.0
3225,Task,Back end development task -1,2,3222.0,REL_X+7,Low,Done,1235.0,8.0,Backend,8.0,1.0,9.0
3226,Business Story,View Cards,12,3218.0,REL_X+7,Low,Blocked,,,,,,
3227,User Story,Make a transfer,5,3226.0,REL_X+7,Low,In Review,,,,,,
3228,Task,QA Android,3,3227.0,REL_X+7,Low,Done,1239.0,8.0,QA,12.0,2.0,14.0
3229,Task,iOS development task 1,1,3227.0,REL_X+7,Low,Done,1239.0,8.0,iOS,3.0,0.0,3.0
3230,Task,Android development task -1,1,3227.0,REL_X+7,Low,Closed,1239.0,8.0,Android,6.0,1.0,7.0
3231,Task,Back end development task -1,1,3227.0,REL_X+7,Low,In Review,1239.0,8.0,Backend,4.0,0.0,4.0
3232,Task,Back end development task -1,1,3227.0,REL_X+7,Low,In Review,1239.0,8.0,Backend,6.0,0.0,6.0
3233,User Story,Transaction history,5,3226.0,REL_X+7,Low,In Progress,,,,,,
3234,Task,QA iOS,2,3233.0,REL_X+7,Low,To Do,915.0,4.0,QA,12.0,1.0,13.0
3235,Task,iOS development task 1,1,3233.0,REL_X+7,Low,In Review,915.0,4.0,iOS,4.0,0.0,4.0
3236,Task,QA iOS,2,3233.0,REL_X+7,Low,To Do,915.0,4.0,QA,8.0,0.0,8.0
3237,Task,Back end development task -2,3,3233.0,REL_X+7,Low,In Review,915.0,4.0,Backend,17.0,3.0,20.0
3238,User Story,Send email,4,3226.0,REL_X+7,Low,Closed,,,,,,
3239,Task,Back end development task -1,2,3238.0,REL_X+7,Low,Blocked,769.0,6.0,Backend,11.0,1.0,12.0
3240,Task,QA iOS,1,3238.0,REL_X+7,Low,In Review,769.0,6.0,QA,3.0,0.0,3.0
3241,Task,Back end development task -2,3,3238.0,REL_X+7,Low,Blocked,769.0,6.0,Backend,9.0,0.0,9.0
3242,Task,Environment setup,3,3238.0,REL_X+7,Low,To Do,769.0,6.0,DevOps,11.0,0.0,11.0
3243,Task,QA iOS,3,3238.0,REL_X+7,Low,In Review,769.0,6.0,QA,12.0,0.0,12.0
3244,Epic,Security,55,,REL_X+7,Low,Blocked,,,,,,
3245,Feature,Account Settings,21,3244.0,REL_X+7,Low,Done,,,,,,
3246,Business Story,Payment Validation,9,3245.0,REL_X+7,Low,Closed,,,,,,
3247,User Story,Make a transfer,7,3246.0,REL_X+7,Low,In Progress,,,,,,
3248,Task,iOS development task 1,2,3247.0,REL_X+7,Low,In Progress,919.0,4.0,iOS,12.0,1.0,13.0
3249,Task,Back end development task -1,1,3247.0,REL_X+7,Low,Closed,919.0,4.0,Backend,3.0,0.0,3.0
3250,User Story,Payment Confirmation,7,3246.0,REL_X+7,Low,In Progress,,,,,,
3251,Task,Back end development task -2,1,3250.0,REL_X+7,Low,In Progress,981.0,6.0,Backend,4.0,0.0,4.0
3252,Business Story,Password Reset,10,3245.0,REL_X+7,Low,Done,,,,,,
3253,User Story,Send email,6,3252.0,REL_X+7,Low,Closed,,,,,,
3254,Task,Android development task -1,1,3253.0,REL_X+7,Low,To Do,811.0,8.0,Android,6.0,0.0,6.0
3255,User Story,Verify Email,5,3252.0,REL_X+7,Low,To Do,,,,,,
3256,Task,QA Testing,1,3255.0,REL_X+7,Low,Done,428.0,1.0,QA,3.0,0.0,3.0
3257,Task,QA iOS,1,3255.0,REL_X+7,Low,Closed,428.0,1.0,QA,4.0,0.0,4.0
3258,Feature,Scheduled Reports,21,3244.0,REL_X+7,Low,Closed,,,,,,
3259,Business Story,Sign Up,11,3258.0,REL_X+7,Low,Done,,,,,,
3260,User Story,Make a transfer,6,3259.0,REL_X+7,Low,In Review,,,,,,
3261,Task,QA iOS,3,3260.0,REL_X+7,Low,Closed,686.0,3.0,QA,15.0,0.0,15.0
3262,Task,Android development task -1,1,3260.0,REL_X+7,Low,In Progress,686.0,3.0,Android,6.0,1.0,7.0
3263,User Story,Review transfer,4,3259.0,REL_X+7,Low,To Do,,,,,,
3264,Task,QA Android,1,3263.0,REL_X+7,Low,Done,794.0,7.0,QA,5.0,0.0,5.0
3265,Business Story,Payment Validation,9,3258.0,REL_X+7,Low,In Review,,,,,,
3266,User Story,Payment Form,5,3265.0,REL_X+7,Low,In Progress,,,,,,
3267,Task,QA Android,2,3266.0,REL_X+7,Low,In Progress,1161.0,5.0,QA,8.0,0.0,8.0
3268,Task,QA iOS,3,3266.0,REL_X+7,Low,Closed,1161.0,5.0,QA,12.0,1.0,13.0
3269,Task,Backend API development,2,3266.0,REL_X+7,Low,Done,1161.0,5.0,Backend,9.0,1.0,10.0
3270,User Story,Display Card Menu,6,3265.0,REL_X+7,Low,Blocked,,,,,,
3271,Task,Android development task -1,2,3270.0,REL_X+7,Low,To Do,984.0,6.0,Android,11.0,0.0,11.0
3272,Task,iOS development task 1,3,3270.0,REL_X+7,Low,To Do,984.0,6.0,iOS,9.0,0.0,9.0
3273,Task,iOS development task 1,3,3270.0,REL_X+7,Low,Blocked,984.0,6.0,iOS,13.0,1.0,14.0
3274,Task,QA iOS,1,3270.0,REL_X+7,Low,Closed,984.0,6.0,QA,5.0,0.0,5.0
3275,Task,QA Android,3,3270.0,REL_X+7,Low,In Review,984.0,6.0,QA,14.0,0.0,14.0
3276,Business Story,Email Verification,10,3258.0,REL_X+7,Low,Blocked,,,,,,
3277,User Story,Display Card Menu,7,3276.0,REL_X+7,Low,In Review,,,,,,
3278,Task,Android UI implementation,3,3277.0,REL_X+7,Low,Closed,291.0,4.0,Android,12.0,0.0,12.0
3279,Task,Back end development task -1,3,3277.0,REL_X+7,Low,To Do,291.0,4.0,Backend,16.0,1.0,17.0
3280,Task,iOS development task 1,1,3277.0,REL_X+7,Low,Done,291.0,4.0,iOS,4.0,0.0,4.0
3281,User Story,Transaction history,5,3276.0,REL_X+7,Low,In Review,,,,,,
3282,Task,QA Testing,1,3281.0,REL_X+7,Low,To Do,554.0,6.0,QA,4.0,0.0,4.0
3283,User Story,Error Handling,5,3276.0,REL_X+7,Low,Blocked,,,,,,
3284,Task,QA Testing,1,3283.0,REL_X+7,Low,In Progress,62.0,3.0,QA,6.0,1.0,7.0
3285,Feature,Dashboard,34,3244.0,REL_X+7,Low,To Do,,,,,,
3286,Business Story,Remove Card,13,3285.0,REL_X+7,Low,Closed,,,,,,
3287,User Story,Payment Form,7,3286.0,REL_X+7,Low,To Do,,,,,,
3288,Task,QA Android,1,3287.0,REL_X+7,Low,Closed,1375.0,5.0,QA,6.0,0.0,6.0
3289,Task,Back end development task -2,3,3287.0,REL_X+7,Low,In Progress,1375.0,5.0,Backend,15.0,3.0,18.0
3290,Task,Back end development task -2,1,3287.0,REL_X+7,Low,Blocked,1375.0,5.0,Backend,3.0,0.0,3.0
3291,User Story,Review transfer,7,3286.0,REL_X+7,Low,Done,,,,,,
3292,Task,QA Android,2,3291.0,REL_X+7,Low,In Review,336.0,5.0,QA,10.0,0.0,10.0
3293,Task,QA Android,1,3291.0,REL_X+7,Low,Blocked,336.0,5.0,QA,6.0,1.0,7.0
3294,Task,QA Android,2,3291.0,REL_X+7,Low,Closed,336.0,5.0,QA,7.0,1.0,8.0
3295,Business Story,Sign Up,11,3285.0,REL_X+7,Low,Done,,,,,,
3296,User Story,Send email,3,3295.0,REL_X+7,Low,In Review,,,,,,
3297,Task,QA iOS,3,3296.0,REL_X+7,Low,Done,1813.0,6.0,QA,16.0,3.0,19.0
3298,Task,QA iOS,3,3296.0,REL_X+7,Low,Closed,1813.0,6.0,QA,14.0,2.0,16.0
3299,User Story,Verify Email,4,3295.0,REL_X+7,Low,In Review,,,,,,
3300,Task,Android development task -1,3,3299.0,REL_X+7,Low,Blocked,1107.0,3.0,Android,12.0,2.0,14.0
3301,Task,Environment setup,3,3299.0,REL_X+7,Low,Done,1107.0,3.0,DevOps,10.0,2.0,12.0
3302,Epic,Accounts,55,,REL_X+10,Low,Done,,,,,,
3303,Feature,Authentication,34,3302.0,REL_X+10,Low,Closed,,,,,,
3304,Business Story,View Cards,12,3303.0,REL_X+10,Low,Blocked,,,,,,
3305,User Story,Send email,6,3304.0,REL_X+10,Low,In Review,,,,,,
3306,Task,Backend API development,1,3305.0,REL_X+10,Low,Closed,1124.0,4.0,Backend,5.0,1.0,6.0
3307,Task,iOS development task 1,1,3305.0,REL_X+10,Low,Closed,1124.0,4.0,iOS,6.0,0.0,6.0
3308,Task,QA Android,2,3305.0,REL_X+10,Low,To Do,1124.0,4.0,QA,12.0,2.0,14.0
3309,Task,QA Testing,1,3305.0,REL_X+10,Low,In Progress,1124.0,4.0,QA,3.0,0.0,3.0
3310,Business Story,Email Verification,10,3303.0,REL_X+10,Low,Blocked,,,,,,
3311,User Story,Review transfer,5,3310.0,REL_X+10,Low,In Progress,,,,,,
3312,Task,Back end development task -1,1,3311.0,REL_X+10,Low,Closed,49.0,2.0,Backend,4.0,0.0,4.0
3313,User Story,Payment Confirmation,3,3310.0,REL_X+10,Low,In Review,,,,,,
3314,Task,iOS UI implementation,3,3313.0,REL_X+10,Low,Closed,927.0,4.0,iOS,15.0,0.0,15.0
3315,Feature,Push Notifications,21,3302.0,REL_X+10,Low,Done,,,,,,
3316,Business Story,Email Verification,10,3315.0,REL_X+10,Low,In Progress,,,,,,
3317,User Story,Verify Email,5,3316.0,REL_X+10,Low,Done,,,,,,
3318,Task,Back end development task -2,1,3317.0,REL_X+10,Low,In Review,86.0,4.0,Backend,5.0,0.0,5.0
3319,Task,QA Testing,3,3317.0,REL_X+10,Low,Blocked,86.0,4.0,QA,15.0,0.0,15.0
3320,Task,QA Android,3,3317.0,REL_X+10,Low,Blocked,86.0,4.0,QA,16.0,0.0,16.0
3321,Task,Back end development task -2,3,3317.0,REL_X+10,Low,In Review,86.0,4.0,Backend,10.0,1.0,11.0
3322,User Story,Payment Form,5,3316.0,REL_X+10,Low,To Do,,,,,,
3323,Task,Android UI implementation,1,3322.0,REL_X+10,Low,Done,503.0,4.0,Android,5.0,0.0,5.0
3324,Business Story,Password Reset,10,3315.0,REL_X+10,Low,Blocked,,,,,,
3325,User Story,Send email,5,3324.0,REL_X+10,Low,Closed,,,,,,
3326,Task,QA Android,2,3325.0,REL_X+10,Low,Closed,1751.0,4.0,QA,6.0,0.0,6.0
3327,Task,Android development task -1,2,3325.0,REL_X+10,Low,Done,1751.0,4.0,Android,11.0,0.0,11.0
3328,Task,Android UI implementation,1,3325.0,REL_X+10,Low,In Review,1751.0,4.0,Android,4.0,0.0,4.0
3329,Task,Backend API development,3,3325.0,REL_X+10,Low,In Review,1751.0,4.0,Backend,17.0,0.0,17.0
3330,Business Story,Payment Callback,9,3315.0,REL_X+10,Low,Done,,,,,,
3331,User Story,Payment Confirmation,5,3330.0,REL_X+10,Low,Blocked,,,,,,
3332,Task,Back end development task -2,1,3331.0,REL_X+10,Low,To Do,601.0,8.0,Backend,5.0,1.0,6.0
3333,Task,Android development task -1,3,3331.0,REL_X+10,Low,Blocked,601.0,8.0,Android,10.0,0.0,10.0
3334,Epic,Reporting,55,,REL_X+5,Low,Blocked,,,,,,
3335,Feature,Transaction History,34,3334.0,REL_X+5,Low,In Progress,,,,,,
3336,Business Story,Email Verification,10,3335.0,REL_X+5,Low,In Progress,,,,,,
3337,User Story,Payment Form,4,3336.0,REL_X+5,Low,In Progress,,,,,,
3338,Task,Back end development task -1,1,3337.0,REL_X+5,Low,To Do,1517.0,3.0,Backend,5.0,1.0,6.0
3339,Task,QA Android,2,3337.0,REL_X+5,Low,Blocked,1517.0,3.0,QA,6.0,1.0,7.0
3340,Task,Back end development task -2,1,3337.0,REL_X+5,Low,To Do,1517.0,3.0,Backend,6.0,0.0,6.0
3341,Task,Environment setup,1,3337.0,REL_X+5,Low,Blocked,1517.0,3.0,DevOps,5.0,1.0,6.0
3342,Task,Back end development task -1,3,3337.0,REL_X+5,Low,To Do,1517.0,3.0,Backend,11.0,0.0,11.0
3343,User Story,Display Card Screen,4,3336.0,REL_X+5,Low,Done,,,,,,
3344,Task,Android UI implementation,2,3343.0,REL_X+5,Low,Done,383.0,7.0,Android,10.0,1.0,11.0
3345,Task,iOS development task 1,1,3343.0,REL_X+5,Low,To Do,383.0,7.0,iOS,4.0,0.0,4.0
3346,User Story,Payment Confirmation,5,3336.0,REL_X+5,Low,In Progress,,,,,,
3347,Task,Android development task -1,1,3346.0,REL_X+5,Low,In Review,415.0,8.0,Android,6.0,0.0,6.0
3348,Task,Back end development task -2,2,3346.0,REL_X+5,Low,Done,415.0,8.0,Backend,6.0,0.0,6.0
3349,Business Story,Process Payment,9,3335.0,REL_X+5,Low,Closed,,,,,,
3350,User Story,Error Handling,3,3349.0,REL_X+5,Low,In Progress,,,,,,
3351,Task,QA Testing,3,3350.0,REL_X+5,Low,Blocked,655.0,2.0,QA,12.0,2.0,14.0
3352,Task,QA Testing,1,3350.0,REL_X+5,Low,Blocked,655.0,2.0,QA,3.0,0.0,3.0
3353,User Story,Payment Confirmation,5,3349.0,REL_X+5,Low,Closed,,,,,,
3354,Task,Android development task -1,2,3353.0,REL_X+5,Low,In Progress,1109.0,3.0,Android,12.0,2.0,14.0
3355,Feature,Dashboard,34,3334.0,REL_X+5,Low,To Do,,,,,,
3356,Business Story,Payment Validation,9,3355.0,REL_X+5,Low,In Progress,,,,,,
3357,User Story,Verify Email,7,3356.0,REL_X+5,Low,Blocked,,,,,,
3358,Task,Back end development task -2,3,3357.0,REL_X+5,Low,In Progress,123.0,5.0,Backend,15.0,0.0,15.0
3359,Task,QA Android,1,3357.0,REL_X+5,Low,Blocked,123.0,5.0,QA,4.0,0.0,4.0
3360,Task,iOS UI implementation,2,3357.0,REL_X+5,Low,In Progress,123.0,5.0,iOS,12.0,2.0,14.0
3361,Task,Back end development task -1,2,3357.0,REL_X+5,Low,To Do,123.0,5.0,Backend,8.0,1.0,9.0
3362,User Story,Send email,5,3356.0,REL_X+5,Low,To Do,,,,,,
3363,Task,Environment setup,2,3362.0,REL_X+5,Low,Closed,855.0,1.0,DevOps,12.0,0.0,12.0
3364,User Story,Review transfer,3,3356.0,REL_X+5,Low,In Review,,,,,,
3365,Task,Android UI implementation,2,3364.0,REL_X+5,Low,Done,806.0,7.0,Android,8.0,1.0,9.0
3366,Task,QA iOS,3,3364.0,REL_X+5,Low,Blocked,806.0,7.0,QA,16.0,3.0,19.0
3367,Task,Android development task -1,1,3364.0,REL_X+5,Low,In Review,806.0,7.0,Android,3.0,0.0,3.0
3368,Business Story,Remove Card,13,3355.0,REL_X+5,Low,Done,,,,,,
3369,User Story,Error Handling,5,3368.0,REL_X+5,Low,In Review,,,,,,
3370,Task,Back end development task -1,1,3369.0,REL_X+5,Low,Done,1792.0,5.0,Backend,5.0,0.0,5.0
3371,Task,QA Android,1,3369.0,REL_X+5,Low,In Review,1792.0,5.0,QA,5.0,0.0,5.0
3372,Task,iOS UI implementation,1,3369.0,REL_X+5,Low,Done,1792.0,5.0,iOS,6.0,0.0,6.0
3373,User Story,Display Card Screen,7,3368.0,REL_X+5,Low,In Progress,,,,,,
3374,Task,QA Android,2,3373.0,REL_X+5,Low,In Progress,1643.0,8.0,QA,8.0,1.0,9.0
3375,Task,Android UI implementation,2,3373.0,REL_X+5,Low,Closed,1643.0,8.0,Android,7.0,0.0,7.0
3376,Task,Android development task -1,2,3373.0,REL_X+5,Low,In Progress,1643.0,8.0,Android,7.0,1.0,8.0
3377,User Story,Transaction history,7,3368.0,REL_X+5,Low,Blocked,,,,,,
3378,Task,Backend API development,1,3377.0,REL_X+5,Low,Done,768.0,6.0,Backend,5.0,1.0,6.0
3379,Task,QA iOS,1,3377.0,REL_X+5,Low,To Do,768.0,6.0,QA,3.0,0.0,3.0
3380,Business Story,Update Card,13,3355.0,REL_X+5,Low,Blocked,,,,,,
3381,User Story,Verify Email,4,3380.0,REL_X+5,Low,In Review,,,,,,
3382,Task,iOS development task 1,2,3381.0,REL_X+5,Low,In Review,1014.0,7.0,iOS,9.0,0.0,9.0
3383,Task,Back end development task -2,3,3381.0,REL_X+5,Low,Blocked,1014.0,7.0,Backend,16.0,0.0,16.0
3384,Task,iOS UI implementation,1,3381.0,REL_X+5,Low,In Progress,1014.0,7.0,iOS,3.0,0.0,3.0
3385,Task,iOS development task 1,1,3381.0,REL_X+5,Low,To Do,1014.0,7.0,iOS,3.0,0.0,3.0
3386,User Story,Display Card Menu,5,3380.0,REL_X+5,Low,Done,,,,,,
3387,Task,Android development task -1,2,3386.0,REL_X+5,Low,Blocked,1097.0,3.0,Android,11.0,2.0,13.0
3388,Task,QA Android,1,3386.0,REL_X+5,Low,To Do,1097.0,3.0,QA,3.0,0.0,3.0
3389,Task,QA iOS,3,3386.0,REL_X+5,Low,Blocked,1097.0,3.0,QA,13.0,1.0,14.0
3390,User Story,Display Card Screen,5,3380.0,REL_X+5,Low,In Progress,,,,,,
3391,Task,iOS development task 1,3,3390.0,REL_X+5,Low,In Progress,1267.0,1.0,iOS,14.0,0.0,14.0
3392,Task,Back end development task -1,2,3390.0,REL_X+5,Low,In Progress,1267.0,1.0,Backend,8.0,0.0,8.0
3393,Task,Backend API development,1,3390.0,REL_X+5,Low,To Do,1267.0,1.0,Backend,3.0,0.0,3.0
3394,Task,iOS development task 1,3,3390.0,REL_X+5,Low,In Progress,1267.0,1.0,iOS,10.0,0.0,10.0
3395,Task,iOS UI implementation,1,3390.0,REL_X+5,Low,In Progress,1267.0,1.0,iOS,6.0,0.0,6.0
3396,Feature,User Profile,34,3334.0,REL_X+5,Low,In Progress,,,,,,
3397,Business Story,Remove Card,13,3396.0,REL_X+5,Low,Closed,,,,,,
3398,User Story,Verify Email,5,3397.0,REL_X+5,Low,In Progress,,,,,,
3399,Task,iOS UI implementation,2,3398.0,REL_X+5,Low,Closed,206.0,8.0,iOS,9.0,0.0,9.0
3400,User Story,Error Handling,7,3397.0,REL_X+5,Low,Done,,,,,,
3401,Task,Back end development task -1,2,3400.0,REL_X+5,Low,Closed,1538.0,4.0,Backend,8.0,0.0,8.0
3402,Task,QA Testing,1,3400.0,REL_X+5,Low,To Do,1538.0,4.0,QA,5.0,1.0,6.0
3403,Task,QA Testing,2,3400.0,REL_X+5,Low,Done,1538.0,4.0,QA,9.0,1.0,10.0
3404,Task,QA Android,1,3400.0,REL_X+5,Low,In Progress,1538.0,4.0,QA,3.0,0.0,3.0
3405,Business Story,Add Card,13,3396.0,REL_X+5,Low,Blocked,,,,,,
3406,User Story,Review transfer,5,3405.0,REL_X+5,Low,Blocked,,,,,,
3407,Task,Android development task -1,3,3406.0,REL_X+5,Low,To Do,562.0,6.0,Android,15.0,3.0,18.0
3408,Task,Back end development task -1,2,3406.0,REL_X+5,Low,Closed,562.0,6.0,Backend,6.0,1.0,7.0
3409,Business Story,View Cards,12,3396.0,REL_X+5,Low,To Do,,,,,,
3410,User Story,Error Handling,5,3409.0,REL_X+5,Low,To Do,,,,,,
3411,Task,Android UI implementation,3,3410.0,REL_X+5,Low,In Review,1006.0,7.0,Android,10.0,1.0,11.0
3412,Task,QA Android,1,3410.0,REL_X+5,Low,Blocked,1006.0,7.0,QA,5.0,1.0,6.0
3413,Task,QA iOS,1,3410.0,REL_X+5,Low,Blocked,1006.0,7.0,QA,4.0,0.0,4.0
3414,Task,QA Android,1,3410.0,REL_X+5,Low,Closed,1006.0,7.0,QA,4.0,0.0,4.0
3415,User Story,Send email,8,3409.0,REL_X+5,Low,To Do,,,,,,
3416,Task,Back end development task -2,1,3415.0,REL_X+5,Low,In Progress,1261.0,1.0,Backend,5.0,1.0,6.0
3417,Task,Android development task -1,1,3415.0,REL_X+5,Low,In Progress,1261.0,1.0,Android,6.0,1.0,7.0
3418,Task,Back end development task -1,1,3415.0,REL_X+5,Low,In Progress,1261.0,1.0,Backend,4.0,0.0,4.0
3419,Task,Environment setup,2,3415.0,REL_X+5,Low,Closed,1261.0,1.0,DevOps,10.0,2.0,12.0
3420,Task,QA iOS,1,3415.0,REL_X+5,Low,In Progress,1261.0,1.0,QA,6.0,1.0,7.0
3421,Feature,Authorization,34,3334.0,REL_X+5,Low,In Progress,,,,,,
3422,Business Story,View Cards,12,3421.0,REL_X+5,Low,To Do,,,,,,
3423,User Story,Transaction history,7,3422.0,REL_X+5,Low,In Progress,,,,,,
3424,Task,Android UI implementation,2,3423.0,REL_X+5,Low,In Progress,1094.0,3.0,Android,8.0,0.0,8.0
3425,Business Story,Remove Card,13,3421.0,REL_X+5,Low,Done,,,,,,
3426,User Story,Review transfer,6,3425.0,REL_X+5,Low,In Review,,,,,,
3427,Task,iOS development task 1,2,3426.0,REL_X+5,Low,Blocked,1752.0,4.0,iOS,6.0,0.0,6.0
3428,Task,Android development task -1,1,3426.0,REL_X+5,Low,In Progress,1752.0,4.0,Android,6.0,0.0,6.0
3429,Epic,Payments,55,,REL_X+7,High,Blocked,,,,,,
3430,Feature,Data Export,21,3429.0,REL_X+7,High,Closed,,,,,,
3431,Business Story,View Cards,12,3430.0,REL_X+7,High,Closed,,,,,,
3432,User Story,Display Card Menu,4,3431.0,REL_X+7,High,In Review,,,,,,
3433,Task,QA Testing,2,3432.0,REL_X+7,High,Done,944.0,5.0,QA,9.0,1.0,10.0
3434,Task,Android UI implementation,3,3432.0,REL_X+7,High,Done,944.0,5.0,Android,17.0,2.0,19.0
3435,Task,Backend API development,2,3432.0,REL_X+7,High,In Progress,944.0,5.0,Backend,10.0,1.0,11.0
3436,Task,QA Testing,1,3432.0,REL_X+7,High,To Do,944.0,5.0,QA,3.0,0.0,3.0
3437,Task,QA Android,3,3432.0,REL_X+7,High,Blocked,944.0,5.0,QA,10.0,2.0,12.0
3438,User Story,Display Card Screen,5,3431.0,REL_X+7,High,In Review,,,,,,
3439,Task,QA iOS,1,3438.0,REL_X+7,High,Blocked,766.0,6.0,QA,3.0,0.0,3.0
3440,User Story,Verify Email,6,3431.0,REL_X+7,High,In Progress,,,,,,
3441,Task,Android development task -1,2,3440.0,REL_X+7,High,In Progress,922.0,4.0,Android,8.0,1.0,9.0
3442,Task,Android development task -1,1,3440.0,REL_X+7,High,In Review,922.0,4.0,Android,4.0,0.0,4.0
3443,Task,QA Testing,1,3440.0,REL_X+7,High,In Progress,922.0,4.0,QA,6.0,1.0,7.0
3444,Task,Android UI implementation,1,3440.0,REL_X+7,High,In Progress,922.0,4.0,Android,3.0,0.0,3.0
3445,Task,iOS development task 1,1,3440.0,REL_X+7,High,Blocked,922.0,4.0,iOS,3.0,0.0,3.0
3446,Business Story,Update Card,13,3430.0,REL_X+7,High,Blocked,,,,,,
3447,User Story,Verify Email,5,3446.0,REL_X+7,High,Done,,,,,,
3448,Task,Back end development task -2,3,3447.0,REL_X+7,High,In Review,1130.0,4.0,Backend,16.0,0.0,16.0
3449,Task,QA iOS,1,3447.0,REL_X+7,High,To Do,1130.0,4.0,QA,4.0,0.0,4.0
3450,Task,Android development task -1,2,3447.0,REL_X+7,High,To Do,1130.0,4.0,Android,10.0,1.0,11.0
3451,Task,Back end development task -1,2,3447.0,REL_X+7,High,In Review,1130.0,4.0,Backend,11.0,2.0,13.0
3452,User Story,Display Card Screen,3,3446.0,REL_X+7,High,Blocked,,,,,,
3453,Task,Android UI implementation,1,3452.0,REL_X+7,High,In Review,685.0,3.0,Android,5.0,1.0,6.0
3454,Task,Back end development task -2,3,3452.0,REL_X+7,High,Blocked,685.0,3.0,Backend,18.0,0.0,18.0
3455,Task,QA Testing,1,3452.0,REL_X+7,High,In Progress,685.0,3.0,QA,3.0,0.0,3.0
3456,Task,Backend API development,1,3452.0,REL_X+7,High,In Progress,685.0,3.0,Backend,6.0,1.0,7.0
3457,Task,Android development task -1,2,3452.0,REL_X+7,High,Done,685.0,3.0,Android,7.0,0.0,7.0
3458,User Story,Transaction history,5,3446.0,REL_X+7,High,Blocked,,,,,,
3459,Task,Back end development task -2,1,3458.0,REL_X+7,High,Blocked,452.0,2.0,Backend,4.0,0.0,4.0
3460,Feature,Transaction History,34,3429.0,REL_X+7,High,Done,,,,,,
3461,Business Story,Password Reset,10,3460.0,REL_X+7,High,Blocked,,,,,,
3462,User Story,Error Handling,3,3461.0,REL_X+7,High,To Do,,,,,,
3463,Task,iOS development task 1,2,3462.0,REL_X+7,High,In Progress,335.0,5.0,iOS,12.0,0.0,12.0
3464,User Story,Transaction history,5,3461.0,REL_X+7,High,In Progress,,,,,,
3465,Task,iOS development task 1,1,3464.0,REL_X+7,High,Done,1378.0,5.0,iOS,6.0,1.0,7.0
3466,Task,QA Android,3,3464.0,REL_X+7,High,Done,1378.0,5.0,QA,13.0,2.0,15.0
3467,Task,QA iOS,2,3464.0,REL_X+7,High,Closed,1378.0,5.0,QA,8.0,0.0,8.0
3468,Task,iOS development task 1,3,3464.0,REL_X+7,High,To Do,1378.0,5.0,iOS,12.0,0.0,12.0
3469,User Story,Review transfer,5,3461.0,REL_X+7,High,In Review,,,,,,
3470,Task,Android development task -1,1,3469.0,REL_X+7,High,Done,673.0,2.0,Android,6.0,0.0,6.0
3471,Task,Android development task -1,3,3469.0,REL_X+7,High,In Progress,673.0,2.0,Android,13.0,0.0,13.0
3472,Task,Back end development task -1,3,3469.0,REL_X+7,High,Blocked,673.0,2.0,Backend,12.0,0.0,12.0
3473,Task,Android development task -1,3,3469.0,REL_X+7,High,Blocked,673.0,2.0,Android,17.0,2.0,19.0
3474,Task,Backend API development,1,3469.0,REL_X+7,High,To Do,673.0,2.0,Backend,5.0,1.0,6.0
3475,Business Story,Update Card,13,3460.0,REL_X+7,High,In Progress,,,,,,
3476,User Story,Error Handling,5,3475.0,REL_X+7,High,Closed,,,,,,
3477,Task,Back end development task -2,1,3476.0,REL_X+7,High,Blocked,136.0,6.0,Backend,6.0,0.0,6.0
3478,Task,QA Testing,3,3476.0,REL_X+7,High,To Do,136.0,6.0,QA,14.0,1.0,15.0
3479,Task,Android development task -1,1,3476.0,REL_X+7,High,Done,136.0,6.0,Android,6.0,1.0,7.0
3480,Epic,Payments,55,,REL_X+8,Critical,In Progress,,,,,,
3481,Feature,Recurring Billing,21,3480.0,REL_X+8,Critical,In Progress,,,,,,
3482,Business Story,Payment Callback,9,3481.0,REL_X+8,Critical,To Do,,,,,,
3483,User Story,Display Card Screen,6,3482.0,REL_X+8,Critical,To Do,,,,,,
3484,Task,iOS UI implementation,1,3483.0,REL_X+8,Critical,To Do,308.0,4.0,iOS,3.0,0.0,3.0
3485,Task,Back end development task -1,1,3483.0,REL_X+8,Critical,In Review,308.0,4.0,Backend,3.0,0.0,3.0
3486,Task,QA Android,2,3483.0,REL_X+8,Critical,In Review,308.0,4.0,QA,12.0,2.0,14.0
3487,Task,Environment setup,1,3483.0,REL_X+8,Critical,To Do,308.0,4.0,DevOps,5.0,1.0,6.0
3488,Task,Back end development task -2,3,3483.0,REL_X+8,Critical,Done,308.0,4.0,Backend,10.0,0.0,10.0
3489,Business Story,Password Reset,10,3481.0,REL_X+8,Critical,To Do,,,,,,
3490,User Story,Make a transfer,7,3489.0,REL_X+8,Critical,Blocked,,,,,,
3491,Task,Android development task -1,2,3490.0,REL_X+8,Critical,Done,221.0,1.0,Android,10.0,0.0,10.0
3492,Task,Android development task -1,1,3490.0,REL_X+8,Critical,In Progress,221.0,1.0,Android,6.0,1.0,7.0
3493,Task,iOS development task 1,1,3490.0,REL_X+8,Critical,To Do,221.0,1.0,iOS,4.0,0.0,4.0
3494,Business Story,Remove Card,13,3481.0,REL_X+8,Critical,Blocked,,,,,,
3495,User Story,Make a transfer,7,3494.0,REL_X+8,Critical,In Review,,,,,,
3496,Task,Android development task -1,2,3495.0,REL_X+8,Critical,Blocked,1043.0,1.0,Android,12.0,1.0,13.0
3497,Task,Back end development task -1,2,3495.0,REL_X+8,Critical,Closed,1043.0,1.0,Backend,12.0,1.0,13.0
3498,Task,QA iOS,1,3495.0,REL_X+8,Critical,Closed,1043.0,1.0,QA,6.0,0.0,6.0
3499,User Story,Payment Form,4,3494.0,REL_X+8,Critical,To Do,,,,,,
3500,Task,iOS development task 1,1,3499.0,REL_X+8,Critical,In Progress,121.0,5.0,iOS,6.0,0.0,6.0
3501,Task,Environment setup,1,3499.0,REL_X+8,Critical,Done,121.0,5.0,DevOps,5.0,1.0,6.0
3502,Task,Back end development task -1,2,3499.0,REL_X+8,Critical,To Do,121.0,5.0,Backend,9.0,1.0,10.0
3503,Task,Android development task -1,3,3499.0,REL_X+8,Critical,Closed,121.0,5.0,Android,12.0,1.0,13.0
3504,Task,Back end development task -2,1,3499.0,REL_X+8,Critical,In Review,121.0,5.0,Backend,6.0,0.0,6.0
3505,Feature,Transaction History,34,3480.0,REL_X+8,Critical,To Do,,,,,,
3506,Business Story,Add Card,13,3505.0,REL_X+8,Critical,Blocked,,,,,,
3507,User Story,Payment Form,5,3506.0,REL_X+8,Critical,Blocked,,,,,,
3508,Task,Android UI implementation,1,3507.0,REL_X+8,Critical,Closed,1606.0,6.0,Android,5.0,1.0,6.0
3509,Task,QA iOS,3,3507.0,REL_X+8,Critical,To Do,1606.0,6.0,QA,18.0,1.0,19.0
3510,Task,QA iOS,3,3507.0,REL_X+8,Critical,Blocked,1606.0,6.0,QA,15.0,0.0,15.0
3511,Business Story,Sign Up,11,3505.0,REL_X+8,Critical,In Review,,,,,,
3512,User Story,Display Card Menu,7,3511.0,REL_X+8,Critical,In Progress,,,,,,
3513,Task,QA Testing,3,3512.0,REL_X+8,Critical,In Progress,1051.0,1.0,QA,12.0,2.0,14.0
3514,Task,iOS UI implementation,1,3512.0,REL_X+8,Critical,Closed,1051.0,1.0,iOS,3.0,0.0,3.0
3515,Task,QA iOS,3,3512.0,REL_X+8,Critical,To Do,1051.0,1.0,QA,14.0,1.0,15.0
3516,Task,iOS development task 1,1,3512.0,REL_X+8,Critical,In Progress,1051.0,1.0,iOS,4.0,0.0,4.0
3517,Task,QA iOS,2,3512.0,REL_X+8,Critical,Closed,1051.0,1.0,QA,12.0,2.0,14.0
3518,Feature,Audit Logs,21,3480.0,REL_X+8,Critical,Done,,,,,,
3519,Business Story,Payment Validation,9,3518.0,REL_X+8,Critical,Blocked,,,,,,
3520,User Story,Display Card Menu,5,3519.0,REL_X+8,Critical,Blocked,,,,,,
3521,Task,QA iOS,1,3520.0,REL_X+8,Critical,Blocked,92.0,4.0,QA,3.0,0.0,3.0
3522,Task,Android UI implementation,3,3520.0,REL_X+8,Critical,In Review,92.0,4.0,Android,18.0,1.0,19.0
3523,Task,Back end development task -1,1,3520.0,REL_X+8,Critical,In Progress,92.0,4.0,Backend,5.0,0.0,5.0
3524,User Story,Payment Form,5,3519.0,REL_X+8,Critical,Done,,,,,,
3525,Task,iOS development task 1,1,3524.0,REL_X+8,Critical,In Progress,521.0,5.0,iOS,4.0,0.0,4.0
3526,Task,Android UI implementation,1,3524.0,REL_X+8,Critical,To Do,521.0,5.0,Android,3.0,0.0,3.0
3527,Task,Environment setup,3,3524.0,REL_X+8,Critical,Done,521.0,5.0,DevOps,13.0,2.0,15.0
3528,Task,iOS UI implementation,1,3524.0,REL_X+8,Critical,Blocked,521.0,5.0,iOS,5.0,0.0,5.0
3529,User Story,Transaction history,8,3519.0,REL_X+8,Critical,In Progress,,,,,,
3530,Task,Android development task -1,2,3529.0,REL_X+8,Critical,Blocked,1094.0,3.0,Android,12.0,0.0,12.0
3531,Task,QA iOS,1,3529.0,REL_X+8,Critical,Closed,1094.0,3.0,QA,4.0,0.0,4.0
3532,Task,iOS UI implementation,1,3529.0,REL_X+8,Critical,To Do,1094.0,3.0,iOS,4.0,0.0,4.0
3533,Task,iOS development task 1,1,3529.0,REL_X+8,Critical,Closed,1094.0,3.0,iOS,5.0,0.0,5.0
3534,Task,Android development task -1,2,3529.0,REL_X+8,Critical,Blocked,1094.0,3.0,Android,9.0,0.0,9.0
3535,Business Story,Password Reset,10,3518.0,REL_X+8,Critical,In Progress,,,,,,
3536,User Story,Make a transfer,6,3535.0,REL_X+8,Critical,In Review,,,,,,
3537,Task,Environment setup,1,3536.0,REL_X+8,Critical,To Do,634.0,1.0,DevOps,4.0,0.0,4.0
3538,Task,Back end development task -1,1,3536.0,REL_X+8,Critical,To Do,634.0,1.0,Backend,5.0,0.0,5.0
3539,Task,Android UI implementation,1,3536.0,REL_X+8,Critical,Blocked,634.0,1.0,Android,6.0,0.0,6.0
3540,Task,iOS development task 1,2,3536.0,REL_X+8,Critical,In Review,634.0,1.0,iOS,8.0,0.0,8.0
3541,Task,QA iOS,1,3536.0,REL_X+8,Critical,Closed,634.0,1.0,QA,4.0,0.0,4.0
3542,User Story,Send email,3,3535.0,REL_X+8,Critical,Done,,,,,,
3543,Task,Environment setup,1,3542.0,REL_X+8,Critical,Done,1648.0,8.0,DevOps,5.0,0.0,5.0
3544,User Story,Display Card Screen,7,3535.0,REL_X+8,Critical,Done,,,,,,
3545,Task,QA Android,1,3544.0,REL_X+8,Critical,To Do,398.0,8.0,QA,6.0,1.0,7.0
3546,Task,Backend API development,1,3544.0,REL_X+8,Critical,Done,398.0,8.0,Backend,4.0,0.0,4.0
3547,Task,Environment setup,3,3544.0,REL_X+8,Critical,Blocked,398.0,8.0,DevOps,12.0,2.0,14.0
3548,Task,Android UI implementation,1,3544.0,REL_X+8,Critical,To Do,398.0,8.0,Android,5.0,0.0,5.0
3549,Business Story,View Cards,12,3518.0,REL_X+8,Critical,To Do,,,,,,
3550,User Story,Review transfer,5,3549.0,REL_X+8,Critical,To Do,,,,,,
3551,Task,QA iOS,1,3550.0,REL_X+8,Critical,Blocked,1362.0,5.0,QA,3.0,0.0,3.0
3552,Task,Environment setup,1,3550.0,REL_X+8,Critical,Done,1362.0,5.0,DevOps,3.0,0.0,3.0
3553,Task,Android development task -1,1,3550.0,REL_X+8,Critical,Done,1362.0,5.0,Android,5.0,0.0,5.0
3554,User Story,Display Card Menu,7,3549.0,REL_X+8,Critical,Closed,,,,,,
3555,Task,Android development task -1,2,3554.0,REL_X+8,Critical,To Do,650.0,1.0,Android,9.0,1.0,10.0
3556,Task,iOS development task 1,1,3554.0,REL_X+8,Critical,Closed,650.0,1.0,iOS,5.0,0.0,5.0
3557,Epic,Security,55,,REL_X+8,Medium,In Review,,,,,,
3558,Feature,Custom Reports,34,3557.0,REL_X+8,Medium,In Review,,,,,,
3559,Business Story,Process Payment,9,3558.0,REL_X+8,Medium,Closed,,,,,,
3560,User Story,Verify Email,3,3559.0,REL_X+8,Medium,In Review,,,,,,
3561,Task,Environment setup,3,3560.0,REL_X+8,Medium,In Review,672.0,2.0,DevOps,17.0,0.0,17.0
3562,Task,iOS development task 1,1,3560.0,REL_X+8,Medium,In Review,672.0,2.0,iOS,5.0,1.0,6.0
3563,User Story,Display Card Menu,7,3559.0,REL_X+8,Medium,In Progress,,,,,,
3564,Task,Environment setup,1,3563.0,REL_X+8,Medium,Done,1181.0,6.0,DevOps,5.0,1.0,6.0
3565,Task,Environment setup,3,3563.0,REL_X+8,Medium,Done,1181.0,6.0,DevOps,17.0,2.0,19.0
3566,Business Story,Sign Up,11,3558.0,REL_X+8,Medium,Closed,,,,,,
3567,User Story,Display Card Screen,6,3566.0,REL_X+8,Medium,To Do,,,,,,
3568,Task,Environment setup,2,3567.0,REL_X+8,Medium,In Progress,639.0,1.0,DevOps,8.0,0.0,8.0
3569,Task,Environment setup,1,3567.0,REL_X+8,Medium,Blocked,639.0,1.0,DevOps,3.0,0.0,3.0
3570,Task,Back end development task -2,1,3567.0,REL_X+8,Medium,Done,639.0,1.0,Backend,5.0,1.0,6.0
3571,Task,iOS development task 1,1,3567.0,REL_X+8,Medium,In Review,639.0,1.0,iOS,4.0,0.0,4.0
3572,User Story,Verify Email,4,3566.0,REL_X+8,Medium,Closed,,,,,,
3573,Task,Back end development task -1,1,3572.0,REL_X+8,Medium,Closed,1166.0,5.0,Backend,4.0,0.0,4.0
3574,Feature,Account Settings,21,3557.0,REL_X+8,Medium,Closed,,,,,,
3575,Business Story,Password Reset,10,3574.0,REL_X+8,Medium,Closed,,,,,,
3576,User Story,Transaction history,5,3575.0,REL_X+8,Medium,To Do,,,,,,
3577,Task,Backend API development,1,3576.0,REL_X+8,Medium,In Progress,881.0,2.0,Backend,5.0,1.0,6.0
3578,Task,Backend API development,3,3576.0,REL_X+8,Medium,In Review,881.0,2.0,Backend,15.0,2.0,17.0
3579,User Story,Review transfer,5,3575.0,REL_X+8,Medium,To Do,,,,,,
3580,Task,iOS development task 1,2,3579.0,REL_X+8,Medium,To Do,1448.0,8.0,iOS,9.0,0.0,9.0
3581,Task,Backend API development,2,3579.0,REL_X+8,Medium,Closed,1448.0,8.0,Backend,11.0,1.0,12.0
3582,Task,Android development task -1,2,3579.0,REL_X+8,Medium,Done,1448.0,8.0,Android,12.0,2.0,14.0
3583,Task,iOS development task 1,3,3579.0,REL_X+8,Medium,Closed,1448.0,8.0,iOS,12.0,0.0,12.0
3584,User Story,Payment Form,3,3575.0,REL_X+8,Medium,In Progress,,,,,,
3585,Task,Environment setup,2,3584.0,REL_X+8,Medium,In Review,1526.0,3.0,DevOps,7.0,0.0,7.0
3586,Business Story,Add Card,13,3574.0,REL_X+8,Medium,To Do,,,,,,
3587,User Story,Display Card Menu,7,3586.0,REL_X+8,Medium,To Do,,,,,,
3588,Task,QA iOS,1,3587.0,REL_X+8,Medium,Closed,847.0,1.0,QA,4.0,0.0,4.0
3589,User Story,Review transfer,5,3586.0,REL_X+8,Medium,To Do,,,,,,
3590,Task,QA iOS,3,3589.0,REL_X+8,Medium,Blocked,1780.0,5.0,QA,15.0,2.0,17.0
3591,Task,QA Android,3,3589.0,REL_X+8,Medium,Blocked,1780.0,5.0,QA,11.0,0.0,11.0
3592,Task,QA Android,1,3589.0,REL_X+8,Medium,Blocked,1780.0,5.0,QA,4.0,0.0,4.0
3593,User Story,Display Card Screen,8,3586.0,REL_X+8,Medium,Blocked,,,,,,
3594,Task,Back end development task -1,1,3593.0,REL_X+8,Medium,To Do,101.0,4.0,Backend,4.0,0.0,4.0
3595,Task,Android UI implementation,2,3593.0,REL_X+8,Medium,To Do,101.0,4.0,Android,7.0,1.0,8.0
3596,Task,Android development task -1,1,3593.0,REL_X+8,Medium,Blocked,101.0,4.0,Android,5.0,0.0,5.0
3597,Feature,Email Service,21,3557.0,REL_X+8,Medium,To Do,,,,,,
3598,Business Story,Payment Validation,9,3597.0,REL_X+8,Medium,In Review,,,,,,
3599,User Story,Review transfer,5,3598.0,REL_X+8,Medium,In Review,,,,,,
3600,Task,Backend API development,1,3599.0,REL_X+8,Medium,Blocked,1720.0,3.0,Backend,6.0,0.0,6.0
3601,Task,Android development task -1,1,3599.0,REL_X+8,Medium,Blocked,1720.0,3.0,Android,4.0,0.0,4.0
3602,Task,Back end development task -1,3,3599.0,REL_X+8,Medium,To Do,1720.0,3.0,Backend,17.0,1.0,18.0
3603,Task,iOS development task 1,2,3599.0,REL_X+8,Medium,Closed,1720.0,3.0,iOS,10.0,1.0,11.0
3604,User Story,Payment Form,3,3598.0,REL_X+8,Medium,Closed,,,,,,
3605,Task,Backend API development,1,3604.0,REL_X+8,Medium,In Review,1058.0,1.0,Backend,3.0,0.0,3.0
3606,Task,iOS development task 1,3,3604.0,REL_X+8,Medium,Closed,1058.0,1.0,iOS,17.0,1.0,18.0
3607,Task,QA Testing,3,3604.0,REL_X+8,Medium,To Do,1058.0,1.0,QA,9.0,0.0,9.0
3608,Business Story,Remove Card,13,3597.0,REL_X+8,Medium,In Review,,,,,,
3609,User Story,Payment Confirmation,3,3608.0,REL_X+8,Medium,In Progress,,,,,,
3610,Task,Android development task -1,2,3609.0,REL_X+8,Medium,Closed,384.0,7.0,Android,9.0,1.0,10.0
3611,User Story,Verify Email,7,3608.0,REL_X+8,Medium,Done,,,,,,
3612,Task,QA Android,1,3611.0,REL_X+8,Medium,In Progress,409.0,8.0,QA,6.0,0.0,6.0
3613,Task,QA iOS,1,3611.0,REL_X+8,Medium,Blocked,409.0,8.0,QA,5.0,1.0,6.0
3614,Task,Back end development task -1,2,3611.0,REL_X+8,Medium,Blocked,409.0,8.0,Backend,9.0,0.0,9.0
3615,Task,Back end development task -1,2,3611.0,REL_X+8,Medium,In Progress,409.0,8.0,Backend,6.0,0.0,6.0
3616,User Story,Send email,5,3608.0,REL_X+8,Medium,To Do,,,,,,
3617,Task,iOS UI implementation,2,3616.0,REL_X+8,Medium,To Do,420.0,1.0,iOS,11.0,0.0,11.0
3618,Task,Android UI implementation,2,3616.0,REL_X+8,Medium,In Progress,420.0,1.0,Android,7.0,0.0,7.0
3619,Task,QA Android,1,3616.0,REL_X+8,Medium,Done,420.0,1.0,QA,5.0,0.0,5.0
3620,Task,iOS UI implementation,1,3616.0,REL_X+8,Medium,In Progress,420.0,1.0,iOS,5.0,1.0,6.0
3621,Business Story,Process Payment,9,3597.0,REL_X+8,Medium,To Do,,,,,,
3622,User Story,Review transfer,3,3621.0,REL_X+8,Medium,In Review,,,,,,
3623,Task,Back end development task -1,1,3622.0,REL_X+8,Medium,Closed,1621.0,7.0,Backend,5.0,0.0,5.0
3624,Task,Back end development task -1,3,3622.0,REL_X+8,Medium,Blocked,1621.0,7.0,Backend,16.0,1.0,17.0
3625,Task,QA iOS,1,3622.0,REL_X+8,Medium,To Do,1621.0,7.0,QA,4.0,0.0,4.0
3626,Task,iOS UI implementation,2,3622.0,REL_X+8,Medium,Done,1621.0,7.0,iOS,8.0,1.0,9.0
3627,Task,QA iOS,1,3622.0,REL_X+8,Medium,Closed,1621.0,7.0,QA,3.0,0.0,3.0
3628,User Story,Display Card Screen,5,3621.0,REL_X+8,Medium,In Progress,,,,,,
3629,Task,Back end development task -1,2,3628.0,REL_X+8,Medium,In Progress,1685.0,1.0,Backend,11.0,0.0,11.0
3630,Task,QA Android,1,3628.0,REL_X+8,Medium,To Do,1685.0,1.0,QA,5.0,1.0,6.0
3631,Epic,Reporting,55,,REL_X+5,Medium,To Do,,,,,,
3632,Feature,Refunds,34,3631.0,REL_X+5,Medium,Closed,,,,,,
3633,Business Story,Password Reset,10,3632.0,REL_X+5,Medium,In Progress,,,,,,
3634,User Story,Verify Email,4,3633.0,REL_X+5,Medium,To Do,,,,,,
3635,Task,iOS UI implementation,1,3634.0,REL_X+5,Medium,To Do,1092.0,2.0,iOS,4.0,0.0,4.0
3636,Task,Android development task -1,1,3634.0,REL_X+5,Medium,Closed,1092.0,2.0,Android,6.0,0.0,6.0
3637,User Story,Display Card Menu,7,3633.0,REL_X+5,Medium,In Review,,,,,,
3638,Task,QA iOS,3,3637.0,REL_X+5,Medium,Done,1462.0,1.0,QA,11.0,2.0,13.0
3639,Task,QA Android,3,3637.0,REL_X+5,Medium,Done,1462.0,1.0,QA,15.0,1.0,16.0
3640,Task,Android UI implementation,1,3637.0,REL_X+5,Medium,Closed,1462.0,1.0,Android,5.0,0.0,5.0
3641,Task,Back end development task -1,1,3637.0,REL_X+5,Medium,Done,1462.0,1.0,Backend,5.0,1.0,6.0
3642,Task,Android UI implementation,3,3637.0,REL_X+5,Medium,Closed,1462.0,1.0,Android,18.0,0.0,18.0
3643,Business Story,Update Card,13,3632.0,REL_X+5,Medium,In Progress,,,,,,
3644,User Story,Review transfer,6,3643.0,REL_X+5,Medium,Done,,,,,,
3645,Task,QA Testing,1,3644.0,REL_X+5,Medium,Done,1756.0,4.0,QA,4.0,0.0,4.0
3646,Business Story,Remove Card,13,3632.0,REL_X+5,Medium,In Progress,,,,,,
3647,User Story,Review transfer,8,3646.0,REL_X+5,Medium,Done,,,,,,
3648,Task,Environment setup,1,3647.0,REL_X+5,Medium,Done,1758.0,4.0,DevOps,3.0,0.0,3.0
3649,Task,Environment setup,1,3647.0,REL_X+5,Medium,In Progress,1758.0,4.0,DevOps,5.0,0.0,5.0
3650,Task,Back end development task -2,1,3647.0,REL_X+5,Medium,In Progress,1758.0,4.0,Backend,4.0,0.0,4.0
3651,Task,Environment setup,2,3647.0,REL_X+5,Medium,To Do,1758.0,4.0,DevOps,10.0,1.0,11.0
3652,Task,iOS UI implementation,2,3647.0,REL_X+5,Medium,Closed,1758.0,4.0,iOS,10.0,0.0,10.0
3653,User Story,Make a transfer,6,3646.0,REL_X+5,Medium,Blocked,,,,,,
3654,Task,QA iOS,1,3653.0,REL_X+5,Medium,Closed,338.0,5.0,QA,3.0,0.0,3.0
3655,Task,Back end development task -1,3,3653.0,REL_X+5,Medium,In Review,338.0,5.0,Backend,9.0,0.0,9.0
3656,Task,QA iOS,2,3653.0,REL_X+5,Medium,Done,338.0,5.0,QA,12.0,2.0,14.0
3657,User Story,Error Handling,3,3646.0,REL_X+5,Medium,Closed,,,,,,
3658,Task,iOS development task 1,1,3657.0,REL_X+5,Medium,Closed,390.0,7.0,iOS,5.0,0.0,5.0
3659,Task,Back end development task -1,2,3657.0,REL_X+5,Medium,Blocked,390.0,7.0,Backend,8.0,1.0,9.0
3660,Task,iOS development task 1,2,3657.0,REL_X+5,Medium,In Review,390.0,7.0,iOS,10.0,2.0,12.0
3661,Task,Android development task -1,1,3657.0,REL_X+5,Medium,Done,390.0,7.0,Android,3.0,0.0,3.0
3662,Feature,Encryption,21,3631.0,REL_X+5,Medium,Closed,,,,,,
3663,Business Story,Sign Up,11,3662.0,REL_X+5,Medium,In Progress,,,,,,
3664,User Story,Transaction history,5,3663.0,REL_X+5,Medium,To Do,,,,,,
3665,Task,QA Testing,1,3664.0,REL_X+5,Medium,To Do,644.0,1.0,QA,6.0,1.0,7.0
3666,Task,Back end development task -2,2,3664.0,REL_X+5,Medium,In Progress,644.0,1.0,Backend,6.0,1.0,7.0
3667,Task,Backend API development,1,3664.0,REL_X+5,Medium,In Review,644.0,1.0,Backend,5.0,0.0,5.0
3668,Task,iOS development task 1,2,3664.0,REL_X+5,Medium,Done,644.0,1.0,iOS,9.0,1.0,10.0
3669,Business Story,Process Payment,9,3662.0,REL_X+5,Medium,To Do,,,,,,
3670,User Story,Verify Email,4,3669.0,REL_X+5,Medium,In Review,,,,,,
3671,Task,QA iOS,1,3670.0,REL_X+5,Medium,In Review,1048.0,1.0,QA,3.0,0.0,3.0
3672,Task,QA iOS,2,3670.0,REL_X+5,Medium,Done,1048.0,1.0,QA,9.0,0.0,9.0
3673,Business Story,Remove Card,13,3662.0,REL_X+5,Medium,Closed,,,,,,
3674,User Story,Payment Form,3,3673.0,REL_X+5,Medium,In Progress,,,,,,
3675,Task,Android UI implementation,2,3674.0,REL_X+5,Medium,Done,493.0,3.0,Android,12.0,0.0,12.0
3676,Task,QA iOS,1,3674.0,REL_X+5,Medium,To Do,493.0,3.0,QA,3.0,0.0,3.0
3677,Task,iOS development task 1,3,3674.0,REL_X+5,Medium,To Do,493.0,3.0,iOS,13.0,2.0,15.0
3678,Task,Back end development task -1,1,3674.0,REL_X+5,Medium,Done,493.0,3.0,Backend,5.0,0.0,5.0
3679,Epic,Reporting,55,,REL_X+9,Medium,Done,,,,,,
3680,Feature,Dashboard,34,3679.0,REL_X+9,Medium,Done,,,,,,
3681,Business Story,Password Reset,10,3680.0,REL_X+9,Medium,In Progress,,,,,,
3682,User Story,Display Card Screen,4,3681.0,REL_X+9,Medium,Blocked,,,,,,
3683,Task,QA iOS,2,3682.0,REL_X+9,Medium,Closed,1268.0,1.0,QA,11.0,2.0,13.0
3684,Task,Android development task -1,1,3682.0,REL_X+9,Medium,In Progress,1268.0,1.0,Android,4.0,0.0,4.0
3685,Task,iOS UI implementation,2,3682.0,REL_X+9,Medium,Closed,1268.0,1.0,iOS,7.0,1.0,8.0
3686,Business Story,Sign Up,11,3680.0,REL_X+9,Medium,Closed,,,,,,
3687,User Story,Verify Email,5,3686.0,REL_X+9,Medium,In Review,,,,,,
3688,Task,Back end development task -2,3,3687.0,REL_X+9,Medium,Blocked,169.0,7.0,Backend,13.0,2.0,15.0
3689,Task,QA iOS,1,3687.0,REL_X+9,Medium,To Do,169.0,7.0,QA,5.0,1.0,6.0
3690,Task,QA iOS,1,3687.0,REL_X+9,Medium,In Review,169.0,7.0,QA,4.0,0.0,4.0
3691,Task,QA iOS,1,3687.0,REL_X+9,Medium,Blocked,169.0,7.0,QA,3.0,0.0,3.0
3692,User Story,Review transfer,5,3686.0,REL_X+9,Medium,Blocked,,,,,,
3693,Task,Android development task -1,2,3692.0,REL_X+9,Medium,Done,1623.0,7.0,Android,12.0,2.0,14.0
3694,Task,Back end development task -1,2,3692.0,REL_X+9,Medium,In Review,1623.0,7.0,Backend,11.0,0.0,11.0
3695,Task,Back end development task -1,2,3692.0,REL_X+9,Medium,In Progress,1623.0,7.0,Backend,10.0,2.0,12.0
3696,User Story,Display Card Screen,7,3686.0,REL_X+9,Medium,In Review,,,,,,
3697,Task,Android UI implementation,2,3696.0,REL_X+9,Medium,Closed,680.0,3.0,Android,11.0,0.0,11.0
3698,Task,QA iOS,1,3696.0,REL_X+9,Medium,In Progress,680.0,3.0,QA,3.0,0.0,3.0
3699,Feature,Refunds,34,3679.0,REL_X+9,Medium,In Progress,,,,,,
3700,Business Story,View Cards,12,3699.0,REL_X+9,Medium,In Progress,,,,,,
3701,User Story,Transaction history,5,3700.0,REL_X+9,Medium,In Progress,,,,,,
3702,Task,iOS development task 1,1,3701.0,REL_X+9,Medium,Closed,1653.0,8.0,iOS,6.0,1.0,7.0
3703,Task,iOS development task 1,2,3701.0,REL_X+9,Medium,In Progress,1653.0,8.0,iOS,10.0,0.0,10.0
3704,User Story,Send email,5,3700.0,REL_X+9,Medium,Closed,,,,,,
3705,Task,QA Testing,1,3704.0,REL_X+9,Medium,In Progress,1391.0,6.0,QA,6.0,1.0,7.0
3706,Task,Back end development task -2,3,3704.0,REL_X+9,Medium,To Do,1391.0,6.0,Backend,9.0,0.0,9.0
3707,User Story,Display Card Screen,8,3700.0,REL_X+9,Medium,Done,,,,,,
3708,Task,QA Testing,2,3707.0,REL_X+9,Medium,To Do,1560.0,4.0,QA,8.0,1.0,9.0
3709,Task,Android UI implementation,3,3707.0,REL_X+9,Medium,To Do,1560.0,4.0,Android,15.0,0.0,15.0
3710,Task,QA iOS,1,3707.0,REL_X+9,Medium,Done,1560.0,4.0,QA,3.0,0.0,3.0
3711,Task,iOS development task 1,1,3707.0,REL_X+9,Medium,Done,1560.0,4.0,iOS,6.0,0.0,6.0
3712,Task,Android development task -1,3,3707.0,REL_X+9,Medium,In Progress,1560.0,4.0,Android,17.0,0.0,17.0
3713,Business Story,Email Verification,10,3699.0,REL_X+9,Medium,Closed,,,,,,
3714,User Story,Send email,5,3713.0,REL_X+9,Medium,Blocked,,,,,,
3715,Task,iOS development task 1,3,3714.0,REL_X+9,Medium,Done,541.0,5.0,iOS,15.0,0.0,15.0
3716,Task,QA Android,1,3714.0,REL_X+9,Medium,To Do,541.0,5.0,QA,5.0,0.0,5.0
3717,Task,Environment setup,1,3714.0,REL_X+9,Medium,Done,541.0,5.0,DevOps,3.0,0.0,3.0
3718,User Story,Payment Form,5,3713.0,REL_X+9,Medium,Done,,,,,,
3719,Task,Android development task -1,1,3718.0,REL_X+9,Medium,In Review,588.0,7.0,Android,6.0,1.0,7.0
3720,Epic,Accounts,55,,REL_X+4,Critical,In Progress,,,,,,
3721,Feature,Transaction History,34,3720.0,REL_X+4,Critical,Done,,,,,,
3722,Business Story,Remove Card,13,3721.0,REL_X+4,Critical,Blocked,,,,,,
3723,User Story,Send email,5,3722.0,REL_X+4,Critical,To Do,,,,,,
3724,Task,Android development task -1,1,3723.0,REL_X+4,Critical,In Review,523.0,5.0,Android,6.0,0.0,6.0
3725,User Story,Error Handling,5,3722.0,REL_X+4,Critical,In Review,,,,,,
3726,Task,Backend API development,1,3725.0,REL_X+4,Critical,To Do,487.0,3.0,Backend,3.0,0.0,3.0
3727,Task,Android development task -1,1,3725.0,REL_X+4,Critical,In Progress,487.0,3.0,Android,3.0,0.0,3.0
3728,Task,Back end development task -2,2,3725.0,REL_X+4,Critical,Blocked,487.0,3.0,Backend,7.0,1.0,8.0
3729,Task,Backend API development,3,3725.0,REL_X+4,Critical,Blocked,487.0,3.0,Backend,10.0,0.0,10.0
3730,Business Story,View Cards,12,3721.0,REL_X+4,Critical,In Progress,,,,,,
3731,User Story,Payment Form,8,3730.0,REL_X+4,Critical,In Progress,,,,,,
3732,Task,QA Android,1,3731.0,REL_X+4,Critical,To Do,205.0,8.0,QA,5.0,1.0,6.0
3733,Task,iOS UI implementation,2,3731.0,REL_X+4,Critical,Done,205.0,8.0,iOS,7.0,1.0,8.0
3734,User Story,Display Card Screen,4,3730.0,REL_X+4,Critical,Closed,,,,,,
3735,Task,iOS UI implementation,2,3734.0,REL_X+4,Critical,Done,1736.0,3.0,iOS,11.0,0.0,11.0
3736,Task,QA Android,3,3734.0,REL_X+4,Critical,Closed,1736.0,3.0,QA,13.0,1.0,14.0
3737,Task,Back end development task -2,1,3734.0,REL_X+4,Critical,Done,1736.0,3.0,Backend,5.0,0.0,5.0
3738,Task,Android UI implementation,2,3734.0,REL_X+4,Critical,In Progress,1736.0,3.0,Android,8.0,1.0,9.0
3739,User Story,Send email,5,3730.0,REL_X+4,Critical,Closed,,,,,,
3740,Task,Android development task -1,1,3739.0,REL_X+4,Critical,Closed,1870.0,8.0,Android,4.0,0.0,4.0
3741,Task,QA Android,2,3739.0,REL_X+4,Critical,To Do,1870.0,8.0,QA,6.0,0.0,6.0
3742,Task,QA Android,1,3739.0,REL_X+4,Critical,Done,1870.0,8.0,QA,3.0,0.0,3.0
3743,Task,QA Android,3,3739.0,REL_X+4,Critical,In Review,1870.0,8.0,QA,18.0,0.0,18.0
3744,Task,Android development task -1,2,3739.0,REL_X+4,Critical,In Review,1870.0,8.0,Android,6.0,1.0,7.0
3745,Feature,Refunds,34,3720.0,REL_X+4,Critical,Done,,,,,,
3746,Business Story,Password Reset,10,3745.0,REL_X+4,Critical,Done,,,,,,
3747,User Story,Verify Email,3,3746.0,REL_X+4,Critical,Done,,,,,,
3748,Task,QA Android,2,3747.0,REL_X+4,Critical,In Progress,606.0,8.0,QA,11.0,2.0,13.0
3749,Task,Android development task -1,1,3747.0,REL_X+4,Critical,To Do,606.0,8.0,Android,3.0,0.0,3.0
3750,User Story,Transaction history,6,3746.0,REL_X+4,Critical,In Review,,,,,,
3751,Task,QA Android,3,3750.0,REL_X+4,Critical,In Progress,1167.0,5.0,QA,12.0,0.0,12.0
3752,Task,Back end development task -1,1,3750.0,REL_X+4,Critical,Blocked,1167.0,5.0,Backend,4.0,0.0,4.0
3753,Task,Back end development task -2,1,3750.0,REL_X+4,Critical,In Progress,1167.0,5.0,Backend,3.0,0.0,3.0
3754,Task,Backend API development,2,3750.0,REL_X+4,Critical,To Do,1167.0,5.0,Backend,9.0,1.0,10.0
3755,Task,Android UI implementation,1,3750.0,REL_X+4,Critical,Done,1167.0,5.0,Android,4.0,0.0,4.0
3756,User Story,Payment Form,8,3746.0,REL_X+4,Critical,Closed,,,,,,
3757,Task,Back end development task -1,1,3756.0,REL_X+4,Critical,Done,468.0,2.0,Backend,5.0,0.0,5.0
3758,Task,Android development task -1,2,3756.0,REL_X+4,Critical,In Review,468.0,2.0,Android,10.0,0.0,10.0
3759,Task,Back end development task -1,3,3756.0,REL_X+4,Critical,In Progress,468.0,2.0,Backend,15.0,0.0,15.0
3760,Task,iOS UI implementation,1,3756.0,REL_X+4,Critical,Done,468.0,2.0,iOS,4.0,0.0,4.0
3761,Task,QA Android,2,3756.0,REL_X+4,Critical,Closed,468.0,2.0,QA,7.0,1.0,8.0
3762,Business Story,Payment Callback,9,3745.0,REL_X+4,Critical,In Review,,,,,,
3763,User Story,Payment Confirmation,5,3762.0,REL_X+4,Critical,Blocked,,,,,,
3764,Task,Environment setup,3,3763.0,REL_X+4,Critical,Done,706.0,4.0,DevOps,12.0,0.0,12.0
3765,Task,QA Testing,3,3763.0,REL_X+4,Critical,Closed,706.0,4.0,QA,10.0,2.0,12.0
3766,Task,Android development task -1,2,3763.0,REL_X+4,Critical,In Review,706.0,4.0,Android,12.0,2.0,14.0
3767,Task,QA iOS,3,3763.0,REL_X+4,Critical,In Progress,706.0,4.0,QA,10.0,1.0,11.0
3768,Epic,Security,55,,REL_X+8,Medium,In Progress,,,,,,
3769,Feature,Authorization,34,3768.0,REL_X+8,Medium,To Do,,,,,,
3770,Business Story,Process Payment,9,3769.0,REL_X+8,Medium,To Do,,,,,,
3771,User Story,Payment Confirmation,5,3770.0,REL_X+8,Medium,Blocked,,,,,,
3772,Task,Environment setup,3,3771.0,REL_X+8,Medium,Done,1859.0,8.0,DevOps,10.0,1.0,11.0
3773,Task,QA Android,1,3771.0,REL_X+8,Medium,To Do,1859.0,8.0,QA,4.0,0.0,4.0
3774,Task,Back end development task -2,3,3771.0,REL_X+8,Medium,Done,1859.0,8.0,Backend,15.0,0.0,15.0
3775,Task,iOS development task 1,1,3771.0,REL_X+8,Medium,To Do,1859.0,8.0,iOS,3.0,0.0,3.0
3776,Business Story,View Cards,12,3769.0,REL_X+8,Medium,Blocked,,,,,,
3777,User Story,Make a transfer,4,3776.0,REL_X+8,Medium,Done,,,,,,
3778,Task,Android development task -1,1,3777.0,REL_X+8,Medium,Closed,908.0,3.0,Android,5.0,0.0,5.0
3779,Task,iOS development task 1,1,3777.0,REL_X+8,Medium,Blocked,908.0,3.0,iOS,6.0,1.0,7.0
3780,Task,Android development task -1,1,3777.0,REL_X+8,Medium,In Progress,908.0,3.0,Android,3.0,0.0,3.0
3781,Task,Backend API development,2,3777.0,REL_X+8,Medium,Done,908.0,3.0,Backend,9.0,0.0,9.0
3782,User Story,Payment Confirmation,4,3776.0,REL_X+8,Medium,To Do,,,,,,
3783,Task,QA Testing,2,3782.0,REL_X+8,Medium,Blocked,1138.0,4.0,QA,12.0,1.0,13.0
3784,Feature,Email Service,21,3768.0,REL_X+8,Medium,To Do,,,,,,
3785,Business Story,Payment Callback,9,3784.0,REL_X+8,Medium,In Review,,,,,,
3786,User Story,Verify Email,8,3785.0,REL_X+8,Medium,Closed,,,,,,
3787,Task,Environment setup,3,3786.0,REL_X+8,Medium,Blocked,1093.0,3.0,DevOps,12.0,0.0,12.0
3788,Task,Back end development task -1,1,3786.0,REL_X+8,Medium,In Review,1093.0,3.0,Backend,4.0,0.0,4.0
3789,Task,QA iOS,1,3786.0,REL_X+8,Medium,Blocked,1093.0,3.0,QA,6.0,0.0,6.0
3790,Business Story,Remove Card,13,3784.0,REL_X+8,Medium,Done,,,,,,
3791,User Story,Payment Form,3,3790.0,REL_X+8,Medium,In Progress,,,,,,
3792,Task,Environment setup,2,3791.0,REL_X+8,Medium,To Do,1389.0,6.0,DevOps,6.0,1.0,7.0
3793,Feature,Authentication,34,3768.0,REL_X+8,Medium,In Progress,,,,,,
3794,Business Story,View Cards,12,3793.0,REL_X+8,Medium,In Progress,,,,,,
3795,User Story,Payment Form,5,3794.0,REL_X+8,Medium,In Review,,,,,,
3796,Task,QA Android,1,3795.0,REL_X+8,Medium,In Review,771.0,6.0,QA,3.0,0.0,3.0
3797,User Story,Payment Confirmation,5,3794.0,REL_X+8,Medium,To Do,,,,,,
3798,Task,QA iOS,1,3797.0,REL_X+8,Medium,Done,1487.0,2.0,QA,6.0,1.0,7.0
3799,Task,Back end development task -2,3,3797.0,REL_X+8,Medium,In Review,1487.0,2.0,Backend,10.0,1.0,11.0
3800,Business Story,Payment Validation,9,3793.0,REL_X+8,Medium,In Review,,,,,,
3801,User Story,Review transfer,5,3800.0,REL_X+8,Medium,Closed,,,,,,
3802,Task,Backend API development,1,3801.0,REL_X+8,Medium,Blocked,513.0,4.0,Backend,3.0,0.0,3.0
3803,Business Story,Email Verification,10,3793.0,REL_X+8,Medium,Closed,,,,,,
3804,User Story,Payment Confirmation,8,3803.0,REL_X+8,Medium,To Do,,,,,,
3805,Task,Environment setup,3,3804.0,REL_X+8,Medium,To Do,29.0,2.0,DevOps,18.0,1.0,19.0
3806,Task,QA Android,1,3804.0,REL_X+8,Medium,Done,29.0,2.0,QA,6.0,0.0,6.0
3807,User Story,Make a transfer,5,3803.0,REL_X+8,Medium,Closed,,,,,,
3808,Task,Android UI implementation,1,3807.0,REL_X+8,Medium,Done,1700.0,2.0,Android,6.0,0.0,6.0
3809,Task,Back end development task -1,3,3807.0,REL_X+8,Medium,Done,1700.0,2.0,Backend,17.0,1.0,18.0
3810,Task,QA iOS,1,3807.0,REL_X+8,Medium,Done,1700.0,2.0,QA,5.0,0.0,5.0
3811,Task,Android UI implementation,3,3807.0,REL_X+8,Medium,Closed,1700.0,2.0,Android,9.0,1.0,10.0
3812,Feature,User Profile,34,3768.0,REL_X+8,Medium,Done,,,,,,
3813,Business Story,Password Reset,10,3812.0,REL_X+8,Medium,Blocked,,,,,,
3814,User Story,Display Card Menu,5,3813.0,REL_X+8,Medium,Blocked,,,,,,
3815,Task,Back end development task -1,1,3814.0,REL_X+8,Medium,Done,1062.0,1.0,Backend,3.0,0.0,3.0
3816,Task,Android development task -1,1,3814.0,REL_X+8,Medium,In Progress,1062.0,1.0,Android,4.0,0.0,4.0
3817,User Story,Verify Email,5,3813.0,REL_X+8,Medium,In Review,,,,,,
3818,Task,Environment setup,3,3817.0,REL_X+8,Medium,In Review,1381.0,6.0,DevOps,14.0,0.0,14.0
3819,Task,Android UI implementation,3,3817.0,REL_X+8,Medium,Done,1381.0,6.0,Android,13.0,1.0,14.0
3820,User Story,Payment Form,4,3813.0,REL_X+8,Medium,To Do,,,,,,
3821,Task,Environment setup,3,3820.0,REL_X+8,Medium,Done,1071.0,2.0,DevOps,11.0,1.0,12.0
3822,Task,Backend API development,3,3820.0,REL_X+8,Medium,Done,1071.0,2.0,Backend,18.0,0.0,18.0
3823,Business Story,Remove Card,13,3812.0,REL_X+8,Medium,Done,,,,,,
3824,User Story,Transaction history,5,3823.0,REL_X+8,Medium,Done,,,,,,
3825,Task,Back end development task -1,3,3824.0,REL_X+8,Medium,In Review,592.0,7.0,Backend,11.0,0.0,11.0
3826,Task,Back end development task -2,3,3824.0,REL_X+8,Medium,Done,592.0,7.0,Backend,12.0,2.0,14.0
3827,Task,iOS UI implementation,3,3824.0,REL_X+8,Medium,Done,592.0,7.0,iOS,18.0,2.0,20.0
3828,Task,Android development task -1,2,3824.0,REL_X+8,Medium,Closed,592.0,7.0,Android,8.0,1.0,9.0
3829,Task,Environment setup,2,3824.0,REL_X+8,Medium,Blocked,592.0,7.0,DevOps,8.0,1.0,9.0
3830,User Story,Review transfer,5,3823.0,REL_X+8,Medium,Done,,,,,,
3831,Task,Android UI implementation,1,3830.0,REL_X+8,Medium,Done,938.0,5.0,Android,4.0,0.0,4.0
3832,User Story,Verify Email,5,3823.0,REL_X+8,Medium,Blocked,,,,,,
3833,Task,QA iOS,1,3832.0,REL_X+8,Medium,Blocked,979.0,6.0,QA,6.0,1.0,7.0
3834,Task,Environment setup,3,3832.0,REL_X+8,Medium,Closed,979.0,6.0,DevOps,10.0,2.0,12.0
3835,Business Story,Process Payment,9,3812.0,REL_X+8,Medium,Closed,,,,,,
3836,User Story,Payment Form,5,3835.0,REL_X+8,Medium,Done,,,,,,
3837,Task,iOS UI implementation,2,3836.0,REL_X+8,Medium,In Progress,308.0,4.0,iOS,11.0,0.0,11.0
3838,Task,QA iOS,2,3836.0,REL_X+8,Medium,Closed,308.0,4.0,QA,7.0,1.0,8.0
3839,Task,Back end development task -2,2,3836.0,REL_X+8,Medium,Closed,308.0,4.0,Backend,10.0,1.0,11.0
3840,Task,Back end development task -1,1,3836.0,REL_X+8,Medium,In Review,308.0,4.0,Backend,4.0,0.0,4.0
3841,Task,Back end development task -2,2,3836.0,REL_X+8,Medium,Blocked,308.0,4.0,Backend,6.0,1.0,7.0
3842,User Story,Payment Confirmation,5,3835.0,REL_X+8,Medium,Done,,,,,,
3843,Task,Back end development task -2,1,3842.0,REL_X+8,Medium,In Review,680.0,3.0,Backend,3.0,0.0,3.0
3844,Task,QA iOS,2,3842.0,REL_X+8,Medium,In Review,680.0,3.0,QA,8.0,1.0,9.0
3845,Task,iOS development task 1,1,3842.0,REL_X+8,Medium,Done,680.0,3.0,iOS,6.0,1.0,7.0
3846,Task,Backend API development,1,3842.0,REL_X+8,Medium,In Progress,680.0,3.0,Backend,5.0,1.0,6.0
3847,Epic,Payments,55,,REL_X+4,High,Blocked,,,,,,
3848,Feature,Refunds,34,3847.0,REL_X+4,High,Done,,,,,,
3849,Business Story,Email Verification,10,3848.0,REL_X+4,High,In Progress,,,,,,
3850,User Story,Display Card Screen,4,3849.0,REL_X+4,High,In Review,,,,,,
3851,Task,QA iOS,3,3850.0,REL_X+4,High,In Progress,1480.0,1.0,QA,14.0,1.0,15.0
3852,Task,QA iOS,1,3850.0,REL_X+4,High,In Review,1480.0,1.0,QA,4.0,0.0,4.0
3853,Task,QA Android,1,3850.0,REL_X+4,High,In Review,1480.0,1.0,QA,3.0,0.0,3.0
3854,Task,QA Android,1,3850.0,REL_X+4,High,Blocked,1480.0,1.0,QA,6.0,1.0,7.0
3855,User Story,Send email,8,3849.0,REL_X+4,High,Done,,,,,,
3856,Task,QA iOS,2,3855.0,REL_X+4,High,In Review,665.0,2.0,QA,12.0,2.0,14.0
3857,Business Story,Password Reset,10,3848.0,REL_X+4,High,In Review,,,,,,
3858,User Story,Display Card Menu,4,3857.0,REL_X+4,High,Closed,,,,,,
3859,Task,Environment setup,3,3858.0,REL_X+4,High,Done,1277.0,2.0,DevOps,10.0,1.0,11.0
3860,Feature,Push Notifications,21,3847.0,REL_X+4,High,Blocked,,,,,,
3861,Business Story,Add Card,13,3860.0,REL_X+4,High,Done,,,,,,
3862,User Story,Send email,6,3861.0,REL_X+4,High,To Do,,,,,,
3863,Task,QA Android,1,3862.0,REL_X+4,High,In Review,1718.0,3.0,QA,3.0,0.0,3.0
3864,Task,Android UI implementation,1,3862.0,REL_X+4,High,To Do,1718.0,3.0,Android,5.0,0.0,5.0
3865,Task,QA Android,2,3862.0,REL_X+4,High,Blocked,1718.0,3.0,QA,8.0,0.0,8.0
3866,User Story,Review transfer,5,3861.0,REL_X+4,High,Done,,,,,,
3867,Task,iOS UI implementation,1,3866.0,REL_X+4,High,To Do,200.0,8.0,iOS,5.0,0.0,5.0
3868,Task,iOS development task 1,3,3866.0,REL_X+4,High,Closed,200.0,8.0,iOS,11.0,2.0,13.0
3869,User Story,Transaction history,7,3861.0,REL_X+4,High,In Review,,,,,,
3870,Task,Back end development task -2,2,3869.0,REL_X+4,High,Blocked,1577.0,5.0,Backend,7.0,1.0,8.0
3871,Business Story,View Cards,12,3860.0,REL_X+4,High,Done,,,,,,
3872,User Story,Display Card Screen,5,3871.0,REL_X+4,High,Done,,,,,,
3873,Task,QA Testing,1,3872.0,REL_X+4,High,In Progress,1501.0,2.0,QA,5.0,0.0,5.0
3874,Task,QA Android,1,3872.0,REL_X+4,High,Done,1501.0,2.0,QA,4.0,0.0,4.0
3875,User Story,Payment Confirmation,7,3871.0,REL_X+4,High,Blocked,,,,,,
3876,Task,QA iOS,3,3875.0,REL_X+4,High,Blocked,853.0,1.0,QA,18.0,3.0,21.0
3877,User Story,Payment Form,5,3871.0,REL_X+4,High,In Review,,,,,,
3878,Task,Android development task -1,1,3877.0,REL_X+4,High,Closed,612.0,8.0,Android,5.0,1.0,6.0
3879,Task,iOS development task 1,2,3877.0,REL_X+4,High,In Review,612.0,8.0,iOS,8.0,1.0,9.0
3880,Epic,Security,55,,REL_X+6,Medium,Done,,,,,,
3881,Feature,Authorization,34,3880.0,REL_X+6,Medium,To Do,,,,,,
3882,Business Story,Email Verification,10,3881.0,REL_X+6,Medium,To Do,,,,,,
3883,User Story,Display Card Menu,4,3882.0,REL_X+6,Medium,In Review,,,,,,
3884,Task,Back end development task -1,1,3883.0,REL_X+6,Medium,Closed,763.0,6.0,Backend,4.0,0.0,4.0
3885,Task,iOS development task 1,2,3883.0,REL_X+6,Medium,To Do,763.0,6.0,iOS,12.0,1.0,13.0
3886,Business Story,Add Card,13,3881.0,REL_X+6,Medium,In Progress,,,,,,
3887,User Story,Send email,5,3886.0,REL_X+6,Medium,To Do,,,,,,
3888,Task,iOS UI implementation,2,3887.0,REL_X+6,Medium,In Review,1069.0,2.0,iOS,7.0,0.0,7.0
3889,Task,Android development task -1,1,3887.0,REL_X+6,Medium,Done,1069.0,2.0,Android,6.0,1.0,7.0
3890,Business Story,Update Card,13,3881.0,REL_X+6,Medium,Done,,,,,,
3891,User Story,Payment Form,8,3890.0,REL_X+6,Medium,Closed,,,,,,
3892,Task,Android UI implementation,3,3891.0,REL_X+6,Medium,Closed,455.0,2.0,Android,16.0,2.0,18.0
3893,Task,iOS UI implementation,1,3891.0,REL_X+6,Medium,In Review,455.0,2.0,iOS,3.0,0.0,3.0
3894,Task,QA iOS,3,3891.0,REL_X+6,Medium,To Do,455.0,2.0,QA,13.0,0.0,13.0
3895,Task,QA Android,3,3891.0,REL_X+6,Medium,Done,455.0,2.0,QA,11.0,2.0,13.0
3896,User Story,Make a transfer,7,3890.0,REL_X+6,Medium,To Do,,,,,,
3897,Task,QA Android,3,3896.0,REL_X+6,Medium,Done,1510.0,3.0,QA,11.0,0.0,11.0
3898,Task,Android development task -1,3,3896.0,REL_X+6,Medium,Done,1510.0,3.0,Android,9.0,1.0,10.0
3899,User Story,Error Handling,3,3890.0,REL_X+6,Medium,Blocked,,,,,,
3900,Task,Environment setup,2,3899.0,REL_X+6,Medium,Blocked,1513.0,3.0,DevOps,9.0,1.0,10.0
3901,Feature,Cards,34,3880.0,REL_X+6,Medium,In Progress,,,,,,
3902,Business Story,Payment Validation,9,3901.0,REL_X+6,Medium,In Review,,,,,,
3903,User Story,Payment Confirmation,4,3902.0,REL_X+6,Medium,Blocked,,,,,,
3904,Task,Environment setup,2,3903.0,REL_X+6,Medium,In Review,828.0,8.0,DevOps,7.0,0.0,7.0
3905,Task,QA Testing,1,3903.0,REL_X+6,Medium,Done,828.0,8.0,QA,5.0,1.0,6.0
3906,Task,iOS development task 1,1,3903.0,REL_X+6,Medium,Done,828.0,8.0,iOS,6.0,0.0,6.0
3907,Task,Back end development task -2,1,3903.0,REL_X+6,Medium,Blocked,828.0,8.0,Backend,3.0,0.0,3.0
3908,Task,Back end development task -1,2,3903.0,REL_X+6,Medium,Done,828.0,8.0,Backend,9.0,0.0,9.0
3909,Business Story,Process Payment,9,3901.0,REL_X+6,Medium,In Progress,,,,,,
3910,User Story,Payment Form,4,3909.0,REL_X+6,Medium,Blocked,,,,,,
3911,Task,QA Android,1,3910.0,REL_X+6,Medium,To Do,1408.0,7.0,QA,4.0,0.0,4.0
3912,Task,QA iOS,1,3910.0,REL_X+6,Medium,Closed,1408.0,7.0,QA,4.0,0.0,4.0
3913,User Story,Display Card Screen,5,3909.0,REL_X+6,Medium,In Progress,,,,,,
3914,Task,QA iOS,2,3913.0,REL_X+6,Medium,Closed,207.0,8.0,QA,10.0,0.0,10.0
3915,Task,Android development task -1,1,3913.0,REL_X+6,Medium,In Progress,207.0,8.0,Android,4.0,0.0,4.0
3916,Task,QA iOS,2,3913.0,REL_X+6,Medium,Done,207.0,8.0,QA,11.0,0.0,11.0
3917,Task,QA Android,1,3913.0,REL_X+6,Medium,Blocked,207.0,8.0,QA,5.0,1.0,6.0
3918,User Story,Error Handling,4,3909.0,REL_X+6,Medium,Closed,,,,,,
3919,Task,QA Testing,1,3918.0,REL_X+6,Medium,In Progress,1321.0,3.0,QA,6.0,1.0,7.0
3920,Task,Back end development task -1,2,3918.0,REL_X+6,Medium,Done,1321.0,3.0,Backend,8.0,1.0,9.0
3921,Task,QA Testing,2,3918.0,REL_X+6,Medium,In Progress,1321.0,3.0,QA,11.0,0.0,11.0
3922,Task,Android UI implementation,2,3918.0,REL_X+6,Medium,Blocked,1321.0,3.0,Android,12.0,2.0,14.0
3923,Epic,Accounts,55,,REL_X+4,Medium,Blocked,,,,,,
3924,Feature,Transaction History,34,3923.0,REL_X+4,Medium,In Review,,,,,,
3925,Business Story,Payment Callback,9,3924.0,REL_X+4,Medium,Done,,,,,,
3926,User Story,Display Card Screen,5,3925.0,REL_X+4,Medium,In Review,,,,,,
3927,Task,Back end development task -1,1,3926.0,REL_X+4,Medium,In Progress,284.0,3.0,Backend,3.0,0.0,3.0
3928,Task,QA Android,1,3926.0,REL_X+4,Medium,In Progress,284.0,3.0,QA,3.0,0.0,3.0
3929,Task,Back end development task -2,3,3926.0,REL_X+4,Medium,Blocked,284.0,3.0,Backend,13.0,2.0,15.0
3930,Task,Android UI implementation,2,3926.0,REL_X+4,Medium,Blocked,284.0,3.0,Android,10.0,2.0,12.0
3931,Task,QA Android,2,3926.0,REL_X+4,Medium,Closed,284.0,3.0,QA,11.0,2.0,13.0
3932,User Story,Review transfer,6,3925.0,REL_X+4,Medium,In Review,,,,,,
3933,Task,QA Android,1,3932.0,REL_X+4,Medium,To Do,1367.0,5.0,QA,6.0,0.0,6.0
3934,Task,QA Android,1,3932.0,REL_X+4,Medium,Blocked,1367.0,5.0,QA,5.0,0.0,5.0
3935,Task,Environment setup,3,3932.0,REL_X+4,Medium,To Do,1367.0,5.0,DevOps,18.0,2.0,20.0
3936,Task,Android UI implementation,1,3932.0,REL_X+4,Medium,Closed,1367.0,5.0,Android,4.0,0.0,4.0
3937,Task,Environment setup,1,3932.0,REL_X+4,Medium,Closed,1367.0,5.0,DevOps,4.0,0.0,4.0
3938,Business Story,Process Payment,9,3924.0,REL_X+4,Medium,Done,,,,,,
3939,User Story,Send email,5,3938.0,REL_X+4,Medium,Blocked,,,,,,
3940,Task,QA Android,1,3939.0,REL_X+4,Medium,Done,568.0,6.0,QA,4.0,0.0,4.0
3941,Task,iOS UI implementation,3,3939.0,REL_X+4,Medium,Closed,568.0,6.0,iOS,10.0,0.0,10.0
3942,Task,QA Testing,1,3939.0,REL_X+4,Medium,Blocked,568.0,6.0,QA,3.0,0.0,3.0
3943,Task,Back end development task -2,2,3939.0,REL_X+4,Medium,To Do,568.0,6.0,Backend,11.0,0.0,11.0
3944,Task,QA Android,1,3939.0,REL_X+4,Medium,Blocked,568.0,6.0,QA,6.0,1.0,7.0
3945,User Story,Display Card Menu,6,3938.0,REL_X+4,Medium,In Progress,,,,,,
3946,Task,Environment setup,1,3945.0,REL_X+4,Medium,To Do,110.0,5.0,DevOps,6.0,1.0,7.0
3947,User Story,Display Card Screen,4,3938.0,REL_X+4,Medium,In Progress,,,,,,
3948,Task,Back end development task -2,1,3947.0,REL_X+4,Medium,In Progress,86.0,4.0,Backend,5.0,1.0,6.0
3949,Feature,User Profile,34,3923.0,REL_X+4,Medium,In Progress,,,,,,
3950,Business Story,Add Card,13,3949.0,REL_X+4,Medium,Done,,,,,,
3951,User Story,Verify Email,5,3950.0,REL_X+4,Medium,In Progress,,,,,,
3952,Task,QA iOS,1,3951.0,REL_X+4,Medium,In Progress,1099.0,3.0,QA,5.0,0.0,5.0
3953,Business Story,Sign Up,11,3949.0,REL_X+4,Medium,In Review,,,,,,
3954,User Story,Display Card Screen,3,3953.0,REL_X+4,Medium,To Do,,,,,,
3955,Task,Backend API development,2,3954.0,REL_X+4,Medium,To Do,1618.0,7.0,Backend,7.0,1.0,8.0
3956,Task,QA iOS,3,3954.0,REL_X+4,Medium,In Review,1618.0,7.0,QA,11.0,2.0,13.0
3957,Task,Backend API development,1,3954.0,REL_X+4,Medium,In Review,1618.0,7.0,Backend,4.0,0.0,4.0
3958,Task,Backend API development,3,3954.0,REL_X+4,Medium,Closed,1618.0,7.0,Backend,10.0,2.0,12.0
3959,Task,Back end development task -1,3,3954.0,REL_X+4,Medium,Closed,1618.0,7.0,Backend,12.0,2.0,14.0
3960,Epic,Notifications,55,,REL_X+7,Medium,Closed,,,,,,
3961,Feature,Scheduled Reports,21,3960.0,REL_X+7,Medium,Blocked,,,,,,
3962,Business Story,Update Card,13,3961.0,REL_X+7,Medium,In Progress,,,,,,
3963,User Story,Send email,5,3962.0,REL_X+7,Medium,In Review,,,,,,
3964,Task,Android development task -1,1,3963.0,REL_X+7,Medium,To Do,794.0,7.0,Android,3.0,0.0,3.0
3965,Task,Android development task -1,1,3963.0,REL_X+7,Medium,Blocked,794.0,7.0,Android,6.0,0.0,6.0
3966,Task,iOS development task 1,1,3963.0,REL_X+7,Medium,In Progress,794.0,7.0,iOS,4.0,0.0,4.0
3967,User Story,Payment Confirmation,5,3962.0,REL_X+7,Medium,In Review,,,,,,
3968,Task,Back end development task -2,1,3967.0,REL_X+7,Medium,Blocked,124.0,5.0,Backend,3.0,0.0,3.0
3969,Task,Back end development task -1,1,3967.0,REL_X+7,Medium,In Review,124.0,5.0,Backend,4.0,0.0,4.0
3970,Business Story,Sign Up,11,3961.0,REL_X+7,Medium,Done,,,,,,
3971,User Story,Display Card Screen,5,3970.0,REL_X+7,Medium,In Progress,,,,,,
3972,Task,Back end development task -1,2,3971.0,REL_X+7,Medium,To Do,1696.0,2.0,Backend,12.0,1.0,13.0
3973,User Story,Send email,5,3970.0,REL_X+7,Medium,To Do,,,,,,
3974,Task,QA Android,3,3973.0,REL_X+7,Medium,Done,35.0,2.0,QA,15.0,3.0,18.0
3975,Task,Android UI implementation,1,3973.0,REL_X+7,Medium,In Review,35.0,2.0,Android,5.0,0.0,5.0
3976,Task,Android UI implementation,2,3973.0,REL_X+7,Medium,In Review,35.0,2.0,Android,12.0,1.0,13.0
3977,Task,Android development task -1,1,3973.0,REL_X+7,Medium,In Review,35.0,2.0,Android,4.0,0.0,4.0
3978,Task,QA Testing,3,3973.0,REL_X+7,Medium,Blocked,35.0,2.0,QA,11.0,1.0,12.0
3979,User Story,Payment Confirmation,5,3970.0,REL_X+7,Medium,To Do,,,,,,
3980,Task,Back end development task -2,2,3979.0,REL_X+7,Medium,To Do,91.0,4.0,Backend,12.0,2.0,14.0
3981,Task,Back end development task -2,1,3979.0,REL_X+7,Medium,To Do,91.0,4.0,Backend,6.0,0.0,6.0
3982,Task,Android UI implementation,1,3979.0,REL_X+7,Medium,In Progress,91.0,4.0,Android,3.0,0.0,3.0
3983,Task,iOS UI implementation,2,3979.0,REL_X+7,Medium,Done,91.0,4.0,iOS,10.0,0.0,10.0
3984,Task,iOS development task 1,3,3979.0,REL_X+7,Medium,To Do,91.0,4.0,iOS,14.0,1.0,15.0
3985,Feature,User Registration,34,3960.0,REL_X+7,Medium,In Progress,,,,,,
3986,Business Story,Remove Card,13,3985.0,REL_X+7,Medium,Closed,,,,,,
3987,User Story,Payment Form,3,3986.0,REL_X+7,Medium,Done,,,,,,
3988,Task,Android UI implementation,1,3987.0,REL_X+7,Medium,Closed,87.0,4.0,Android,3.0,0.0,3.0
3989,Task,Back end development task -1,1,3987.0,REL_X+7,Medium,In Review,87.0,4.0,Backend,3.0,0.0,3.0
3990,Task,iOS development task 1,1,3987.0,REL_X+7,Medium,In Progress,87.0,4.0,iOS,4.0,0.0,4.0
3991,Task,iOS development task 1,2,3987.0,REL_X+7,Medium,Done,87.0,4.0,iOS,6.0,0.0,6.0
3992,Business Story,Email Verification,10,3985.0,REL_X+7,Medium,Blocked,,,,,,
3993,User Story,Send email,5,3992.0,REL_X+7,Medium,Done,,,,,,
3994,Task,Android UI implementation,1,3993.0,REL_X+7,Medium,Blocked,1386.0,6.0,Android,6.0,1.0,7.0
3995,Task,Back end development task -1,1,3993.0,REL_X+7,Medium,In Progress,1386.0,6.0,Backend,3.0,0.0,3.0
3996,Task,QA Android,2,3993.0,REL_X+7,Medium,In Review,1386.0,6.0,QA,7.0,1.0,8.0
3997,Feature,Cards,34,3960.0,REL_X+7,Medium,Blocked,,,,,,
3998,Business Story,Password Reset,10,3997.0,REL_X+7,Medium,In Review,,,,,,
3999,User Story,Display Card Screen,7,3998.0,REL_X+7,Medium,Closed,,,,,,
4000,Task,Back end development task -1,1,3999.0,REL_X+7,Medium,Blocked,1749.0,4.0,Backend,5.0,1.0,6.0
4001,Task,iOS UI implementation,1,3999.0,REL_X+7,Medium,To Do,1749.0,4.0,iOS,5.0,0.0,5.0
4002,Task,iOS development task 1,1,3999.0,REL_X+7,Medium,To Do,1749.0,4.0,iOS,6.0,1.0,7.0
4003,Task,iOS development task 1,1,3999.0,REL_X+7,Medium,Done,1749.0,4.0,iOS,5.0,0.0,5.0
4004,User Story,Payment Confirmation,6,3998.0,REL_X+7,Medium,Done,,,,,,
4005,Task,iOS development task 1,2,4004.0,REL_X+7,Medium,Closed,140.0,6.0,iOS,8.0,0.0,8.0
4006,Task,Environment setup,1,4004.0,REL_X+7,Medium,In Review,140.0,6.0,DevOps,4.0,0.0,4.0
4007,Task,Back end development task -2,3,4004.0,REL_X+7,Medium,Done,140.0,6.0,Backend,13.0,2.0,15.0
4008,Task,QA Testing,3,4004.0,REL_X+7,Medium,Closed,140.0,6.0,QA,15.0,3.0,18.0
4009,Task,Back end development task -1,2,4004.0,REL_X+7,Medium,Done,140.0,6.0,Backend,7.0,1.0,8.0
4010,User Story,Review transfer,5,3998.0,REL_X+7,Medium,To Do,,,,,,
4011,Task,Backend API development,2,4010.0,REL_X+7,Medium,To Do,1667.0,1.0,Backend,11.0,1.0,12.0
4012,Task,iOS UI implementation,3,4010.0,REL_X+7,Medium,In Progress,1667.0,1.0,iOS,10.0,0.0,10.0
4013,Task,QA Testing,1,4010.0,REL_X+7,Medium,Blocked,1667.0,1.0,QA,3.0,0.0,3.0
4014,Task,iOS development task 1,1,4010.0,REL_X+7,Medium,Blocked,1667.0,1.0,iOS,4.0,0.0,4.0
4015,Business Story,Update Card,13,3997.0,REL_X+7,Medium,In Progress,,,,,,
4016,User Story,Payment Confirmation,5,4015.0,REL_X+7,Medium,Done,,,,,,
4017,Task,iOS development task 1,3,4016.0,REL_X+7,Medium,To Do,593.0,7.0,iOS,16.0,0.0,16.0
4018,Task,iOS development task 1,1,4016.0,REL_X+7,Medium,To Do,593.0,7.0,iOS,6.0,0.0,6.0
4019,Task,QA Android,1,4016.0,REL_X+7,Medium,To Do,593.0,7.0,QA,6.0,0.0,6.0
4020,Task,Environment setup,1,4016.0,REL_X+7,Medium,Closed,593.0,7.0,DevOps,4.0,0.0,4.0
4021,Task,iOS development task 1,1,4016.0,REL_X+7,Medium,In Review,593.0,7.0,iOS,3.0,0.0,3.0
4022,Business Story,Remove Card,13,3997.0,REL_X+7,Medium,Closed,,,,,,
4023,User Story,Error Handling,8,4022.0,REL_X+7,Medium,To Do,,,,,,
4024,Task,Back end development task -1,2,4023.0,REL_X+7,Medium,Closed,172.0,7.0,Backend,10.0,2.0,12.0
4025,Task,Android development task -1,3,4023.0,REL_X+7,Medium,To Do,172.0,7.0,Android,17.0,0.0,17.0
4026,Task,Backend API development,3,4023.0,REL_X+7,Medium,In Progress,172.0,7.0,Backend,13.0,2.0,15.0
4027,Task,QA iOS,2,4023.0,REL_X+7,Medium,Done,172.0,7.0,QA,9.0,1.0,10.0
4028,User Story,Payment Confirmation,5,4022.0,REL_X+7,Medium,In Progress,,,,,,
4029,Task,QA Android,1,4028.0,REL_X+7,Medium,To Do,1170.0,5.0,QA,3.0,0.0,3.0
4030,Task,Back end development task -1,1,4028.0,REL_X+7,Medium,Blocked,1170.0,5.0,Backend,3.0,0.0,3.0
4031,Task,QA iOS,1,4028.0,REL_X+7,Medium,In Progress,1170.0,5.0,QA,3.0,0.0,3.0
4032,Task,Backend API development,2,4028.0,REL_X+7,Medium,To Do,1170.0,5.0,Backend,8.0,1.0,9.0
4033,User Story,Payment Form,6,4022.0,REL_X+7,Medium,Closed,,,,,,
4034,Task,QA Testing,2,4033.0,REL_X+7,Medium,In Progress,173.0,7.0,QA,10.0,1.0,11.0
4035,Task,iOS UI implementation,2,4033.0,REL_X+7,Medium,Blocked,173.0,7.0,iOS,10.0,0.0,10.0
4036,Feature,Recurring Billing,21,3960.0,REL_X+7,Medium,Closed,,,,,,
4037,Business Story,Payment Callback,9,4036.0,REL_X+7,Medium,In Review,,,,,,
4038,User Story,Error Handling,5,4037.0,REL_X+7,Medium,Closed,,,,,,
4039,Task,Environment setup,2,4038.0,REL_X+7,Medium,In Review,242.0,2.0,DevOps,9.0,0.0,9.0
4040,Task,iOS UI implementation,1,4038.0,REL_X+7,Medium,Blocked,242.0,2.0,iOS,4.0,0.0,4.0
4041,Task,Android development task -1,2,4038.0,REL_X+7,Medium,Done,242.0,2.0,Android,12.0,2.0,14.0
4042,Business Story,Process Payment,9,4036.0,REL_X+7,Medium,Done,,,,,,
4043,User Story,Send email,6,4042.0,REL_X+7,Medium,In Review,,,,,,
4044,Task,Backend API development,1,4043.0,REL_X+7,Medium,Closed,220.0,1.0,Backend,3.0,0.0,3.0
4045,Task,Android development task -1,3,4043.0,REL_X+7,Medium,Done,220.0,1.0,Android,15.0,3.0,18.0
4046,Task,Back end development task -1,2,4043.0,REL_X+7,Medium,To Do,220.0,1.0,Backend,10.0,1.0,11.0
4047,Task,iOS development task 1,1,4043.0,REL_X+7,Medium,To Do,220.0,1.0,iOS,5.0,0.0,5.0
4048,Business Story,Add Card,13,4036.0,REL_X+7,Medium,Blocked,,,,,,
4049,User Story,Make a transfer,5,4048.0,REL_X+7,Medium,To Do,,,,,,
4050,Task,QA iOS,3,4049.0,REL_X+7,Medium,In Progress,791.0,7.0,QA,14.0,2.0,16.0
4051,Task,iOS UI implementation,1,4049.0,REL_X+7,Medium,Done,791.0,7.0,iOS,4.0,0.0,4.0
4052,Epic,Notifications,55,,REL_X+5,High,Done,,,,,,
4053,Feature,Push Notifications,21,4052.0,REL_X+5,High,Done,,,,,,
4054,Business Story,Password Reset,10,4053.0,REL_X+5,High,In Review,,,,,,
4055,User Story,Payment Form,8,4054.0,REL_X+5,High,Done,,,,,,
4056,Task,Environment setup,1,4055.0,REL_X+5,High,In Review,912.0,4.0,DevOps,3.0,0.0,3.0
4057,Task,Environment setup,1,4055.0,REL_X+5,High,In Review,912.0,4.0,DevOps,3.0,0.0,3.0
4058,Task,QA iOS,3,4055.0,REL_X+5,High,Blocked,912.0,4.0,QA,12.0,2.0,14.0
4059,Task,iOS development task 1,1,4055.0,REL_X+5,High,To Do,912.0,4.0,iOS,6.0,1.0,7.0
4060,Task,QA iOS,1,4055.0,REL_X+5,High,In Review,912.0,4.0,QA,4.0,0.0,4.0
4061,User Story,Make a transfer,5,4054.0,REL_X+5,High,Done,,,,,,
4062,Task,QA iOS,2,4061.0,REL_X+5,High,In Progress,194.0,8.0,QA,11.0,0.0,11.0
4063,Task,QA Android,3,4061.0,REL_X+5,High,Blocked,194.0,8.0,QA,13.0,1.0,14.0
4064,Task,Android development task -1,1,4061.0,REL_X+5,High,In Review,194.0,8.0,Android,3.0,0.0,3.0
4065,Task,Back end development task -2,3,4061.0,REL_X+5,High,To Do,194.0,8.0,Backend,13.0,1.0,14.0
4066,Business Story,Update Card,13,4053.0,REL_X+5,High,Done,,,,,,
4067,User Story,Verify Email,5,4066.0,REL_X+5,High,Closed,,,,,,
4068,Task,Android development task -1,2,4067.0,REL_X+5,High,Done,992.0,7.0,Android,10.0,2.0,12.0
4069,User Story,Display Card Screen,6,4066.0,REL_X+5,High,Closed,,,,,,
4070,Task,Back end development task -1,3,4069.0,REL_X+5,High,To Do,86.0,4.0,Backend,16.0,1.0,17.0
4071,Task,iOS development task 1,1,4069.0,REL_X+5,High,Done,86.0,4.0,iOS,5.0,1.0,6.0
4072,Task,iOS development task 1,2,4069.0,REL_X+5,High,Done,86.0,4.0,iOS,12.0,1.0,13.0
4073,Task,QA iOS,3,4069.0,REL_X+5,High,Done,86.0,4.0,QA,15.0,2.0,17.0
4074,Task,iOS UI implementation,2,4069.0,REL_X+5,High,In Progress,86.0,4.0,iOS,10.0,2.0,12.0
4075,Feature,Email Service,21,4052.0,REL_X+5,High,Closed,,,,,,
4076,Business Story,Payment Callback,9,4075.0,REL_X+5,High,In Review,,,,,,
4077,User Story,Verify Email,5,4076.0,REL_X+5,High,Done,,,,,,
4078,Task,Back end development task -2,1,4077.0,REL_X+5,High,To Do,535.0,5.0,Backend,4.0,0.0,4.0
4079,Task,QA Testing,3,4077.0,REL_X+5,High,Blocked,535.0,5.0,QA,12.0,2.0,14.0
4080,Task,Back end development task -2,1,4077.0,REL_X+5,High,To Do,535.0,5.0,Backend,3.0,0.0,3.0
4081,User Story,Transaction history,5,4076.0,REL_X+5,High,Closed,,,,,,
4082,Task,Backend API development,1,4081.0,REL_X+5,High,Blocked,127.0,5.0,Backend,5.0,0.0,5.0
4083,Task,Android development task -1,1,4081.0,REL_X+5,High,In Review,127.0,5.0,Android,5.0,1.0,6.0
4084,User Story,Display Card Screen,5,4076.0,REL_X+5,High,Blocked,,,,,,
4085,Task,Back end development task -2,1,4084.0,REL_X+5,High,In Review,995.0,7.0,Backend,5.0,0.0,5.0
4086,Business Story,Payment Validation,9,4075.0,REL_X+5,High,Done,,,,,,
4087,User Story,Transaction history,5,4086.0,REL_X+5,High,Blocked,,,,,,
4088,Task,iOS UI implementation,1,4087.0,REL_X+5,High,In Review,769.0,6.0,iOS,6.0,0.0,6.0
4089,Task,iOS UI implementation,1,4087.0,REL_X+5,High,In Review,769.0,6.0,iOS,3.0,0.0,3.0
4090,Task,iOS UI implementation,3,4087.0,REL_X+5,High,In Review,769.0,6.0,iOS,16.0,3.0,19.0
4091,User Story,Make a transfer,5,4086.0,REL_X+5,High,To Do,,,,,,
4092,Task,Android development task -1,2,4091.0,REL_X+5,High,Done,1170.0,5.0,Android,7.0,0.0,7.0
4093,Task,Back end development task -1,1,4091.0,REL_X+5,High,In Review,1170.0,5.0,Backend,4.0,0.0,4.0
4094,Task,Backend API development,3,4091.0,REL_X+5,High,In Progress,1170.0,5.0,Backend,11.0,2.0,13.0
4095,Task,iOS UI implementation,1,4091.0,REL_X+5,High,To Do,1170.0,5.0,iOS,5.0,0.0,5.0
4096,User Story,Display Card Menu,5,4086.0,REL_X+5,High,In Review,,,,,,
4097,Task,QA Android,1,4096.0,REL_X+5,High,Closed,1237.0,8.0,QA,3.0,0.0,3.0
4098,Task,iOS UI implementation,1,4096.0,REL_X+5,High,In Progress,1237.0,8.0,iOS,4.0,0.0,4.0
4099,Task,Android development task -1,1,4096.0,REL_X+5,High,Blocked,1237.0,8.0,Android,6.0,1.0,7.0
4100,Task,QA Testing,1,4096.0,REL_X+5,High,Done,1237.0,8.0,QA,4.0,0.0,4.0
4101,Task,Environment setup,1,4096.0,REL_X+5,High,In Progress,1237.0,8.0,DevOps,3.0,0.0,3.0
4102,Business Story,Process Payment,9,4075.0,REL_X+5,High,In Review,,,,,,
4103,User Story,Display Card Screen,8,4102.0,REL_X+5,High,Done,,,,,,
4104,Task,Backend API development,3,4103.0,REL_X+5,High,To Do,1670.0,1.0,Backend,9.0,0.0,9.0
4105,Task,QA Testing,2,4103.0,REL_X+5,High,Closed,1670.0,1.0,QA,9.0,1.0,10.0
4106,Task,QA Testing,3,4103.0,REL_X+5,High,To Do,1670.0,1.0,QA,11.0,0.0,11.0
4107,User Story,Error Handling,4,4102.0,REL_X+5,High,Done,,,,,,
4108,Task,Android UI implementation,3,4107.0,REL_X+5,High,Blocked,1808.0,6.0,Android,9.0,1.0,10.0
4109,Task,Android development task -1,3,4107.0,REL_X+5,High,In Progress,1808.0,6.0,Android,15.0,2.0,17.0
4110,Task,iOS UI implementation,1,4107.0,REL_X+5,High,To Do,1808.0,6.0,iOS,3.0,0.0,3.0
4111,User Story,Send email,5,4102.0,REL_X+5,High,In Review,,,,,,
4112,Task,QA iOS,1,4111.0,REL_X+5,High,Done,469.0,3.0,QA,5.0,1.0,6.0
4113,Task,Back end development task -2,1,4111.0,REL_X+5,High,In Review,469.0,3.0,Backend,5.0,0.0,5.0
4114,Task,iOS development task 1,3,4111.0,REL_X+5,High,In Progress,469.0,3.0,iOS,11.0,1.0,12.0
4115,Task,iOS development task 1,2,4111.0,REL_X+5,High,Done,469.0,3.0,iOS,11.0,0.0,11.0
4116,Feature,Recurring Billing,21,4052.0,REL_X+5,High,In Review,,,,,,
4117,Business Story,Email Verification,10,4116.0,REL_X+5,High,To Do,,,,,,
4118,User Story,Verify Email,5,4117.0,REL_X+5,High,In Review,,,,,,
4119,Task,QA iOS,2,4118.0,REL_X+5,High,To Do,1336.0,4.0,QA,12.0,0.0,12.0
4120,Task,iOS development task 1,1,4118.0,REL_X+5,High,Closed,1336.0,4.0,iOS,4.0,0.0,4.0
4121,Task,Android UI implementation,1,4118.0,REL_X+5,High,Blocked,1336.0,4.0,Android,6.0,0.0,6.0
4122,Task,Android UI implementation,3,4118.0,REL_X+5,High,In Progress,1336.0,4.0,Android,15.0,1.0,16.0
4123,User Story,Transaction history,5,4117.0,REL_X+5,High,Closed,,,,,,
4124,Task,QA Testing,1,4123.0,REL_X+5,High,Closed,1314.0,3.0,QA,4.0,0.0,4.0
4125,Task,QA iOS,3,4123.0,REL_X+5,High,Closed,1314.0,3.0,QA,16.0,2.0,18.0
4126,User Story,Payment Confirmation,3,4117.0,REL_X+5,High,Done,,,,,,
4127,Task,Backend API development,3,4126.0,REL_X+5,High,In Review,125.0,5.0,Backend,9.0,1.0,10.0
4128,Business Story,Sign Up,11,4116.0,REL_X+5,High,Closed,,,,,,
4129,User Story,Review transfer,5,4128.0,REL_X+5,High,In Progress,,,,,,
4130,Task,Android development task -1,1,4129.0,REL_X+5,High,In Progress,666.0,2.0,Android,4.0,0.0,4.0
4131,Task,Android development task -1,1,4129.0,REL_X+5,High,Closed,666.0,2.0,Android,3.0,0.0,3.0
4132,Task,Backend API development,1,4129.0,REL_X+5,High,Blocked,666.0,2.0,Backend,5.0,0.0,5.0
4133,Task,QA Android,3,4129.0,REL_X+5,High,In Review,666.0,2.0,QA,13.0,1.0,14.0
4134,Task,QA Android,1,4129.0,REL_X+5,High,Done,666.0,2.0,QA,6.0,0.0,6.0
4135,User Story,Display Card Menu,5,4128.0,REL_X+5,High,Done,,,,,,
4136,Task,Environment setup,1,4135.0,REL_X+5,High,Closed,1801.0,6.0,DevOps,4.0,0.0,4.0
4137,Task,iOS development task 1,1,4135.0,REL_X+5,High,Closed,1801.0,6.0,iOS,5.0,0.0,5.0
4138,Task,iOS development task 1,1,4135.0,REL_X+5,High,Done,1801.0,6.0,iOS,6.0,1.0,7.0
4139,User Story,Verify Email,6,4128.0,REL_X+5,High,Done,,,,,,
4140,Task,iOS UI implementation,3,4139.0,REL_X+5,High,Closed,1164.0,5.0,iOS,17.0,1.0,18.0
4141,Task,Back end development task -2,1,4139.0,REL_X+5,High,Done,1164.0,5.0,Backend,5.0,1.0,6.0
4142,Task,Android development task -1,3,4139.0,REL_X+5,High,Blocked,1164.0,5.0,Android,10.0,1.0,11.0
4143,Task,Android development task -1,1,4139.0,REL_X+5,High,To Do,1164.0,5.0,Android,4.0,0.0,4.0
4144,Task,Backend API development,2,4139.0,REL_X+5,High,In Progress,1164.0,5.0,Backend,7.0,1.0,8.0
4145,Business Story,Add Card,13,4116.0,REL_X+5,High,In Progress,,,,,,
4146,User Story,Review transfer,5,4145.0,REL_X+5,High,In Progress,,,,,,
4147,Task,Android development task -1,3,4146.0,REL_X+5,High,To Do,1164.0,5.0,Android,17.0,3.0,20.0
4148,User Story,Payment Form,5,4145.0,REL_X+5,High,In Progress,,,,,,
4149,Task,QA Android,3,4148.0,REL_X+5,High,Closed,1806.0,6.0,QA,17.0,0.0,17.0
4150,Task,QA Android,1,4148.0,REL_X+5,High,To Do,1806.0,6.0,QA,3.0,0.0,3.0
4151,Task,Back end development task -1,1,4148.0,REL_X+5,High,To Do,1806.0,6.0,Backend,4.0,0.0,4.0
4152,Task,Environment setup,2,4148.0,REL_X+5,High,Blocked,1806.0,6.0,DevOps,9.0,1.0,10.0
4153,Task,Backend API development,1,4148.0,REL_X+5,High,Closed,1806.0,6.0,Backend,3.0,0.0,3.0
4154,User Story,Make a transfer,5,4145.0,REL_X+5,High,To Do,,,,,,
4155,Task,Android development task -1,1,4154.0,REL_X+5,High,In Review,1122.0,4.0,Android,6.0,0.0,6.0
4156,Epic,Accounts,55,,REL_X+5,High,In Review,,,,,,
4157,Feature,Recurring Billing,21,4156.0,REL_X+5,High,Blocked,,,,,,
4158,Business Story,Password Reset,10,4157.0,REL_X+5,High,In Progress,,,,,,
4159,User Story,Transaction history,7,4158.0,REL_X+5,High,Done,,,,,,
4160,Task,Back end development task -2,1,4159.0,REL_X+5,High,Blocked,648.0,1.0,Backend,3.0,0.0,3.0
4161,User Story,Verify Email,8,4158.0,REL_X+5,High,To Do,,,,,,
4162,Task,QA iOS,3,4161.0,REL_X+5,High,Blocked,758.0,6.0,QA,18.0,3.0,21.0
4163,Task,Environment setup,1,4161.0,REL_X+5,High,Blocked,758.0,6.0,DevOps,3.0,0.0,3.0
4164,Task,Backend API development,1,4161.0,REL_X+5,High,To Do,758.0,6.0,Backend,3.0,0.0,3.0
4165,Business Story,Payment Validation,9,4157.0,REL_X+5,High,Closed,,,,,,
4166,User Story,Send email,7,4165.0,REL_X+5,High,Closed,,,,,,
4167,Task,Android development task -1,1,4166.0,REL_X+5,High,To Do,185.0,8.0,Android,6.0,1.0,7.0
4168,Task,Backend API development,2,4166.0,REL_X+5,High,Done,185.0,8.0,Backend,10.0,1.0,11.0
4169,User Story,Transaction history,5,4165.0,REL_X+5,High,Done,,,,,,
4170,Task,QA Android,2,4169.0,REL_X+5,High,Blocked,1260.0,1.0,QA,12.0,0.0,12.0
4171,Business Story,Update Card,13,4157.0,REL_X+5,High,Blocked,,,,,,
4172,User Story,Review transfer,5,4171.0,REL_X+5,High,Closed,,,,,,
4173,Task,Backend API development,1,4172.0,REL_X+5,High,Done,1163.0,5.0,Backend,6.0,0.0,6.0
4174,Task,Back end development task -1,2,4172.0,REL_X+5,High,Done,1163.0,5.0,Backend,10.0,2.0,12.0
4175,Task,iOS development task 1,1,4172.0,REL_X+5,High,In Review,1163.0,5.0,iOS,6.0,0.0,6.0
4176,Task,Back end development task -1,1,4172.0,REL_X+5,High,In Review,1163.0,5.0,Backend,6.0,0.0,6.0
4177,Task,Android UI implementation,3,4172.0,REL_X+5,High,Blocked,1163.0,5.0,Android,18.0,3.0,21.0
4178,User Story,Transaction history,3,4171.0,REL_X+5,High,Done,,,,,,
4179,Task,Back end development task -1,3,4178.0,REL_X+5,High,Closed,485.0,3.0,Backend,11.0,1.0,12.0
4180,Task,QA Android,1,4178.0,REL_X+5,High,To Do,485.0,3.0,QA,4.0,0.0,4.0
4181,User Story,Make a transfer,5,4171.0,REL_X+5,High,To Do,,,,,,
4182,Task,QA Android,3,4181.0,REL_X+5,High,In Review,1134.0,4.0,QA,10.0,1.0,11.0
4183,Feature,Account Settings,21,4156.0,REL_X+5,High,In Review,,,,,,
4184,Business Story,Remove Card,13,4183.0,REL_X+5,High,Blocked,,,,,,
4185,User Story,Display Card Screen,5,4184.0,REL_X+5,High,Blocked,,,,,,
4186,Task,Environment setup,1,4185.0,REL_X+5,High,To Do,1234.0,8.0,DevOps,4.0,0.0,4.0
4187,Task,Backend API development,3,4185.0,REL_X+5,High,In Progress,1234.0,8.0,Backend,15.0,2.0,17.0
4188,User Story,Make a transfer,4,4184.0,REL_X+5,High,Done,,,,,,
4189,Task,Environment setup,1,4188.0,REL_X+5,High,In Review,978.0,6.0,DevOps,5.0,1.0,6.0
4190,Task,Android development task -1,1,4188.0,REL_X+5,High,In Review,978.0,6.0,Android,5.0,1.0,6.0
4191,Task,QA Testing,3,4188.0,REL_X+5,High,Blocked,978.0,6.0,QA,9.0,1.0,10.0
4192,Business Story,Process Payment,9,4183.0,REL_X+5,High,Done,,,,,,
4193,User Story,Display Card Menu,7,4192.0,REL_X+5,High,In Progress,,,,,,
4194,Task,QA Testing,3,4193.0,REL_X+5,High,Closed,259.0,2.0,QA,18.0,0.0,18.0
4195,Task,Back end development task -2,1,4193.0,REL_X+5,High,Closed,259.0,2.0,Backend,6.0,0.0,6.0
4196,Task,QA iOS,1,4193.0,REL_X+5,High,In Progress,259.0,2.0,QA,3.0,0.0,3.0
4197,Business Story,Payment Validation,9,4183.0,REL_X+5,High,In Progress,,,,,,
4198,User Story,Transaction history,7,4197.0,REL_X+5,High,Blocked,,,,,,
4199,Task,QA iOS,3,4198.0,REL_X+5,High,Closed,364.0,6.0,QA,18.0,2.0,20.0
4200,Task,iOS development task 1,1,4198.0,REL_X+5,High,Done,364.0,6.0,iOS,3.0,0.0,3.0
4201,Task,QA iOS,1,4198.0,REL_X+5,High,In Progress,364.0,6.0,QA,5.0,1.0,6.0
4202,Task,Environment setup,1,4198.0,REL_X+5,High,Blocked,364.0,6.0,DevOps,6.0,0.0,6.0
4203,Task,QA Android,1,4198.0,REL_X+5,High,In Review,364.0,6.0,QA,3.0,0.0,3.0
4204,Feature,Email Service,21,4156.0,REL_X+5,High,Done,,,,,,
4205,Business Story,Remove Card,13,4204.0,REL_X+5,High,Done,,,,,,
4206,User Story,Display Card Menu,7,4205.0,REL_X+5,High,To Do,,,,,,
4207,Task,QA iOS,1,4206.0,REL_X+5,High,Closed,1672.0,1.0,QA,3.0,0.0,3.0
4208,User Story,Make a transfer,5,4205.0,REL_X+5,High,Blocked,,,,,,
4209,Task,Android development task -1,1,4208.0,REL_X+5,High,To Do,110.0,5.0,Android,3.0,0.0,3.0
4210,Task,iOS UI implementation,2,4208.0,REL_X+5,High,To Do,110.0,5.0,iOS,11.0,0.0,11.0
4211,Task,QA Testing,1,4208.0,REL_X+5,High,Done,110.0,5.0,QA,3.0,0.0,3.0
4212,Task,QA iOS,2,4208.0,REL_X+5,High,Done,110.0,5.0,QA,7.0,0.0,7.0
4213,Task,Android UI implementation,1,4208.0,REL_X+5,High,In Review,110.0,5.0,Android,4.0,0.0,4.0
4214,Business Story,Payment Callback,9,4204.0,REL_X+5,High,In Progress,,,,,,
4215,User Story,Transaction history,6,4214.0,REL_X+5,High,Blocked,,,,,,
4216,Task,Android development task -1,3,4215.0,REL_X+5,High,Done,1713.0,2.0,Android,12.0,1.0,13.0
4217,User Story,Error Handling,3,4214.0,REL_X+5,High,Closed,,,,,,
4218,Task,Back end development task -2,1,4217.0,REL_X+5,High,In Review,1585.0,5.0,Backend,3.0,0.0,3.0
4219,User Story,Payment Form,6,4214.0,REL_X+5,High,Closed,,,,,,
4220,Task,Back end development task -1,2,4219.0,REL_X+5,High,In Review,1251.0,1.0,Backend,6.0,1.0,7.0
4221,Task,QA Android,3,4219.0,REL_X+5,High,In Review,1251.0,1.0,QA,14.0,1.0,15.0
4222,Task,Back end development task -1,1,4219.0,REL_X+5,High,Done,1251.0,1.0,Backend,4.0,0.0,4.0
4223,Task,Back end development task -2,1,4219.0,REL_X+5,High,To Do,1251.0,1.0,Backend,5.0,1.0,6.0
4224,Feature,User Profile,34,4156.0,REL_X+5,High,Closed,,,,,,
4225,Business Story,Process Payment,9,4224.0,REL_X+5,High,Closed,,,,,,
4226,User Story,Transaction history,5,4225.0,REL_X+5,High,Done,,,,,,
4227,Task,QA iOS,3,4226.0,REL_X+5,High,Blocked,622.0,8.0,QA,15.0,2.0,17.0
4228,Task,Android development task -1,2,4226.0,REL_X+5,High,To Do,622.0,8.0,Android,8.0,1.0,9.0
4229,User Story,Payment Confirmation,5,4225.0,REL_X+5,High,Blocked,,,,,,
4230,Task,Backend API development,1,4229.0,REL_X+5,High,To Do,567.0,6.0,Backend,5.0,1.0,6.0
4231,Business Story,View Cards,12,4224.0,REL_X+5,High,In Review,,,,,,
4232,User Story,Make a transfer,5,4231.0,REL_X+5,High,Closed,,,,,,
4233,Task,Back end development task -2,2,4232.0,REL_X+5,High,To Do,1689.0,1.0,Backend,8.0,1.0,9.0
4234,User Story,Review transfer,3,4231.0,REL_X+5,High,Closed,,,,,,
4235,Task,Back end development task -1,2,4234.0,REL_X+5,High,In Progress,1434.0,8.0,Backend,10.0,0.0,10.0
4236,Task,iOS development task 1,3,4234.0,REL_X+5,High,Done,1434.0,8.0,iOS,10.0,1.0,11.0
4237,Task,Backend API development,1,4234.0,REL_X+5,High,In Review,1434.0,8.0,Backend,3.0,0.0,3.0
4238,Business Story,Payment Validation,9,4224.0,REL_X+5,High,In Review,,,,,,
4239,User Story,Payment Form,5,4238.0,REL_X+5,High,In Progress,,,,,,
4240,Task,Backend API development,2,4239.0,REL_X+5,High,In Review,345.0,6.0,Backend,8.0,0.0,8.0
4241,User Story,Verify Email,7,4238.0,REL_X+5,High,In Review,,,,,,
4242,Task,QA iOS,3,4241.0,REL_X+5,High,In Progress,1431.0,8.0,QA,10.0,2.0,12.0
4243,User Story,Display Card Menu,4,4238.0,REL_X+5,High,In Review,,,,,,
4244,Task,QA Android,3,4243.0,REL_X+5,High,In Progress,1608.0,6.0,QA,9.0,0.0,9.0
4245,Task,iOS UI implementation,2,4243.0,REL_X+5,High,To Do,1608.0,6.0,iOS,11.0,0.0,11.0
4246,Task,QA iOS,1,4243.0,REL_X+5,High,In Review,1608.0,6.0,QA,4.0,0.0,4.0
4247,Task,iOS development task 1,1,4243.0,REL_X+5,High,Blocked,1608.0,6.0,iOS,5.0,0.0,5.0
4248,Task,Android development task -1,1,4243.0,REL_X+5,High,Blocked,1608.0,6.0,Android,6.0,0.0,6.0
4249,Epic,Payments,55,,REL_X+4,Critical,Done,,,,,,
4250,Feature,User Profile,34,4249.0,REL_X+4,Critical,In Progress,,,,,,
4251,Business Story,Add Card,13,4250.0,REL_X+4,Critical,Blocked,,,,,,
4252,User Story,Error Handling,8,4251.0,REL_X+4,Critical,Closed,,,,,,
4253,Task,iOS development task 1,1,4252.0,REL_X+4,Critical,To Do,25.0,1.0,iOS,5.0,0.0,5.0
4254,Task,QA Android,1,4252.0,REL_X+4,Critical,To Do,25.0,1.0,QA,5.0,0.0,5.0
4255,User Story,Review transfer,5,4251.0,REL_X+4,Critical,Closed,,,,,,
4256,Task,Back end development task -1,3,4255.0,REL_X+4,Critical,Done,1257.0,1.0,Backend,14.0,2.0,16.0
4257,Business Story,Payment Callback,9,4250.0,REL_X+4,Critical,In Progress,,,,,,
4258,User Story,Send email,8,4257.0,REL_X+4,Critical,Closed,,,,,,
4259,Task,Android development task -1,1,4258.0,REL_X+4,Critical,To Do,1162.0,5.0,Android,6.0,0.0,6.0
4260,Task,Back end development task -2,1,4258.0,REL_X+4,Critical,Closed,1162.0,5.0,Backend,6.0,0.0,6.0
4261,Task,Back end development task -1,1,4258.0,REL_X+4,Critical,To Do,1162.0,5.0,Backend,6.0,0.0,6.0
4262,User Story,Error Handling,5,4257.0,REL_X+4,Critical,Closed,,,,,,
4263,Task,iOS development task 1,1,4262.0,REL_X+4,Critical,Done,900.0,3.0,iOS,4.0,0.0,4.0
4264,Task,iOS development task 1,2,4262.0,REL_X+4,Critical,Closed,900.0,3.0,iOS,7.0,0.0,7.0
4265,Task,QA Android,2,4262.0,REL_X+4,Critical,Done,900.0,3.0,QA,8.0,1.0,9.0
4266,Task,QA Android,3,4262.0,REL_X+4,Critical,Blocked,900.0,3.0,QA,9.0,0.0,9.0
4267,User Story,Review transfer,5,4257.0,REL_X+4,Critical,Blocked,,,,,,
4268,Task,QA iOS,1,4267.0,REL_X+4,Critical,Closed,1554.0,4.0,QA,4.0,0.0,4.0
4269,Task,QA Android,3,4267.0,REL_X+4,Critical,In Progress,1554.0,4.0,QA,10.0,1.0,11.0
4270,Feature,Encryption,21,4249.0,REL_X+4,Critical,Blocked,,,,,,
4271,Business Story,Sign Up,11,4270.0,REL_X+4,Critical,In Progress,,,,,,
4272,User Story,Display Card Screen,5,4271.0,REL_X+4,Critical,In Progress,,,,,,
4273,Task,QA iOS,2,4272.0,REL_X+4,Critical,In Progress,1193.0,6.0,QA,10.0,2.0,12.0
4274,User Story,Payment Form,5,4271.0,REL_X+4,Critical,In Progress,,,,,,
4275,Task,iOS development task 1,1,4274.0,REL_X+4,Critical,Closed,631.0,1.0,iOS,3.0,0.0,3.0
4276,Task,iOS UI implementation,3,4274.0,REL_X+4,Critical,In Progress,631.0,1.0,iOS,9.0,1.0,10.0
4277,Task,Back end development task -1,2,4274.0,REL_X+4,Critical,Blocked,631.0,1.0,Backend,10.0,2.0,12.0
4278,Business Story,Update Card,13,4270.0,REL_X+4,Critical,Done,,,,,,
4279,User Story,Review transfer,4,4278.0,REL_X+4,Critical,To Do,,,,,,
4280,Task,Backend API development,1,4279.0,REL_X+4,Critical,In Review,182.0,7.0,Backend,4.0,0.0,4.0
4281,Task,QA iOS,3,4279.0,REL_X+4,Critical,Done,182.0,7.0,QA,16.0,2.0,18.0
4282,Task,Android UI implementation,1,4279.0,REL_X+4,Critical,In Progress,182.0,7.0,Android,4.0,0.0,4.0
4283,Task,iOS UI implementation,1,4279.0,REL_X+4,Critical,In Progress,182.0,7.0,iOS,6.0,0.0,6.0
4284,User Story,Display Card Menu,8,4278.0,REL_X+4,Critical,In Progress,,,,,,
4285,Task,Back end development task -1,3,4284.0,REL_X+4,Critical,In Review,859.0,2.0,Backend,11.0,1.0,12.0
4286,Task,QA Android,2,4284.0,REL_X+4,Critical,Blocked,859.0,2.0,QA,6.0,1.0,7.0
4287,Business Story,Password Reset,10,4270.0,REL_X+4,Critical,Blocked,,,,,,
4288,User Story,Error Handling,4,4287.0,REL_X+4,Critical,Blocked,,,,,,
4289,Task,QA Android,3,4288.0,REL_X+4,Critical,Done,235.0,2.0,QA,12.0,2.0,14.0
4290,Feature,In-App Messages,21,4249.0,REL_X+4,Critical,To Do,,,,,,
4291,Business Story,View Cards,12,4290.0,REL_X+4,Critical,Closed,,,,,,
4292,User Story,Display Card Screen,5,4291.0,REL_X+4,Critical,Done,,,,,,
4293,Task,Environment setup,1,4292.0,REL_X+4,Critical,Closed,1486.0,2.0,DevOps,3.0,0.0,3.0
4294,Task,Back end development task -1,2,4292.0,REL_X+4,Critical,Blocked,1486.0,2.0,Backend,10.0,0.0,10.0
4295,Business Story,Password Reset,10,4290.0,REL_X+4,Critical,To Do,,,,,,
4296,User Story,Payment Confirmation,5,4295.0,REL_X+4,Critical,Done,,,,,,
4297,Task,Environment setup,2,4296.0,REL_X+4,Critical,Closed,761.0,6.0,DevOps,8.0,1.0,9.0
4298,Task,QA Testing,1,4296.0,REL_X+4,Critical,Done,761.0,6.0,QA,3.0,0.0,3.0
4299,Task,Back end development task -2,2,4296.0,REL_X+4,Critical,In Progress,761.0,6.0,Backend,12.0,1.0,13.0
4300,Feature,User Registration,34,4249.0,REL_X+4,Critical,Blocked,,,,,,
4301,Business Story,Remove Card,13,4300.0,REL_X+4,Critical,Blocked,,,,,,
4302,User Story,Make a transfer,7,4301.0,REL_X+4,Critical,Done,,,,,,
4303,Task,Android development task -1,3,4302.0,REL_X+4,Critical,In Progress,566.0,6.0,Android,10.0,2.0,12.0
4304,Task,QA iOS,2,4302.0,REL_X+4,Critical,To Do,566.0,6.0,QA,9.0,0.0,9.0
4305,Task,Back end development task -2,1,4302.0,REL_X+4,Critical,Done,566.0,6.0,Backend,4.0,0.0,4.0
4306,User Story,Payment Confirmation,4,4301.0,REL_X+4,Critical,In Progress,,,,,,
4307,Task,Back end development task -2,1,4306.0,REL_X+4,Critical,Blocked,278.0,3.0,Backend,5.0,1.0,6.0
4308,Task,iOS development task 1,2,4306.0,REL_X+4,Critical,Closed,278.0,3.0,iOS,11.0,0.0,11.0
4309,User Story,Payment Form,7,4301.0,REL_X+4,Critical,Closed,,,,,,
4310,Task,iOS UI implementation,3,4309.0,REL_X+4,Critical,Done,225.0,1.0,iOS,14.0,2.0,16.0
4311,Business Story,Payment Validation,9,4300.0,REL_X+4,Critical,Closed,,,,,,
4312,User Story,Display Card Menu,5,4311.0,REL_X+4,Critical,Closed,,,,,,
4313,Task,Android development task -1,1,4312.0,REL_X+4,Critical,In Review,1285.0,2.0,Android,4.0,0.0,4.0
4314,Epic,Payments,55,,REL_X+5,Medium,In Progress,,,,,,
4315,Feature,Data Export,21,4314.0,REL_X+5,Medium,Closed,,,,,,
4316,Business Story,View Cards,12,4315.0,REL_X+5,Medium,Closed,,,,,,
4317,User Story,Display Card Menu,7,4316.0,REL_X+5,Medium,In Progress,,,,,,
4318,Task,iOS UI implementation,1,4317.0,REL_X+5,Medium,In Review,1031.0,8.0,iOS,3.0,0.0,3.0
4319,Business Story,Email Verification,10,4315.0,REL_X+5,Medium,Blocked,,,,,,
4320,User Story,Display Card Menu,5,4319.0,REL_X+5,Medium,To Do,,,,,,
4321,Task,Back end development task -1,3,4320.0,REL_X+5,Medium,Blocked,706.0,4.0,Backend,16.0,3.0,19.0
4322,Task,QA Android,1,4320.0,REL_X+5,Medium,In Progress,706.0,4.0,QA,3.0,0.0,3.0
4323,Task,Environment setup,2,4320.0,REL_X+5,Medium,Done,706.0,4.0,DevOps,11.0,0.0,11.0
4324,Task,Environment setup,1,4320.0,REL_X+5,Medium,In Review,706.0,4.0,DevOps,3.0,0.0,3.0
4325,Task,Backend API development,3,4320.0,REL_X+5,Medium,Done,706.0,4.0,Backend,9.0,0.0,9.0
4326,Feature,Scheduled Reports,21,4314.0,REL_X+5,Medium,Closed,,,,,,
4327,Business Story,Remove Card,13,4326.0,REL_X+5,Medium,In Review,,,,,,
4328,User Story,Payment Confirmation,7,4327.0,REL_X+5,Medium,To Do,,,,,,
4329,Task,Backend API development,1,4328.0,REL_X+5,Medium,To Do,1270.0,1.0,Backend,3.0,0.0,3.0
4330,Task,iOS UI implementation,1,4328.0,REL_X+5,Medium,Blocked,1270.0,1.0,iOS,3.0,0.0,3.0
4331,Task,QA Android,3,4328.0,REL_X+5,Medium,Blocked,1270.0,1.0,QA,15.0,3.0,18.0
4332,Task,Back end development task -2,1,4328.0,REL_X+5,Medium,To Do,1270.0,1.0,Backend,6.0,0.0,6.0
4333,Business Story,Add Card,13,4326.0,REL_X+5,Medium,Done,,,,,,
4334,User Story,Verify Email,3,4333.0,REL_X+5,Medium,Done,,,,,,
4335,Task,Android development task -1,2,4334.0,REL_X+5,Medium,Blocked,588.0,7.0,Android,9.0,1.0,10.0
4336,Task,QA Android,2,4334.0,REL_X+5,Medium,Closed,588.0,7.0,QA,10.0,0.0,10.0
4337,Task,Back end development task -1,2,4334.0,REL_X+5,Medium,In Review,588.0,7.0,Backend,8.0,0.0,8.0
4338,User Story,Send email,5,4333.0,REL_X+5,Medium,Blocked,,,,,,
4339,Task,QA Android,1,4338.0,REL_X+5,Medium,In Progress,343.0,6.0,QA,4.0,0.0,4.0
4340,Task,iOS UI implementation,3,4338.0,REL_X+5,Medium,In Review,343.0,6.0,iOS,10.0,0.0,10.0
4341,Task,Android development task -1,1,4338.0,REL_X+5,Medium,Closed,343.0,6.0,Android,6.0,0.0,6.0
4342,Task,QA iOS,3,4338.0,REL_X+5,Medium,In Review,343.0,6.0,QA,17.0,2.0,19.0
4343,User Story,Payment Confirmation,5,4333.0,REL_X+5,Medium,To Do,,,,,,
4344,Task,Back end development task -2,2,4343.0,REL_X+5,Medium,Closed,1391.0,6.0,Backend,9.0,0.0,9.0
4345,Task,iOS UI implementation,1,4343.0,REL_X+5,Medium,Closed,1391.0,6.0,iOS,4.0,0.0,4.0
4346,Task,Environment setup,2,4343.0,REL_X+5,Medium,Blocked,1391.0,6.0,DevOps,10.0,2.0,12.0
4347,Task,iOS development task 1,1,4343.0,REL_X+5,Medium,In Progress,1391.0,6.0,iOS,5.0,0.0,5.0
4348,Task,Android development task -1,3,4343.0,REL_X+5,Medium,Closed,1391.0,6.0,Android,11.0,1.0,12.0
4349,Feature,Encryption,21,4314.0,REL_X+5,Medium,To Do,,,,,,
4350,Business Story,Payment Validation,9,4349.0,REL_X+5,Medium,In Progress,,,,,,
4351,User Story,Review transfer,7,4350.0,REL_X+5,Medium,In Progress,,,,,,
4352,Task,QA Android,3,4351.0,REL_X+5,Medium,Blocked,159.0,7.0,QA,17.0,3.0,20.0
4353,User Story,Display Card Menu,3,4350.0,REL_X+5,Medium,Closed,,,,,,
4354,Task,Android UI implementation,2,4353.0,REL_X+5,Medium,Blocked,547.0,6.0,Android,9.0,1.0,10.0
4355,Task,QA iOS,2,4353.0,REL_X+5,Medium,Closed,547.0,6.0,QA,9.0,1.0,10.0
4356,Task,QA iOS,3,4353.0,REL_X+5,Medium,Blocked,547.0,6.0,QA,14.0,0.0,14.0
4357,Business Story,View Cards,12,4349.0,REL_X+5,Medium,In Review,,,,,,
4358,User Story,Payment Form,5,4357.0,REL_X+5,Medium,Closed,,,,,,
4359,Task,Backend API development,3,4358.0,REL_X+5,Medium,In Progress,1218.0,7.0,Backend,10.0,1.0,11.0
4360,Task,iOS development task 1,1,4358.0,REL_X+5,Medium,In Review,1218.0,7.0,iOS,4.0,0.0,4.0
4361,Task,QA Android,1,4358.0,REL_X+5,Medium,Done,1218.0,7.0,QA,3.0,0.0,3.0
4362,Task,Android development task -1,2,4358.0,REL_X+5,Medium,In Progress,1218.0,7.0,Android,12.0,1.0,13.0
4363,Task,Backend API development,2,4358.0,REL_X+5,Medium,Done,1218.0,7.0,Backend,8.0,1.0,9.0
4364,User Story,Transaction history,5,4357.0,REL_X+5,Medium,In Review,,,,,,
4365,Task,QA iOS,1,4364.0,REL_X+5,Medium,Blocked,1730.0,3.0,QA,4.0,0.0,4.0
4366,Task,iOS development task 1,1,4364.0,REL_X+5,Medium,In Review,1730.0,3.0,iOS,5.0,0.0,5.0
4367,Task,QA iOS,1,4364.0,REL_X+5,Medium,Closed,1730.0,3.0,QA,5.0,0.0,5.0
4368,Task,iOS development task 1,2,4364.0,REL_X+5,Medium,In Progress,1730.0,3.0,iOS,10.0,0.0,10.0
4369,User Story,Verify Email,6,4357.0,REL_X+5,Medium,In Progress,,,,,,
4370,Task,Android development task -1,2,4369.0,REL_X+5,Medium,Closed,851.0,1.0,Android,8.0,0.0,8.0
4371,Business Story,Payment Callback,9,4349.0,REL_X+5,Medium,To Do,,,,,,
4372,User Story,Error Handling,5,4371.0,REL_X+5,Medium,Blocked,,,,,,
4373,Task,Back end development task -1,1,4372.0,REL_X+5,Medium,Done,463.0,2.0,Backend,3.0,0.0,3.0
4374,User Story,Verify Email,7,4371.0,REL_X+5,Medium,In Progress,,,,,,
4375,Task,Environment setup,1,4374.0,REL_X+5,Medium,Done,291.0,4.0,DevOps,6.0,0.0,6.0
4376,Feature,Payment Gateway,34,4314.0,REL_X+5,Medium,In Review,,,,,,
4377,Business Story,Update Card,13,4376.0,REL_X+5,Medium,Closed,,,,,,
4378,User Story,Make a transfer,7,4377.0,REL_X+5,Medium,Done,,,,,,
4379,Task,iOS development task 1,1,4378.0,REL_X+5,Medium,To Do,1634.0,7.0,iOS,6.0,0.0,6.0
4380,Task,QA Testing,1,4378.0,REL_X+5,Medium,Closed,1634.0,7.0,QA,4.0,0.0,4.0
4381,Task,iOS UI implementation,2,4378.0,REL_X+5,Medium,In Progress,1634.0,7.0,iOS,11.0,0.0,11.0
4382,Task,Android UI implementation,1,4378.0,REL_X+5,Medium,Blocked,1634.0,7.0,Android,4.0,0.0,4.0
4383,User Story,Verify Email,5,4377.0,REL_X+5,Medium,Blocked,,,,,,
4384,Task,Android UI implementation,1,4383.0,REL_X+5,Medium,Closed,386.0,7.0,Android,5.0,0.0,5.0
4385,Task,Back end development task -2,3,4383.0,REL_X+5,Medium,Blocked,386.0,7.0,Backend,14.0,0.0,14.0
4386,Business Story,View Cards,12,4376.0,REL_X+5,Medium,Done,,,,,,
4387,User Story,Display Card Menu,8,4386.0,REL_X+5,Medium,In Review,,,,,,
4388,Task,Back end development task -2,1,4387.0,REL_X+5,Medium,Closed,667.0,2.0,Backend,4.0,0.0,4.0
4389,Task,QA iOS,2,4387.0,REL_X+5,Medium,In Progress,667.0,2.0,QA,6.0,1.0,7.0
4390,Task,QA iOS,1,4387.0,REL_X+5,Medium,Blocked,667.0,2.0,QA,4.0,0.0,4.0
4391,Task,Back end development task -1,2,4387.0,REL_X+5,Medium,In Progress,667.0,2.0,Backend,7.0,0.0,7.0
4392,Task,Backend API development,2,4387.0,REL_X+5,Medium,To Do,667.0,2.0,Backend,11.0,2.0,13.0
4393,Business Story,Email Verification,10,4376.0,REL_X+5,Medium,Blocked,,,,,,
4394,User Story,Display Card Menu,4,4393.0,REL_X+5,Medium,In Progress,,,,,,
4395,Task,QA Android,1,4394.0,REL_X+5,Medium,In Progress,775.0,6.0,QA,4.0,0.0,4.0
4396,Task,Back end development task -1,2,4394.0,REL_X+5,Medium,In Progress,775.0,6.0,Backend,7.0,1.0,8.0
4397,Task,QA Android,1,4394.0,REL_X+5,Medium,Closed,775.0,6.0,QA,5.0,1.0,6.0
4398,Task,QA Android,3,4394.0,REL_X+5,Medium,In Progress,775.0,6.0,QA,11.0,0.0,11.0
4399,Task,Android UI implementation,1,4394.0,REL_X+5,Medium,To Do,775.0,6.0,Android,4.0,0.0,4.0
4400,Epic,Security,55,,REL_X+7,Critical,Closed,,,,,,
4401,Feature,Recurring Billing,21,4400.0,REL_X+7,Critical,In Progress,,,,,,
4402,Business Story,Password Reset,10,4401.0,REL_X+7,Critical,To Do,,,,,,
4403,User Story,Verify Email,8,4402.0,REL_X+7,Critical,Done,,,,,,
4404,Task,QA iOS,1,4403.0,REL_X+7,Critical,Done,941.0,5.0,QA,6.0,0.0,6.0
4405,User Story,Display Card Screen,7,4402.0,REL_X+7,Critical,In Progress,,,,,,
4406,Task,iOS development task 1,1,4405.0,REL_X+7,Critical,Blocked,781.0,7.0,iOS,3.0,0.0,3.0
4407,Business Story,Remove Card,13,4401.0,REL_X+7,Critical,To Do,,,,,,
4408,User Story,Payment Confirmation,7,4407.0,REL_X+7,Critical,Done,,,,,,
4409,Task,QA iOS,2,4408.0,REL_X+7,Critical,Closed,1389.0,6.0,QA,12.0,1.0,13.0
4410,Task,iOS UI implementation,3,4408.0,REL_X+7,Critical,In Review,1389.0,6.0,iOS,13.0,2.0,15.0
4411,Task,Backend API development,1,4408.0,REL_X+7,Critical,In Review,1389.0,6.0,Backend,5.0,1.0,6.0
4412,Task,Android development task -1,1,4408.0,REL_X+7,Critical,In Progress,1389.0,6.0,Android,4.0,0.0,4.0
4413,Task,QA iOS,3,4408.0,REL_X+7,Critical,Closed,1389.0,6.0,QA,17.0,0.0,17.0
4414,User Story,Review transfer,4,4407.0,REL_X+7,Critical,Done,,,,,,
4415,Task,Android development task -1,1,4414.0,REL_X+7,Critical,In Progress,599.0,8.0,Android,4.0,0.0,4.0
4416,Task,QA Android,1,4414.0,REL_X+7,Critical,Done,599.0,8.0,QA,6.0,0.0,6.0
4417,Task,QA iOS,1,4414.0,REL_X+7,Critical,In Progress,599.0,8.0,QA,3.0,0.0,3.0
4418,Business Story,Email Verification,10,4401.0,REL_X+7,Critical,Closed,,,,,,
4419,User Story,Payment Form,7,4418.0,REL_X+7,Critical,To Do,,,,,,
4420,Task,iOS development task 1,1,4419.0,REL_X+7,Critical,To Do,1089.0,2.0,iOS,6.0,1.0,7.0
4421,User Story,Review transfer,7,4418.0,REL_X+7,Critical,To Do,,,,,,
4422,Task,Back end development task -1,3,4421.0,REL_X+7,Critical,Closed,995.0,7.0,Backend,13.0,0.0,13.0
4423,Task,QA iOS,1,4421.0,REL_X+7,Critical,Blocked,995.0,7.0,QA,3.0,0.0,3.0
4424,Task,QA iOS,1,4421.0,REL_X+7,Critical,Closed,995.0,7.0,QA,3.0,0.0,3.0
4425,User Story,Display Card Screen,5,4418.0,REL_X+7,Critical,Done,,,,,,
4426,Task,QA Android,1,4425.0,REL_X+7,Critical,Blocked,1697.0,2.0,QA,5.0,1.0,6.0
4427,Task,Back end development task -2,1,4425.0,REL_X+7,Critical,In Progress,1697.0,2.0,Backend,5.0,0.0,5.0
4428,Task,Environment setup,1,4425.0,REL_X+7,Critical,To Do,1697.0,2.0,DevOps,6.0,1.0,7.0
4429,Task,Environment setup,2,4425.0,REL_X+7,Critical,In Review,1697.0,2.0,DevOps,11.0,1.0,12.0
4430,Feature,Encryption,21,4400.0,REL_X+7,Critical,Blocked,,,,,,
4431,Business Story,Add Card,13,4430.0,REL_X+7,Critical,Done,,,,,,
4432,User Story,Error Handling,5,4431.0,REL_X+7,Critical,Done,,,,,,
4433,Task,QA iOS,1,4432.0,REL_X+7,Critical,To Do,1018.0,8.0,QA,3.0,0.0,3.0
4434,Task,iOS development task 1,1,4432.0,REL_X+7,Critical,To Do,1018.0,8.0,iOS,4.0,0.0,4.0
4435,Task,QA Testing,1,4432.0,REL_X+7,Critical,In Review,1018.0,8.0,QA,3.0,0.0,3.0
4436,Business Story,Remove Card,13,4430.0,REL_X+7,Critical,To Do,,,,,,
4437,User Story,Error Handling,5,4436.0,REL_X+7,Critical,Closed,,,,,,
4438,Task,Backend API development,1,4437.0,REL_X+7,Critical,To Do,881.0,2.0,Backend,6.0,1.0,7.0
4439,Task,QA Testing,1,4437.0,REL_X+7,Critical,Blocked,881.0,2.0,QA,4.0,0.0,4.0
4440,Task,QA Testing,1,4437.0,REL_X+7,Critical,Blocked,881.0,2.0,QA,4.0,0.0,4.0
4441,Task,Backend API development,2,4437.0,REL_X+7,Critical,In Review,881.0,2.0,Backend,6.0,1.0,7.0
4442,Task,QA Testing,2,4437.0,REL_X+7,Critical,In Progress,881.0,2.0,QA,9.0,1.0,10.0
4443,Business Story,Password Reset,10,4430.0,REL_X+7,Critical,Closed,,,,,,
4444,User Story,Error Handling,8,4443.0,REL_X+7,Critical,Closed,,,,,,
4445,Task,QA Android,1,4444.0,REL_X+7,Critical,In Review,1420.0,7.0,QA,3.0,0.0,3.0
4446,Task,Android development task -1,1,4444.0,REL_X+7,Critical,In Progress,1420.0,7.0,Android,5.0,0.0,5.0
4447,Task,iOS development task 1,1,4444.0,REL_X+7,Critical,Done,1420.0,7.0,iOS,4.0,0.0,4.0
4448,Feature,SMS Alerts,21,4400.0,REL_X+7,Critical,To Do,,,,,,
4449,Business Story,Add Card,13,4448.0,REL_X+7,Critical,Blocked,,,,,,
4450,User Story,Transaction history,6,4449.0,REL_X+7,Critical,In Review,,,,,,
4451,Task,Back end development task -2,1,4450.0,REL_X+7,Critical,Blocked,983.0,6.0,Backend,6.0,1.0,7.0
4452,User Story,Payment Form,5,4449.0,REL_X+7,Critical,Done,,,,,,
4453,Task,QA Testing,1,4452.0,REL_X+7,Critical,In Review,1363.0,5.0,QA,6.0,1.0,7.0
4454,Task,Environment setup,1,4452.0,REL_X+7,Critical,In Review,1363.0,5.0,DevOps,4.0,0.0,4.0
4455,Task,iOS UI implementation,2,4452.0,REL_X+7,Critical,In Review,1363.0,5.0,iOS,6.0,1.0,7.0
4456,Task,Back end development task -2,1,4452.0,REL_X+7,Critical,In Review,1363.0,5.0,Backend,4.0,0.0,4.0
4457,Business Story,Email Verification,10,4448.0,REL_X+7,Critical,Closed,,,,,,
4458,User Story,Payment Form,4,4457.0,REL_X+7,Critical,Done,,,,,,
4459,Task,iOS development task 1,2,4458.0,REL_X+7,Critical,Blocked,1514.0,3.0,iOS,10.0,0.0,10.0
4460,Task,Android UI implementation,1,4458.0,REL_X+7,Critical,Done,1514.0,3.0,Android,5.0,0.0,5.0
4461,Task,Backend API development,1,4458.0,REL_X+7,Critical,Closed,1514.0,3.0,Backend,4.0,0.0,4.0
4462,Task,QA Android,2,4458.0,REL_X+7,Critical,In Progress,1514.0,3.0,QA,11.0,0.0,11.0
4463,Business Story,Process Payment,9,4448.0,REL_X+7,Critical,In Review,,,,,,
4464,User Story,Display Card Screen,5,4463.0,REL_X+7,Critical,Blocked,,,,,,
4465,Task,iOS UI implementation,1,4464.0,REL_X+7,Critical,Done,847.0,1.0,iOS,3.0,0.0,3.0
4466,Task,Android development task -1,3,4464.0,REL_X+7,Critical,Done,847.0,1.0,Android,18.0,2.0,20.0
4467,User Story,Make a transfer,5,4463.0,REL_X+7,Critical,In Review,,,,,,
4468,Task,Back end development task -1,1,4467.0,REL_X+7,Critical,In Review,848.0,1.0,Backend,5.0,1.0,6.0
4469,Task,Back end development task -1,1,4467.0,REL_X+7,Critical,In Review,848.0,1.0,Backend,5.0,0.0,5.0
4470,Task,iOS development task 1,1,4467.0,REL_X+7,Critical,Closed,848.0,1.0,iOS,4.0,0.0,4.0
4471,Task,iOS development task 1,1,4467.0,REL_X+7,Critical,In Progress,848.0,1.0,iOS,6.0,1.0,7.0
4472,Feature,Payment Gateway,34,4400.0,REL_X+7,Critical,Done,,,,,,
4473,Business Story,Password Reset,10,4472.0,REL_X+7,Critical,Done,,,,,,
4474,User Story,Payment Confirmation,5,4473.0,REL_X+7,Critical,Done,,,,,,
4475,Task,iOS UI implementation,1,4474.0,REL_X+7,Critical,Done,673.0,2.0,iOS,6.0,0.0,6.0
4476,Task,iOS development task 1,1,4474.0,REL_X+7,Critical,To Do,673.0,2.0,iOS,4.0,0.0,4.0
4477,Task,Android UI implementation,1,4474.0,REL_X+7,Critical,Blocked,673.0,2.0,Android,4.0,0.0,4.0
4478,Task,Back end development task -2,1,4474.0,REL_X+7,Critical,In Progress,673.0,2.0,Backend,5.0,1.0,6.0
4479,Task,Android development task -1,2,4474.0,REL_X+7,Critical,In Review,673.0,2.0,Android,12.0,1.0,13.0
4480,User Story,Make a transfer,5,4473.0,REL_X+7,Critical,Done,,,,,,
4481,Task,Back end development task -2,1,4480.0,REL_X+7,Critical,In Review,271.0,3.0,Backend,3.0,0.0,3.0
4482,Task,iOS UI implementation,3,4480.0,REL_X+7,Critical,In Progress,271.0,3.0,iOS,15.0,0.0,15.0
4483,User Story,Error Handling,6,4473.0,REL_X+7,Critical,In Progress,,,,,,
4484,Task,Back end development task -1,1,4483.0,REL_X+7,Critical,In Progress,1161.0,5.0,Backend,5.0,0.0,5.0
4485,Business Story,Sign Up,11,4472.0,REL_X+7,Critical,To Do,,,,,,
4486,User Story,Payment Form,5,4485.0,REL_X+7,Critical,Blocked,,,,,,
4487,Task,Backend API development,1,4486.0,REL_X+7,Critical,To Do,1771.0,5.0,Backend,5.0,1.0,6.0
4488,Task,iOS UI implementation,3,4486.0,REL_X+7,Critical,Done,1771.0,5.0,iOS,10.0,2.0,12.0
4489,Task,QA Android,3,4486.0,REL_X+7,Critical,In Review,1771.0,5.0,QA,13.0,2.0,15.0
4490,Business Story,Add Card,13,4472.0,REL_X+7,Critical,Done,,,,,,
4491,User Story,Review transfer,5,4490.0,REL_X+7,Critical,Blocked,,,,,,
4492,Task,Environment setup,1,4491.0,REL_X+7,Critical,In Progress,795.0,7.0,DevOps,5.0,0.0,5.0
4493,Task,Android development task -1,3,4491.0,REL_X+7,Critical,In Progress,795.0,7.0,Android,12.0,1.0,13.0
4494,User Story,Transaction history,8,4490.0,REL_X+7,Critical,Closed,,,,,,
4495,Task,Back end development task -1,1,4494.0,REL_X+7,Critical,In Progress,278.0,3.0,Backend,6.0,1.0,7.0
4496,Epic,Security,55,,REL_X+8,Medium,Closed,,,,,,
4497,Feature,User Registration,34,4496.0,REL_X+8,Medium,In Progress,,,,,,
4498,Business Story,Payment Callback,9,4497.0,REL_X+8,Medium,Done,,,,,,
4499,User Story,Display Card Menu,5,4498.0,REL_X+8,Medium,Closed,,,,,,
4500,Task,iOS development task 1,1,4499.0,REL_X+8,Medium,Closed,643.0,1.0,iOS,3.0,0.0,3.0
4501,Task,Environment setup,2,4499.0,REL_X+8,Medium,In Review,643.0,1.0,DevOps,9.0,1.0,10.0
4502,Business Story,Password Reset,10,4497.0,REL_X+8,Medium,To Do,,,,,,
4503,User Story,Transaction history,8,4502.0,REL_X+8,Medium,In Review,,,,,,
4504,Task,Back end development task -2,1,4503.0,REL_X+8,Medium,In Progress,426.0,1.0,Backend,5.0,0.0,5.0
4505,Task,QA iOS,3,4503.0,REL_X+8,Medium,Blocked,426.0,1.0,QA,18.0,2.0,20.0
4506,Task,Backend API development,1,4503.0,REL_X+8,Medium,Closed,426.0,1.0,Backend,6.0,1.0,7.0
4507,User Story,Review transfer,7,4502.0,REL_X+8,Medium,In Progress,,,,,,
4508,Task,Android development task -1,2,4507.0,REL_X+8,Medium,To Do,408.0,8.0,Android,7.0,0.0,7.0
4509,Task,Android development task -1,1,4507.0,REL_X+8,Medium,Done,408.0,8.0,Android,5.0,1.0,6.0
4510,Business Story,Payment Validation,9,4497.0,REL_X+8,Medium,To Do,,,,,,
4511,User Story,Review transfer,7,4510.0,REL_X+8,Medium,In Progress,,,,,,
4512,Task,QA Android,1,4511.0,REL_X+8,Medium,To Do,45.0,2.0,QA,6.0,1.0,7.0
4513,Task,iOS development task 1,2,4511.0,REL_X+8,Medium,In Review,45.0,2.0,iOS,9.0,1.0,10.0
4514,Feature,Authorization,34,4496.0,REL_X+8,Medium,To Do,,,,,,
4515,Business Story,Password Reset,10,4514.0,REL_X+8,Medium,Done,,,,,,
4516,User Story,Send email,7,4515.0,REL_X+8,Medium,To Do,,,,,,
4517,Task,QA Android,1,4516.0,REL_X+8,Medium,In Progress,356.0,6.0,QA,3.0,0.0,3.0
4518,Task,iOS development task 1,3,4516.0,REL_X+8,Medium,To Do,356.0,6.0,iOS,11.0,0.0,11.0
4519,Task,QA Android,1,4516.0,REL_X+8,Medium,In Progress,356.0,6.0,QA,4.0,0.0,4.0
4520,User Story,Error Handling,5,4515.0,REL_X+8,Medium,Blocked,,,,,,
4521,Task,Back end development task -1,1,4520.0,REL_X+8,Medium,Closed,140.0,6.0,Backend,4.0,0.0,4.0
4522,Task,Android development task -1,1,4520.0,REL_X+8,Medium,Blocked,140.0,6.0,Android,5.0,0.0,5.0
4523,Task,iOS UI implementation,3,4520.0,REL_X+8,Medium,Done,140.0,6.0,iOS,13.0,2.0,15.0
4524,Task,Android UI implementation,2,4520.0,REL_X+8,Medium,Closed,140.0,6.0,Android,6.0,1.0,7.0
4525,Task,QA Testing,1,4520.0,REL_X+8,Medium,To Do,140.0,6.0,QA,5.0,1.0,6.0
4526,User Story,Review transfer,5,4515.0,REL_X+8,Medium,Done,,,,,,
4527,Task,iOS development task 1,1,4526.0,REL_X+8,Medium,Done,1766.0,4.0,iOS,5.0,0.0,5.0
4528,Task,Android UI implementation,1,4526.0,REL_X+8,Medium,In Review,1766.0,4.0,Android,6.0,0.0,6.0
4529,Business Story,Update Card,13,4514.0,REL_X+8,Medium,Done,,,,,,
4530,User Story,Make a transfer,4,4529.0,REL_X+8,Medium,Done,,,,,,
4531,Task,QA iOS,1,4530.0,REL_X+8,Medium,Done,83.0,4.0,QA,5.0,1.0,6.0
4532,Task,Android development task -1,3,4530.0,REL_X+8,Medium,Closed,83.0,4.0,Android,16.0,1.0,17.0
4533,Task,QA Android,1,4530.0,REL_X+8,Medium,To Do,83.0,4.0,QA,3.0,0.0,3.0
4534,Task,Android development task -1,1,4530.0,REL_X+8,Medium,Done,83.0,4.0,Android,3.0,0.0,3.0
4535,Task,Android UI implementation,3,4530.0,REL_X+8,Medium,Closed,83.0,4.0,Android,9.0,0.0,9.0
4536,Business Story,Process Payment,9,4514.0,REL_X+8,Medium,In Review,,,,,,
4537,User Story,Payment Confirmation,5,4536.0,REL_X+8,Medium,To Do,,,,,,
4538,Task,QA Testing,1,4537.0,REL_X+8,Medium,Done,931.0,4.0,QA,3.0,0.0,3.0
4539,User Story,Verify Email,4,4536.0,REL_X+8,Medium,To Do,,,,,,
4540,Task,iOS development task 1,2,4539.0,REL_X+8,Medium,Closed,1204.0,7.0,iOS,7.0,1.0,8.0
4541,Task,iOS development task 1,1,4539.0,REL_X+8,Medium,In Progress,1204.0,7.0,iOS,4.0,0.0,4.0
4542,Task,QA Testing,3,4539.0,REL_X+8,Medium,In Progress,1204.0,7.0,QA,13.0,0.0,13.0
4543,Task,Android UI implementation,1,4539.0,REL_X+8,Medium,In Review,1204.0,7.0,Android,3.0,0.0,3.0
4544,Task,Android development task -1,1,4539.0,REL_X+8,Medium,Blocked,1204.0,7.0,Android,6.0,0.0,6.0
4545,User Story,Display Card Menu,5,4536.0,REL_X+8,Medium,Closed,,,,,,
4546,Task,Backend API development,3,4545.0,REL_X+8,Medium,Closed,1661.0,8.0,Backend,12.0,0.0,12.0
4547,Task,Back end development task -1,2,4545.0,REL_X+8,Medium,In Progress,1661.0,8.0,Backend,12.0,0.0,12.0
4548,Task,Android development task -1,1,4545.0,REL_X+8,Medium,In Review,1661.0,8.0,Android,6.0,0.0,6.0
4549,Epic,Notifications,55,,REL_X+10,Critical,Done,,,,,,
4550,Feature,In-App Messages,21,4549.0,REL_X+10,Critical,Blocked,,,,,,
4551,Business Story,Update Card,13,4550.0,REL_X+10,Critical,In Review,,,,,,
4552,User Story,Verify Email,3,4551.0,REL_X+10,Critical,In Review,,,,,,
4553,Task,QA Testing,1,4552.0,REL_X+10,Critical,Blocked,389.0,7.0,QA,4.0,0.0,4.0
4554,Task,QA Android,1,4552.0,REL_X+10,Critical,In Progress,389.0,7.0,QA,5.0,1.0,6.0
4555,Task,iOS development task 1,1,4552.0,REL_X+10,Critical,In Review,389.0,7.0,iOS,6.0,1.0,7.0
4556,Task,QA iOS,1,4552.0,REL_X+10,Critical,To Do,389.0,7.0,QA,5.0,0.0,5.0
4557,User Story,Payment Confirmation,5,4551.0,REL_X+10,Critical,Blocked,,,,,,
4558,Task,Environment setup,1,4557.0,REL_X+10,Critical,Closed,716.0,4.0,DevOps,4.0,0.0,4.0
4559,Task,QA Android,2,4557.0,REL_X+10,Critical,Done,716.0,4.0,QA,7.0,0.0,7.0
4560,Task,Android development task -1,1,4557.0,REL_X+10,Critical,In Progress,716.0,4.0,Android,5.0,1.0,6.0
4561,Task,Back end development task -2,1,4557.0,REL_X+10,Critical,Closed,716.0,4.0,Backend,5.0,1.0,6.0
4562,Task,Backend API development,1,4557.0,REL_X+10,Critical,Closed,716.0,4.0,Backend,4.0,0.0,4.0
4563,User Story,Send email,6,4551.0,REL_X+10,Critical,In Progress,,,,,,
4564,Task,QA iOS,3,4563.0,REL_X+10,Critical,In Progress,1323.0,3.0,QA,13.0,2.0,15.0
4565,Task,Back end development task -2,1,4563.0,REL_X+10,Critical,Closed,1323.0,3.0,Backend,3.0,0.0,3.0
4566,Task,iOS development task 1,2,4563.0,REL_X+10,Critical,To Do,1323.0,3.0,iOS,6.0,1.0,7.0
4567,Task,QA Android,1,4563.0,REL_X+10,Critical,Closed,1323.0,3.0,QA,3.0,0.0,3.0
4568,Business Story,Add Card,13,4550.0,REL_X+10,Critical,Done,,,,,,
4569,User Story,Display Card Menu,5,4568.0,REL_X+10,Critical,Done,,,,,,
4570,Task,QA iOS,1,4569.0,REL_X+10,Critical,In Progress,1745.0,4.0,QA,3.0,0.0,3.0
4571,Task,iOS development task 1,3,4569.0,REL_X+10,Critical,In Review,1745.0,4.0,iOS,11.0,0.0,11.0
4572,Feature,Audit Logs,21,4549.0,REL_X+10,Critical,Closed,,,,,,
4573,Business Story,Payment Validation,9,4572.0,REL_X+10,Critical,Done,,,,,,
4574,User Story,Verify Email,5,4573.0,REL_X+10,Critical,Done,,,,,,
4575,Task,Android development task -1,3,4574.0,REL_X+10,Critical,To Do,1023.0,8.0,Android,10.0,2.0,12.0
4576,Task,QA iOS,1,4574.0,REL_X+10,Critical,In Review,1023.0,8.0,QA,3.0,0.0,3.0
4577,Task,Android development task -1,2,4574.0,REL_X+10,Critical,To Do,1023.0,8.0,Android,12.0,2.0,14.0
4578,Task,Back end development task -2,2,4574.0,REL_X+10,Critical,Blocked,1023.0,8.0,Backend,7.0,1.0,8.0
4579,Business Story,Remove Card,13,4572.0,REL_X+10,Critical,Closed,,,,,,
4580,User Story,Payment Form,5,4579.0,REL_X+10,Critical,Closed,,,,,,
4581,Task,Android development task -1,3,4580.0,REL_X+10,Critical,Closed,795.0,7.0,Android,15.0,2.0,17.0
4582,Task,iOS development task 1,2,4580.0,REL_X+10,Critical,In Progress,795.0,7.0,iOS,11.0,0.0,11.0
4583,Task,Android development task -1,2,4580.0,REL_X+10,Critical,Closed,795.0,7.0,Android,6.0,0.0,6.0
4584,Task,iOS UI implementation,3,4580.0,REL_X+10,Critical,In Progress,795.0,7.0,iOS,11.0,0.0,11.0
4585,User Story,Review transfer,4,4579.0,REL_X+10,Critical,In Review,,,,,,
4586,Task,Back end development task -2,1,4585.0,REL_X+10,Critical,To Do,1414.0,7.0,Backend,5.0,0.0,5.0
4587,User Story,Send email,5,4579.0,REL_X+10,Critical,Blocked,,,,,,
4588,Task,iOS development task 1,1,4587.0,REL_X+10,Critical,Blocked,1047.0,1.0,iOS,6.0,0.0,6.0
4589,Task,iOS development task 1,2,4587.0,REL_X+10,Critical,Closed,1047.0,1.0,iOS,10.0,0.0,10.0
4590,Task,QA iOS,2,4587.0,REL_X+10,Critical,Closed,1047.0,1.0,QA,7.0,0.0,7.0
4591,Task,Back end development task -1,1,4587.0,REL_X+10,Critical,Blocked,1047.0,1.0,Backend,6.0,1.0,7.0
4592,Task,Back end development task -1,2,4587.0,REL_X+10,Critical,Closed,1047.0,1.0,Backend,11.0,0.0,11.0
4593,Business Story,Email Verification,10,4572.0,REL_X+10,Critical,To Do,,,,,,
4594,User Story,Display Card Menu,5,4593.0,REL_X+10,Critical,In Progress,,,,,,
4595,Task,QA iOS,1,4594.0,REL_X+10,Critical,To Do,1532.0,3.0,QA,6.0,0.0,6.0
4596,Task,Back end development task -1,1,4594.0,REL_X+10,Critical,In Progress,1532.0,3.0,Backend,3.0,0.0,3.0
4597,Feature,User Registration,34,4549.0,REL_X+10,Critical,In Review,,,,,,
4598,Business Story,Payment Validation,9,4597.0,REL_X+10,Critical,Done,,,,,,
4599,User Story,Display Card Menu,8,4598.0,REL_X+10,Critical,Done,,,,,,
4600,Task,Back end development task -2,1,4599.0,REL_X+10,Critical,In Progress,351.0,6.0,Backend,6.0,1.0,7.0
4601,Task,Android UI implementation,2,4599.0,REL_X+10,Critical,In Progress,351.0,6.0,Android,7.0,0.0,7.0
4602,Task,QA Android,3,4599.0,REL_X+10,Critical,Closed,351.0,6.0,QA,17.0,3.0,20.0
4603,Task,QA Android,1,4599.0,REL_X+10,Critical,Closed,351.0,6.0,QA,6.0,1.0,7.0
4604,Task,Environment setup,2,4599.0,REL_X+10,Critical,Closed,351.0,6.0,DevOps,11.0,0.0,11.0
4605,User Story,Send email,8,4598.0,REL_X+10,Critical,Blocked,,,,,,
4606,Task,Android UI implementation,1,4605.0,REL_X+10,Critical,To Do,363.0,6.0,Android,6.0,1.0,7.0
4607,Task,Back end development task -1,3,4605.0,REL_X+10,Critical,Closed,363.0,6.0,Backend,12.0,0.0,12.0
4608,Task,QA iOS,1,4605.0,REL_X+10,Critical,To Do,363.0,6.0,QA,4.0,0.0,4.0
4609,Task,Back end development task -1,1,4605.0,REL_X+10,Critical,Closed,363.0,6.0,Backend,4.0,0.0,4.0
4610,User Story,Make a transfer,5,4598.0,REL_X+10,Critical,To Do,,,,,,
4611,Task,QA iOS,2,4610.0,REL_X+10,Critical,Closed,1083.0,2.0,QA,12.0,2.0,14.0
4612,Task,Back end development task -1,1,4610.0,REL_X+10,Critical,Blocked,1083.0,2.0,Backend,6.0,1.0,7.0
4613,Task,iOS development task 1,2,4610.0,REL_X+10,Critical,Done,1083.0,2.0,iOS,9.0,1.0,10.0
4614,Task,QA iOS,1,4610.0,REL_X+10,Critical,In Progress,1083.0,2.0,QA,3.0,0.0,3.0
4615,Business Story,View Cards,12,4597.0,REL_X+10,Critical,To Do,,,,,,
4616,User Story,Make a transfer,8,4615.0,REL_X+10,Critical,To Do,,,,,,
4617,Task,iOS development task 1,1,4616.0,REL_X+10,Critical,Done,944.0,5.0,iOS,6.0,0.0,6.0
4618,Task,Android development task -1,1,4616.0,REL_X+10,Critical,Closed,944.0,5.0,Android,6.0,0.0,6.0
4619,Task,Back end development task -1,3,4616.0,REL_X+10,Critical,Blocked,944.0,5.0,Backend,11.0,2.0,13.0
4620,Task,Backend API development,1,4616.0,REL_X+10,Critical,In Progress,944.0,5.0,Backend,6.0,1.0,7.0
4621,Task,QA Android,2,4616.0,REL_X+10,Critical,In Review,944.0,5.0,QA,6.0,0.0,6.0
4622,User Story,Payment Form,5,4615.0,REL_X+10,Critical,In Review,,,,,,
4623,Task,QA iOS,1,4622.0,REL_X+10,Critical,Closed,1264.0,1.0,QA,4.0,0.0,4.0
4624,Task,iOS UI implementation,2,4622.0,REL_X+10,Critical,Closed,1264.0,1.0,iOS,6.0,1.0,7.0
4625,Task,Android development task -1,3,4622.0,REL_X+10,Critical,Blocked,1264.0,1.0,Android,18.0,0.0,18.0
4626,Task,iOS development task 1,2,4622.0,REL_X+10,Critical,Blocked,1264.0,1.0,iOS,7.0,1.0,8.0
4627,Task,Android development task -1,1,4622.0,REL_X+10,Critical,Blocked,1264.0,1.0,Android,6.0,1.0,7.0
4628,User Story,Payment Confirmation,3,4615.0,REL_X+10,Critical,To Do,,,,,,
4629,Task,Android UI implementation,1,4628.0,REL_X+10,Critical,Done,1134.0,4.0,Android,6.0,1.0,7.0
4630,Task,QA Android,2,4628.0,REL_X+10,Critical,In Review,1134.0,4.0,QA,12.0,2.0,14.0
4631,Task,Backend API development,1,4628.0,REL_X+10,Critical,To Do,1134.0,4.0,Backend,4.0,0.0,4.0
4632,Task,iOS UI implementation,1,4628.0,REL_X+10,Critical,Done,1134.0,4.0,iOS,5.0,1.0,6.0
4633,Task,QA iOS,1,4628.0,REL_X+10,Critical,In Review,1134.0,4.0,QA,3.0,0.0,3.0
4634,Feature,Authentication,34,4549.0,REL_X+10,Critical,Done,,,,,,
4635,Business Story,Sign Up,11,4634.0,REL_X+10,Critical,In Review,,,,,,
4636,User Story,Error Handling,4,4635.0,REL_X+10,Critical,Closed,,,,,,
4637,Task,Back end development task -1,1,4636.0,REL_X+10,Critical,To Do,1055.0,1.0,Backend,4.0,0.0,4.0
4638,Task,QA iOS,1,4636.0,REL_X+10,Critical,Blocked,1055.0,1.0,QA,6.0,0.0,6.0
4639,Task,Backend API development,1,4636.0,REL_X+10,Critical,Done,1055.0,1.0,Backend,3.0,0.0,3.0
4640,Task,QA iOS,1,4636.0,REL_X+10,Critical,Done,1055.0,1.0,QA,5.0,1.0,6.0
4641,Business Story,Payment Callback,9,4634.0,REL_X+10,Critical,To Do,,,,,,
4642,User Story,Display Card Menu,5,4641.0,REL_X+10,Critical,Done,,,,,,
4643,Task,QA Android,3,4642.0,REL_X+10,Critical,Blocked,1174.0,6.0,QA,9.0,1.0,10.0
4644,Task,Android development task -1,2,4642.0,REL_X+10,Critical,In Progress,1174.0,6.0,Android,10.0,2.0,12.0
4645,Task,QA Testing,1,4642.0,REL_X+10,Critical,Blocked,1174.0,6.0,QA,3.0,0.0,3.0
4646,Task,Back end development task -1,1,4642.0,REL_X+10,Critical,To Do,1174.0,6.0,Backend,6.0,1.0,7.0
4647,Task,Back end development task -2,1,4642.0,REL_X+10,Critical,Closed,1174.0,6.0,Backend,3.0,0.0,3.0
4648,Epic,Reporting,55,,REL_X+8,Low,Done,,,,,,
4649,Feature,Encryption,21,4648.0,REL_X+8,Low,Blocked,,,,,,
4650,Business Story,Remove Card,13,4649.0,REL_X+8,Low,Done,,,,,,
4651,User Story,Payment Form,8,4650.0,REL_X+8,Low,Closed,,,,,,
4652,Task,iOS UI implementation,1,4651.0,REL_X+8,Low,Closed,1730.0,3.0,iOS,3.0,0.0,3.0
4653,Task,Back end development task -1,2,4651.0,REL_X+8,Low,In Progress,1730.0,3.0,Backend,10.0,1.0,11.0
4654,Task,iOS UI implementation,3,4651.0,REL_X+8,Low,To Do,1730.0,3.0,iOS,9.0,0.0,9.0
4655,Business Story,Payment Validation,9,4649.0,REL_X+8,Low,Closed,,,,,,
4656,User Story,Verify Email,5,4655.0,REL_X+8,Low,Closed,,,,,,
4657,Task,Back end development task -1,1,4656.0,REL_X+8,Low,In Review,252.0,2.0,Backend,5.0,1.0,6.0
4658,Business Story,Sign Up,11,4649.0,REL_X+8,Low,In Progress,,,,,,
4659,User Story,Error Handling,5,4658.0,REL_X+8,Low,Closed,,,,,,
4660,Task,Backend API development,3,4659.0,REL_X+8,Low,In Review,703.0,4.0,Backend,14.0,0.0,14.0
4661,Task,Back end development task -2,1,4659.0,REL_X+8,Low,In Review,703.0,4.0,Backend,4.0,0.0,4.0
4662,Task,QA Android,2,4659.0,REL_X+8,Low,In Progress,703.0,4.0,QA,9.0,1.0,10.0
4663,Task,QA iOS,3,4659.0,REL_X+8,Low,In Progress,703.0,4.0,QA,11.0,0.0,11.0
4664,User Story,Display Card Menu,4,4658.0,REL_X+8,Low,To Do,,,,,,
4665,Task,QA Android,3,4664.0,REL_X+8,Low,To Do,680.0,3.0,QA,13.0,1.0,14.0
4666,Task,iOS development task 1,1,4664.0,REL_X+8,Low,In Review,680.0,3.0,iOS,6.0,1.0,7.0
4667,User Story,Verify Email,5,4658.0,REL_X+8,Low,Closed,,,,,,
4668,Task,QA Android,2,4667.0,REL_X+8,Low,In Review,1609.0,6.0,QA,10.0,1.0,11.0
4669,Task,QA iOS,1,4667.0,REL_X+8,Low,In Review,1609.0,6.0,QA,4.0,0.0,4.0
4670,Task,Back end development task -1,1,4667.0,REL_X+8,Low,In Review,1609.0,6.0,Backend,3.0,0.0,3.0
4671,Feature,Refunds,34,4648.0,REL_X+8,Low,In Review,,,,,,
4672,Business Story,View Cards,12,4671.0,REL_X+8,Low,Closed,,,,,,
4673,User Story,Display Card Menu,5,4672.0,REL_X+8,Low,Closed,,,,,,
4674,Task,Environment setup,3,4673.0,REL_X+8,Low,Closed,379.0,7.0,DevOps,16.0,1.0,17.0
4675,User Story,Error Handling,4,4672.0,REL_X+8,Low,Blocked,,,,,,
4676,Task,iOS UI implementation,2,4675.0,REL_X+8,Low,Done,1014.0,7.0,iOS,10.0,2.0,12.0
4677,Task,Back end development task -1,2,4675.0,REL_X+8,Low,Closed,1014.0,7.0,Backend,10.0,1.0,11.0
4678,User Story,Review transfer,5,4672.0,REL_X+8,Low,Done,,,,,,
4679,Task,QA iOS,2,4678.0,REL_X+8,Low,Closed,666.0,2.0,QA,8.0,0.0,8.0
4680,Task,QA Android,1,4678.0,REL_X+8,Low,Blocked,666.0,2.0,QA,5.0,0.0,5.0
4681,Business Story,Remove Card,13,4671.0,REL_X+8,Low,To Do,,,,,,
4682,User Story,Send email,5,4681.0,REL_X+8,Low,Blocked,,,,,,
4683,Task,QA iOS,3,4682.0,REL_X+8,Low,In Review,137.0,6.0,QA,17.0,0.0,17.0
4684,User Story,Payment Form,5,4681.0,REL_X+8,Low,To Do,,,,,,
4685,Task,Android UI implementation,1,4684.0,REL_X+8,Low,In Review,530.0,5.0,Android,6.0,0.0,6.0
4686,Task,QA Android,1,4684.0,REL_X+8,Low,Blocked,530.0,5.0,QA,4.0,0.0,4.0
4687,Task,Android development task -1,1,4684.0,REL_X+8,Low,In Review,530.0,5.0,Android,6.0,0.0,6.0
4688,Task,Android development task -1,2,4684.0,REL_X+8,Low,In Progress,530.0,5.0,Android,10.0,1.0,11.0
4689,User Story,Error Handling,5,4681.0,REL_X+8,Low,Done,,,,,,
4690,Task,QA iOS,1,4689.0,REL_X+8,Low,In Progress,417.0,1.0,QA,3.0,0.0,3.0
4691,Business Story,Update Card,13,4671.0,REL_X+8,Low,To Do,,,,,,
4692,User Story,Review transfer,7,4691.0,REL_X+8,Low,To Do,,,,,,
4693,Task,Back end development task -1,3,4692.0,REL_X+8,Low,Blocked,1410.0,7.0,Backend,17.0,1.0,18.0
4694,Task,Back end development task -2,2,4692.0,REL_X+8,Low,In Progress,1410.0,7.0,Backend,10.0,2.0,12.0
4695,User Story,Verify Email,7,4691.0,REL_X+8,Low,Done,,,,,,
4696,Task,QA iOS,1,4695.0,REL_X+8,Low,To Do,140.0,6.0,QA,6.0,0.0,6.0
4697,Task,Android development task -1,3,4695.0,REL_X+8,Low,In Review,140.0,6.0,Android,15.0,1.0,16.0
4698,Task,Environment setup,1,4695.0,REL_X+8,Low,Closed,140.0,6.0,DevOps,3.0,0.0,3.0
4699,User Story,Display Card Screen,5,4691.0,REL_X+8,Low,In Review,,,,,,
4700,Task,QA iOS,2,4699.0,REL_X+8,Low,To Do,1704.0,2.0,QA,9.0,0.0,9.0
4701,Task,iOS development task 1,1,4699.0,REL_X+8,Low,In Review,1704.0,2.0,iOS,6.0,0.0,6.0
4702,Feature,User Registration,34,4648.0,REL_X+8,Low,In Review,,,,,,
4703,Business Story,Process Payment,9,4702.0,REL_X+8,Low,Blocked,,,,,,
4704,User Story,Verify Email,5,4703.0,REL_X+8,Low,To Do,,,,,,
4705,Task,QA Android,3,4704.0,REL_X+8,Low,Done,636.0,1.0,QA,11.0,2.0,13.0
4706,Task,iOS development task 1,3,4704.0,REL_X+8,Low,In Review,636.0,1.0,iOS,15.0,2.0,17.0
4707,User Story,Make a transfer,3,4703.0,REL_X+8,Low,Done,,,,,,
4708,Task,Back end development task -1,2,4707.0,REL_X+8,Low,Done,1178.0,6.0,Backend,6.0,0.0,6.0
4709,Task,QA iOS,1,4707.0,REL_X+8,Low,Closed,1178.0,6.0,QA,3.0,0.0,3.0
4710,Task,QA iOS,1,4707.0,REL_X+8,Low,Closed,1178.0,6.0,QA,3.0,0.0,3.0
4711,Task,Android development task -1,3,4707.0,REL_X+8,Low,In Review,1178.0,6.0,Android,11.0,2.0,13.0
4712,Task,Backend API development,1,4707.0,REL_X+8,Low,Done,1178.0,6.0,Backend,5.0,1.0,6.0
4713,User Story,Error Handling,5,4703.0,REL_X+8,Low,In Progress,,,,,,
4714,Task,QA Testing,1,4713.0,REL_X+8,Low,Done,1150.0,5.0,QA,5.0,0.0,5.0
4715,Task,iOS development task 1,3,4713.0,REL_X+8,Low,In Progress,1150.0,5.0,iOS,9.0,0.0,9.0
4716,Task,Environment setup,1,4713.0,REL_X+8,Low,In Progress,1150.0,5.0,DevOps,6.0,0.0,6.0
4717,Business Story,Remove Card,13,4702.0,REL_X+8,Low,In Review,,,,,,
4718,User Story,Payment Confirmation,7,4717.0,REL_X+8,Low,Blocked,,,,,,
4719,Task,Android development task -1,3,4718.0,REL_X+8,Low,To Do,30.0,2.0,Android,13.0,1.0,14.0
4720,Task,iOS development task 1,2,4718.0,REL_X+8,Low,Blocked,30.0,2.0,iOS,7.0,1.0,8.0
4721,Task,QA iOS,2,4718.0,REL_X+8,Low,To Do,30.0,2.0,QA,9.0,0.0,9.0
4722,User Story,Review transfer,4,4717.0,REL_X+8,Low,In Progress,,,,,,
4723,Task,QA Android,2,4722.0,REL_X+8,Low,Done,1308.0,3.0,QA,8.0,1.0,9.0
4724,User Story,Payment Form,4,4717.0,REL_X+8,Low,To Do,,,,,,
4725,Task,QA Testing,3,4724.0,REL_X+8,Low,In Review,1184.0,6.0,QA,10.0,1.0,11.0
4726,Task,Back end development task -1,3,4724.0,REL_X+8,Low,To Do,1184.0,6.0,Backend,9.0,0.0,9.0
4727,Business Story,Payment Callback,9,4702.0,REL_X+8,Low,Blocked,,,,,,
4728,User Story,Error Handling,5,4727.0,REL_X+8,Low,In Progress,,,,,,
4729,Task,iOS UI implementation,2,4728.0,REL_X+8,Low,To Do,1148.0,5.0,iOS,7.0,1.0,8.0
4730,Task,QA iOS,2,4728.0,REL_X+8,Low,Closed,1148.0,5.0,QA,10.0,0.0,10.0
4731,Task,Android UI implementation,3,4728.0,REL_X+8,Low,In Progress,1148.0,5.0,Android,9.0,1.0,10.0
4732,Task,Android development task -1,2,4728.0,REL_X+8,Low,To Do,1148.0,5.0,Android,6.0,0.0,6.0
4733,User Story,Display Card Menu,5,4727.0,REL_X+8,Low,Done,,,,,,
4734,Task,Back end development task -1,3,4733.0,REL_X+8,Low,Done,164.0,7.0,Backend,17.0,1.0,18.0
4735,Feature,SMS Alerts,21,4648.0,REL_X+8,Low,Blocked,,,,,,
4736,Business Story,Update Card,13,4735.0,REL_X+8,Low,To Do,,,,,,
4737,User Story,Verify Email,3,4736.0,REL_X+8,Low,To Do,,,,,,
4738,Task,QA iOS,3,4737.0,REL_X+8,Low,Closed,1414.0,7.0,QA,10.0,2.0,12.0
4739,Task,iOS development task 1,1,4737.0,REL_X+8,Low,In Progress,1414.0,7.0,iOS,5.0,0.0,5.0
4740,Task,Android development task -1,1,4737.0,REL_X+8,Low,Blocked,1414.0,7.0,Android,6.0,0.0,6.0
4741,Task,Environment setup,3,4737.0,REL_X+8,Low,In Progress,1414.0,7.0,DevOps,17.0,3.0,20.0
4742,Task,Backend API development,2,4737.0,REL_X+8,Low,To Do,1414.0,7.0,Backend,7.0,1.0,8.0
4743,Business Story,Email Verification,10,4735.0,REL_X+8,Low,In Progress,,,,,,
4744,User Story,Send email,5,4743.0,REL_X+8,Low,In Progress,,,,,,
4745,Task,Back end development task -2,2,4744.0,REL_X+8,Low,Done,724.0,4.0,Backend,11.0,1.0,12.0
4746,Task,QA iOS,3,4744.0,REL_X+8,Low,In Review,724.0,4.0,QA,15.0,0.0,15.0
4747,User Story,Payment Confirmation,5,4743.0,REL_X+8,Low,In Review,,,,,,
4748,Task,Environment setup,2,4747.0,REL_X+8,Low,Blocked,923.0,4.0,DevOps,12.0,1.0,13.0
4749,Task,Back end development task -1,2,4747.0,REL_X+8,Low,In Review,923.0,4.0,Backend,10.0,0.0,10.0
4750,User Story,Verify Email,5,4743.0,REL_X+8,Low,To Do,,,,,,
4751,Task,Android development task -1,1,4750.0,REL_X+8,Low,Done,208.0,8.0,Android,3.0,0.0,3.0
4752,Task,Back end development task -1,1,4750.0,REL_X+8,Low,To Do,208.0,8.0,Backend,4.0,0.0,4.0
4753,Task,QA iOS,2,4750.0,REL_X+8,Low,Blocked,208.0,8.0,QA,9.0,1.0,10.0
4754,Task,Back end development task -1,1,4750.0,REL_X+8,Low,In Progress,208.0,8.0,Backend,4.0,0.0,4.0
4755,Business Story,Payment Validation,9,4735.0,REL_X+8,Low,Done,,,,,,
4756,User Story,Verify Email,7,4755.0,REL_X+8,Low,In Review,,,,,,
4757,Task,Environment setup,1,4756.0,REL_X+8,Low,In Review,141.0,6.0,DevOps,3.0,0.0,3.0
4758,Task,QA Android,1,4756.0,REL_X+8,Low,In Review,141.0,6.0,QA,5.0,1.0,6.0
4759,Task,Back end development task -2,3,4756.0,REL_X+8,Low,In Progress,141.0,6.0,Backend,10.0,0.0,10.0
4760,Task,Back end development task -1,1,4756.0,REL_X+8,Low,In Review,141.0,6.0,Backend,4.0,0.0,4.0
4761,Epic,Payments,55,,REL_X+9,Critical,In Progress,,,,,,
4762,Feature,Payment Gateway,34,4761.0,REL_X+9,Critical,In Review,,,,,,
4763,Business Story,Sign Up,11,4762.0,REL_X+9,Critical,Done,,,,,,
4764,User Story,Review transfer,8,4763.0,REL_X+9,Critical,Done,,,,,,
4765,Task,Back end development task -2,1,4764.0,REL_X+9,Critical,Closed,844.0,1.0,Backend,6.0,1.0,7.0
4766,Task,Back end development task -1,2,4764.0,REL_X+9,Critical,Done,844.0,1.0,Backend,7.0,1.0,8.0
4767,Task,Android UI implementation,2,4764.0,REL_X+9,Critical,In Review,844.0,1.0,Android,12.0,1.0,13.0
4768,Task,iOS development task 1,3,4764.0,REL_X+9,Critical,Done,844.0,1.0,iOS,12.0,1.0,13.0
4769,Task,Android UI implementation,1,4764.0,REL_X+9,Critical,Blocked,844.0,1.0,Android,6.0,0.0,6.0
4770,User Story,Send email,5,4763.0,REL_X+9,Critical,In Progress,,,,,,
4771,Task,iOS development task 1,2,4770.0,REL_X+9,Critical,In Review,44.0,2.0,iOS,12.0,1.0,13.0
4772,Task,Back end development task -2,1,4770.0,REL_X+9,Critical,Done,44.0,2.0,Backend,4.0,0.0,4.0
4773,Task,QA Testing,1,4770.0,REL_X+9,Critical,Closed,44.0,2.0,QA,6.0,1.0,7.0
4774,Task,QA Android,3,4770.0,REL_X+9,Critical,In Progress,44.0,2.0,QA,12.0,2.0,14.0
4775,User Story,Error Handling,5,4763.0,REL_X+9,Critical,In Review,,,,,,
4776,Task,Android UI implementation,1,4775.0,REL_X+9,Critical,In Progress,1559.0,4.0,Android,5.0,0.0,5.0
4777,Task,Back end development task -1,2,4775.0,REL_X+9,Critical,In Review,1559.0,4.0,Backend,10.0,0.0,10.0
4778,Task,QA Android,2,4775.0,REL_X+9,Critical,To Do,1559.0,4.0,QA,11.0,1.0,12.0
4779,Task,QA iOS,2,4775.0,REL_X+9,Critical,In Review,1559.0,4.0,QA,9.0,0.0,9.0
4780,Business Story,Process Payment,9,4762.0,REL_X+9,Critical,In Review,,,,,,
4781,User Story,Display Card Menu,8,4780.0,REL_X+9,Critical,To Do,,,,,,
4782,Task,Back end development task -1,3,4781.0,REL_X+9,Critical,Closed,1342.0,4.0,Backend,18.0,0.0,18.0
4783,Task,QA Android,1,4781.0,REL_X+9,Critical,In Review,1342.0,4.0,QA,4.0,0.0,4.0
4784,Business Story,Remove Card,13,4762.0,REL_X+9,Critical,In Review,,,,,,
4785,User Story,Display Card Menu,3,4784.0,REL_X+9,Critical,Closed,,,,,,
4786,Task,iOS development task 1,1,4785.0,REL_X+9,Critical,In Review,1014.0,7.0,iOS,4.0,0.0,4.0
4787,Task,QA Android,3,4785.0,REL_X+9,Critical,Closed,1014.0,7.0,QA,12.0,2.0,14.0
4788,Task,Environment setup,1,4785.0,REL_X+9,Critical,To Do,1014.0,7.0,DevOps,6.0,1.0,7.0
4789,Task,Android development task -1,1,4785.0,REL_X+9,Critical,To Do,1014.0,7.0,Android,5.0,1.0,6.0
4790,Task,QA Testing,1,4785.0,REL_X+9,Critical,Done,1014.0,7.0,QA,6.0,1.0,7.0
4791,Feature,Email Service,21,4761.0,REL_X+9,Critical,Blocked,,,,,,
4792,Business Story,Update Card,13,4791.0,REL_X+9,Critical,In Review,,,,,,
4793,User Story,Payment Form,7,4792.0,REL_X+9,Critical,In Progress,,,,,,
4794,Task,Back end development task -1,1,4793.0,REL_X+9,Critical,Blocked,380.0,7.0,Backend,4.0,0.0,4.0
4795,Task,iOS development task 1,1,4793.0,REL_X+9,Critical,In Progress,380.0,7.0,iOS,3.0,0.0,3.0
4796,Task,Android development task -1,1,4793.0,REL_X+9,Critical,Closed,380.0,7.0,Android,6.0,0.0,6.0
4797,Business Story,Payment Callback,9,4791.0,REL_X+9,Critical,Blocked,,,,,,
4798,User Story,Display Card Menu,5,4797.0,REL_X+9,Critical,In Progress,,,,,,
4799,Task,Android UI implementation,2,4798.0,REL_X+9,Critical,In Progress,1119.0,4.0,Android,7.0,0.0,7.0
4800,Task,Back end development task -2,1,4798.0,REL_X+9,Critical,Blocked,1119.0,4.0,Backend,5.0,0.0,5.0
4801,Task,iOS UI implementation,2,4798.0,REL_X+9,Critical,In Progress,1119.0,4.0,iOS,6.0,1.0,7.0
4802,Task,iOS UI implementation,3,4798.0,REL_X+9,Critical,To Do,1119.0,4.0,iOS,18.0,0.0,18.0
4803,Feature,Cards,34,4761.0,REL_X+9,Critical,In Review,,,,,,
4804,Business Story,Process Payment,9,4803.0,REL_X+9,Critical,To Do,,,,,,
4805,User Story,Payment Form,5,4804.0,REL_X+9,Critical,In Review,,,,,,
4806,Task,Back end development task -1,1,4805.0,REL_X+9,Critical,Done,1635.0,7.0,Backend,6.0,0.0,6.0
4807,Task,Android UI implementation,1,4805.0,REL_X+9,Critical,In Progress,1635.0,7.0,Android,3.0,0.0,3.0
4808,Task,QA iOS,1,4805.0,REL_X+9,Critical,Done,1635.0,7.0,QA,4.0,0.0,4.0
4809,Task,Back end development task -2,2,4805.0,REL_X+9,Critical,Closed,1635.0,7.0,Backend,9.0,0.0,9.0
4810,Task,Backend API development,1,4805.0,REL_X+9,Critical,To Do,1635.0,7.0,Backend,4.0,0.0,4.0
4811,Business Story,Email Verification,10,4803.0,REL_X+9,Critical,In Review,,,,,,
4812,User Story,Transaction history,6,4811.0,REL_X+9,Critical,Blocked,,,,,,
4813,Task,QA iOS,2,4812.0,REL_X+9,Critical,To Do,228.0,1.0,QA,6.0,1.0,7.0
4814,Task,Android UI implementation,1,4812.0,REL_X+9,Critical,To Do,228.0,1.0,Android,4.0,0.0,4.0
4815,Task,Android development task -1,3,4812.0,REL_X+9,Critical,In Progress,228.0,1.0,Android,13.0,1.0,14.0
4816,Task,QA iOS,1,4812.0,REL_X+9,Critical,To Do,228.0,1.0,QA,3.0,0.0,3.0
4817,Task,Android development task -1,1,4812.0,REL_X+9,Critical,To Do,228.0,1.0,Android,4.0,0.0,4.0
4818,User Story,Verify Email,4,4811.0,REL_X+9,Critical,Closed,,,,,,
4819,Task,iOS development task 1,1,4818.0,REL_X+9,Critical,In Progress,1872.0,8.0,iOS,6.0,1.0,7.0
4820,Business Story,Add Card,13,4803.0,REL_X+9,Critical,Blocked,,,,,,
4821,User Story,Display Card Menu,5,4820.0,REL_X+9,Critical,Closed,,,,,,
4822,Task,iOS development task 1,1,4821.0,REL_X+9,Critical,Blocked,724.0,4.0,iOS,4.0,0.0,4.0
4823,Task,Environment setup,2,4821.0,REL_X+9,Critical,Closed,724.0,4.0,DevOps,10.0,1.0,11.0
4824,Task,Back end development task -1,3,4821.0,REL_X+9,Critical,In Review,724.0,4.0,Backend,11.0,1.0,12.0
4825,User Story,Review transfer,7,4820.0,REL_X+9,Critical,In Review,,,,,,
4826,Task,QA Android,1,4825.0,REL_X+9,Critical,To Do,1197.0,7.0,QA,3.0,0.0,3.0
4827,Task,iOS development task 1,2,4825.0,REL_X+9,Critical,Done,1197.0,7.0,iOS,6.0,1.0,7.0
4828,Task,Environment setup,1,4825.0,REL_X+9,Critical,Closed,1197.0,7.0,DevOps,6.0,1.0,7.0
4829,Task,Android development task -1,2,4825.0,REL_X+9,Critical,Blocked,1197.0,7.0,Android,12.0,2.0,14.0
4830,Task,iOS development task 1,1,4825.0,REL_X+9,Critical,In Progress,1197.0,7.0,iOS,6.0,1.0,7.0
4831,User Story,Make a transfer,5,4820.0,REL_X+9,Critical,Blocked,,,,,,
4832,Task,iOS development task 1,1,4831.0,REL_X+9,Critical,Done,121.0,5.0,iOS,5.0,0.0,5.0
4833,Epic,Payments,55,,REL_X+9,Low,Done,,,,,,
4834,Feature,In-App Messages,21,4833.0,REL_X+9,Low,Blocked,,,,,,
4835,Business Story,Payment Callback,9,4834.0,REL_X+9,Low,Blocked,,,,,,
4836,User Story,Display Card Menu,5,4835.0,REL_X+9,Low,Closed,,,,,,
4837,Task,QA Android,1,4836.0,REL_X+9,Low,In Review,1488.0,2.0,QA,4.0,0.0,4.0
4838,Task,Back end development task -1,1,4836.0,REL_X+9,Low,In Review,1488.0,2.0,Backend,5.0,1.0,6.0
4839,Task,Android UI implementation,3,4836.0,REL_X+9,Low,To Do,1488.0,2.0,Android,9.0,0.0,9.0
4840,Task,Back end development task -1,2,4836.0,REL_X+9,Low,In Review,1488.0,2.0,Backend,10.0,1.0,11.0
4841,Task,iOS development task 1,1,4836.0,REL_X+9,Low,In Progress,1488.0,2.0,iOS,4.0,0.0,4.0
4842,User Story,Error Handling,3,4835.0,REL_X+9,Low,In Progress,,,,,,
4843,Task,Android development task -1,3,4842.0,REL_X+9,Low,To Do,409.0,8.0,Android,14.0,1.0,15.0
4844,Task,QA Android,2,4842.0,REL_X+9,Low,To Do,409.0,8.0,QA,6.0,0.0,6.0
4845,Task,Back end development task -1,2,4842.0,REL_X+9,Low,In Review,409.0,8.0,Backend,9.0,0.0,9.0
4846,Task,Backend API development,1,4842.0,REL_X+9,Low,To Do,409.0,8.0,Backend,3.0,0.0,3.0
4847,Business Story,Update Card,13,4834.0,REL_X+9,Low,Done,,,,,,
4848,User Story,Error Handling,5,4847.0,REL_X+9,Low,Blocked,,,,,,
4849,Task,Back end development task -1,2,4848.0,REL_X+9,Low,Blocked,1635.0,7.0,Backend,12.0,0.0,12.0
4850,User Story,Display Card Screen,5,4847.0,REL_X+9,Low,Closed,,,,,,
4851,Task,Back end development task -1,1,4850.0,REL_X+9,Low,Blocked,1286.0,2.0,Backend,6.0,0.0,6.0
4852,Task,Android UI implementation,2,4850.0,REL_X+9,Low,Blocked,1286.0,2.0,Android,10.0,0.0,10.0
4853,User Story,Payment Confirmation,3,4847.0,REL_X+9,Low,Closed,,,,,,
4854,Task,Environment setup,3,4853.0,REL_X+9,Low,Blocked,690.0,3.0,DevOps,17.0,3.0,20.0
4855,Task,iOS development task 1,1,4853.0,REL_X+9,Low,To Do,690.0,3.0,iOS,3.0,0.0,3.0
4856,Task,iOS development task 1,2,4853.0,REL_X+9,Low,To Do,690.0,3.0,iOS,7.0,1.0,8.0
4857,Business Story,Remove Card,13,4834.0,REL_X+9,Low,To Do,,,,,,
4858,User Story,Review transfer,8,4857.0,REL_X+9,Low,Done,,,,,,
4859,Task,QA iOS,1,4858.0,REL_X+9,Low,In Review,1808.0,6.0,QA,5.0,1.0,6.0
4860,User Story,Payment Form,5,4857.0,REL_X+9,Low,Done,,,,,,
4861,Task,Android development task -1,3,4860.0,REL_X+9,Low,In Review,1649.0,8.0,Android,12.0,2.0,14.0
4862,Task,Back end development task -1,1,4860.0,REL_X+9,Low,In Progress,1649.0,8.0,Backend,4.0,0.0,4.0
4863,Task,iOS development task 1,1,4860.0,REL_X+9,Low,In Review,1649.0,8.0,iOS,3.0,0.0,3.0
4864,User Story,Display Card Screen,5,4857.0,REL_X+9,Low,Done,,,,,,
4865,Task,iOS development task 1,1,4864.0,REL_X+9,Low,Blocked,1244.0,8.0,iOS,5.0,1.0,6.0
4866,Task,Android UI implementation,1,4864.0,REL_X+9,Low,To Do,1244.0,8.0,Android,3.0,0.0,3.0
4867,Task,Android development task -1,1,4864.0,REL_X+9,Low,Closed,1244.0,8.0,Android,3.0,0.0,3.0
4868,Task,Environment setup,2,4864.0,REL_X+9,Low,Closed,1244.0,8.0,DevOps,7.0,0.0,7.0
4869,Task,Back end development task -1,2,4864.0,REL_X+9,Low,To Do,1244.0,8.0,Backend,10.0,1.0,11.0
4870,Feature,User Profile,34,4833.0,REL_X+9,Low,In Progress,,,,,,
4871,Business Story,Update Card,13,4870.0,REL_X+9,Low,Done,,,,,,
4872,User Story,Payment Form,5,4871.0,REL_X+9,Low,In Review,,,,,,
4873,Task,Android UI implementation,1,4872.0,REL_X+9,Low,Blocked,1854.0,8.0,Android,5.0,0.0,5.0
4874,Task,Android development task -1,1,4872.0,REL_X+9,Low,Blocked,1854.0,8.0,Android,4.0,0.0,4.0
4875,Business Story,Add Card,13,4870.0,REL_X+9,Low,To Do,,,,,,
4876,User Story,Transaction history,3,4875.0,REL_X+9,Low,Done,,,,,,
4877,Task,Android development task -1,2,4876.0,REL_X+9,Low,Done,194.0,8.0,Android,8.0,0.0,8.0
4878,Task,iOS development task 1,2,4876.0,REL_X+9,Low,Closed,194.0,8.0,iOS,6.0,0.0,6.0
4879,Task,QA iOS,1,4876.0,REL_X+9,Low,Closed,194.0,8.0,QA,3.0,0.0,3.0
4880,Task,Backend API development,1,4876.0,REL_X+9,Low,Blocked,194.0,8.0,Backend,3.0,0.0,3.0
4881,Task,QA iOS,1,4876.0,REL_X+9,Low,Blocked,194.0,8.0,QA,5.0,1.0,6.0
4882,Business Story,Email Verification,10,4870.0,REL_X+9,Low,To Do,,,,,,
4883,User Story,Display Card Screen,4,4882.0,REL_X+9,Low,In Progress,,,,,,
4884,Task,Android UI implementation,1,4883.0,REL_X+9,Low,In Progress,1070.0,2.0,Android,3.0,0.0,3.0
4885,Task,Android development task -1,2,4883.0,REL_X+9,Low,To Do,1070.0,2.0,Android,11.0,1.0,12.0
4886,Epic,Security,55,,REL_X+3,Medium,To Do,,,,,,
4887,Feature,Authentication,34,4886.0,REL_X+3,Medium,Blocked,,,,,,
4888,Business Story,Password Reset,10,4887.0,REL_X+3,Medium,Closed,,,,,,
4889,User Story,Transaction history,6,4888.0,REL_X+3,Medium,In Review,,,,,,
4890,Task,Android development task -1,3,4889.0,REL_X+3,Medium,Closed,1342.0,4.0,Android,15.0,1.0,16.0
4891,Task,Android development task -1,1,4889.0,REL_X+3,Medium,Done,1342.0,4.0,Android,3.0,0.0,3.0
4892,User Story,Verify Email,3,4888.0,REL_X+3,Medium,In Progress,,,,,,
4893,Task,QA Testing,2,4892.0,REL_X+3,Medium,In Progress,15.0,1.0,QA,12.0,2.0,14.0
4894,Task,Android development task -1,1,4892.0,REL_X+3,Medium,In Progress,15.0,1.0,Android,4.0,0.0,4.0
4895,Task,QA Android,2,4892.0,REL_X+3,Medium,Blocked,15.0,1.0,QA,9.0,0.0,9.0
4896,Business Story,Email Verification,10,4887.0,REL_X+3,Medium,Blocked,,,,,,
4897,User Story,Make a transfer,6,4896.0,REL_X+3,Medium,Closed,,,,,,
4898,Task,Android UI implementation,2,4897.0,REL_X+3,Medium,Blocked,1392.0,6.0,Android,7.0,1.0,8.0
4899,Task,Back end development task -1,2,4897.0,REL_X+3,Medium,Closed,1392.0,6.0,Backend,12.0,1.0,13.0
4900,User Story,Error Handling,7,4896.0,REL_X+3,Medium,In Review,,,,,,
4901,Task,Android development task -1,3,4900.0,REL_X+3,Medium,Done,1432.0,8.0,Android,13.0,0.0,13.0
4902,Task,Android UI implementation,3,4900.0,REL_X+3,Medium,Done,1432.0,8.0,Android,15.0,3.0,18.0
4903,Task,iOS development task 1,2,4900.0,REL_X+3,Medium,Blocked,1432.0,8.0,iOS,8.0,1.0,9.0
4904,Task,Environment setup,2,4900.0,REL_X+3,Medium,Closed,1432.0,8.0,DevOps,10.0,0.0,10.0
4905,User Story,Send email,5,4896.0,REL_X+3,Medium,To Do,,,,,,
4906,Task,iOS development task 1,3,4905.0,REL_X+3,Medium,Done,75.0,3.0,iOS,13.0,2.0,15.0
4907,Task,QA Testing,3,4905.0,REL_X+3,Medium,In Progress,75.0,3.0,QA,11.0,0.0,11.0
4908,Task,QA iOS,3,4905.0,REL_X+3,Medium,To Do,75.0,3.0,QA,12.0,1.0,13.0
4909,Task,Android development task -1,2,4905.0,REL_X+3,Medium,Done,75.0,3.0,Android,11.0,1.0,12.0
4910,Business Story,View Cards,12,4887.0,REL_X+3,Medium,In Progress,,,,,,
4911,User Story,Make a transfer,3,4910.0,REL_X+3,Medium,Closed,,,,,,
4912,Task,QA Android,1,4911.0,REL_X+3,Medium,To Do,887.0,3.0,QA,5.0,0.0,5.0
4913,Task,Backend API development,2,4911.0,REL_X+3,Medium,Closed,887.0,3.0,Backend,8.0,1.0,9.0
4914,Task,Environment setup,2,4911.0,REL_X+3,Medium,In Progress,887.0,3.0,DevOps,6.0,1.0,7.0
4915,Feature,Push Notifications,21,4886.0,REL_X+3,Medium,Done,,,,,,
4916,Business Story,Payment Validation,9,4915.0,REL_X+3,Medium,Blocked,,,,,,
4917,User Story,Display Card Menu,7,4916.0,REL_X+3,Medium,Blocked,,,,,,
4918,Task,Back end development task -1,1,4917.0,REL_X+3,Medium,Closed,479.0,3.0,Backend,5.0,0.0,5.0
4919,Task,Environment setup,2,4917.0,REL_X+3,Medium,Done,479.0,3.0,DevOps,8.0,1.0,9.0
4920,Task,Back end development task -1,3,4917.0,REL_X+3,Medium,To Do,479.0,3.0,Backend,15.0,2.0,17.0
4921,Business Story,Update Card,13,4915.0,REL_X+3,Medium,In Review,,,,,,
4922,User Story,Display Card Screen,8,4921.0,REL_X+3,Medium,In Progress,,,,,,
4923,Task,QA Android,1,4922.0,REL_X+3,Medium,Closed,187.0,8.0,QA,5.0,0.0,5.0
4924,Task,QA iOS,1,4922.0,REL_X+3,Medium,Closed,187.0,8.0,QA,3.0,0.0,3.0
4925,Feature,Encryption,21,4886.0,REL_X+3,Medium,Blocked,,,,,,
4926,Business Story,Sign Up,11,4925.0,REL_X+3,Medium,Blocked,,,,,,
4927,User Story,Review transfer,5,4926.0,REL_X+3,Medium,To Do,,,,,,
4928,Task,Backend API development,1,4927.0,REL_X+3,Medium,In Progress,1462.0,1.0,Backend,3.0,0.0,3.0
4929,Task,Back end development task -2,3,4927.0,REL_X+3,Medium,Done,1462.0,1.0,Backend,12.0,0.0,12.0
4930,Task,Android UI implementation,2,4927.0,REL_X+3,Medium,Done,1462.0,1.0,Android,10.0,2.0,12.0
4931,Task,Back end development task -2,1,4927.0,REL_X+3,Medium,To Do,1462.0,1.0,Backend,5.0,0.0,5.0
4932,Task,QA Android,1,4927.0,REL_X+3,Medium,In Progress,1462.0,1.0,QA,6.0,0.0,6.0
4933,Business Story,Payment Validation,9,4925.0,REL_X+3,Medium,To Do,,,,,,
4934,User Story,Payment Form,6,4933.0,REL_X+3,Medium,Done,,,,,,
4935,Task,iOS development task 1,3,4934.0,REL_X+3,Medium,In Review,850.0,1.0,iOS,15.0,1.0,16.0
4936,User Story,Display Card Screen,5,4933.0,REL_X+3,Medium,Done,,,,,,
4937,Task,iOS development task 1,1,4936.0,REL_X+3,Medium,Done,1539.0,4.0,iOS,5.0,1.0,6.0
4938,User Story,Error Handling,5,4933.0,REL_X+3,Medium,In Review,,,,,,
4939,Task,Environment setup,1,4938.0,REL_X+3,Medium,In Progress,20.0,1.0,DevOps,6.0,1.0,7.0
4940,Feature,User Registration,34,4886.0,REL_X+3,Medium,In Review,,,,,,
4941,Business Story,Remove Card,13,4940.0,REL_X+3,Medium,Blocked,,,,,,
4942,User Story,Payment Confirmation,5,4941.0,REL_X+3,Medium,Blocked,,,,,,
4943,Task,QA Testing,1,4942.0,REL_X+3,Medium,Closed,1071.0,2.0,QA,6.0,0.0,6.0
4944,Business Story,Add Card,13,4940.0,REL_X+3,Medium,In Progress,,,,,,
4945,User Story,Display Card Screen,4,4944.0,REL_X+3,Medium,To Do,,,,,,
4946,Task,iOS development task 1,2,4945.0,REL_X+3,Medium,In Progress,1132.0,4.0,iOS,9.0,0.0,9.0
4947,Task,QA Android,2,4945.0,REL_X+3,Medium,Closed,1132.0,4.0,QA,12.0,2.0,14.0
4948,Task,Backend API development,1,4945.0,REL_X+3,Medium,Done,1132.0,4.0,Backend,6.0,0.0,6.0
4949,Task,QA Android,1,4945.0,REL_X+3,Medium,Blocked,1132.0,4.0,QA,4.0,0.0,4.0
4950,Task,iOS UI implementation,2,4945.0,REL_X+3,Medium,In Progress,1132.0,4.0,iOS,6.0,0.0,6.0
4951,User Story,Verify Email,6,4944.0,REL_X+3,Medium,Done,,,,,,
4952,Task,QA Android,2,4951.0,REL_X+3,Medium,To Do,31.0,2.0,QA,9.0,0.0,9.0
4953,Task,QA iOS,2,4951.0,REL_X+3,Medium,In Progress,31.0,2.0,QA,11.0,1.0,12.0
4954,Task,Android development task -1,1,4951.0,REL_X+3,Medium,In Progress,31.0,2.0,Android,6.0,0.0,6.0
4955,Task,iOS development task 1,1,4951.0,REL_X+3,Medium,Done,31.0,2.0,iOS,3.0,0.0,3.0
4956,Task,Backend API development,2,4951.0,REL_X+3,Medium,In Review,31.0,2.0,Backend,12.0,1.0,13.0
4957,Epic,Reporting,55,,REL_X+9,Low,Blocked,,,,,,
4958,Feature,Encryption,21,4957.0,REL_X+9,Low,Done,,,,,,
4959,Business Story,View Cards,12,4958.0,REL_X+9,Low,Closed,,,,,,
4960,User Story,Make a transfer,3,4959.0,REL_X+9,Low,To Do,,,,,,
4961,Task,Android development task -1,3,4960.0,REL_X+9,Low,To Do,1718.0,3.0,Android,15.0,0.0,15.0
4962,Task,QA Testing,3,4960.0,REL_X+9,Low,In Review,1718.0,3.0,QA,12.0,0.0,12.0
4963,Task,Back end development task -2,3,4960.0,REL_X+9,Low,In Progress,1718.0,3.0,Backend,17.0,2.0,19.0
4964,Task,Android development task -1,3,4960.0,REL_X+9,Low,Done,1718.0,3.0,Android,10.0,2.0,12.0
4965,User Story,Display Card Screen,7,4959.0,REL_X+9,Low,Done,,,,,,
4966,Task,Android development task -1,2,4965.0,REL_X+9,Low,To Do,281.0,3.0,Android,7.0,0.0,7.0
4967,Task,Android development task -1,3,4965.0,REL_X+9,Low,To Do,281.0,3.0,Android,15.0,0.0,15.0
4968,Task,QA iOS,3,4965.0,REL_X+9,Low,To Do,281.0,3.0,QA,9.0,0.0,9.0
4969,User Story,Send email,5,4959.0,REL_X+9,Low,To Do,,,,,,
4970,Task,QA Android,2,4969.0,REL_X+9,Low,Blocked,773.0,6.0,QA,11.0,2.0,13.0
4971,Task,Android development task -1,1,4969.0,REL_X+9,Low,Closed,773.0,6.0,Android,4.0,0.0,4.0
4972,Task,QA iOS,1,4969.0,REL_X+9,Low,To Do,773.0,6.0,QA,3.0,0.0,3.0
4973,Task,QA iOS,1,4969.0,REL_X+9,Low,Blocked,773.0,6.0,QA,3.0,0.0,3.0
4974,Business Story,Email Verification,10,4958.0,REL_X+9,Low,Blocked,,,,,,
4975,User Story,Make a transfer,5,4974.0,REL_X+9,Low,Done,,,,,,
4976,Task,iOS development task 1,1,4975.0,REL_X+9,Low,In Review,1613.0,7.0,iOS,4.0,0.0,4.0
4977,Task,iOS development task 1,1,4975.0,REL_X+9,Low,Blocked,1613.0,7.0,iOS,3.0,0.0,3.0
4978,Task,QA iOS,3,4975.0,REL_X+9,Low,Done,1613.0,7.0,QA,11.0,0.0,11.0
4979,Task,QA Android,2,4975.0,REL_X+9,Low,In Review,1613.0,7.0,QA,9.0,0.0,9.0
4980,User Story,Payment Form,5,4974.0,REL_X+9,Low,In Progress,,,,,,
4981,Task,Android UI implementation,1,4980.0,REL_X+9,Low,In Progress,771.0,6.0,Android,6.0,0.0,6.0
4982,Feature,Account Settings,21,4957.0,REL_X+9,Low,In Review,,,,,,
4983,Business Story,Password Reset,10,4982.0,REL_X+9,Low,Blocked,,,,,,
4984,User Story,Payment Form,3,4983.0,REL_X+9,Low,To Do,,,,,,
4985,Task,Back end development task -1,1,4984.0,REL_X+9,Low,To Do,905.0,3.0,Backend,3.0,0.0,3.0
4986,User Story,Make a transfer,5,4983.0,REL_X+9,Low,In Review,,,,,,
4987,Task,Back end development task -1,1,4986.0,REL_X+9,Low,To Do,1546.0,4.0,Backend,3.0,0.0,3.0
4988,Task,QA Testing,1,4986.0,REL_X+9,Low,In Progress,1546.0,4.0,QA,4.0,0.0,4.0
4989,Task,Android UI implementation,1,4986.0,REL_X+9,Low,Done,1546.0,4.0,Android,3.0,0.0,3.0
4990,Task,QA iOS,2,4986.0,REL_X+9,Low,Blocked,1546.0,4.0,QA,11.0,0.0,11.0
4991,Business Story,Email Verification,10,4982.0,REL_X+9,Low,To Do,,,,,,
4992,User Story,Error Handling,4,4991.0,REL_X+9,Low,In Review,,,,,,
4993,Task,Backend API development,3,4992.0,REL_X+9,Low,Done,1579.0,5.0,Backend,16.0,1.0,17.0
4994,Task,Android development task -1,3,4992.0,REL_X+9,Low,Blocked,1579.0,5.0,Android,16.0,3.0,19.0
4995,Task,iOS development task 1,1,4992.0,REL_X+9,Low,Closed,1579.0,5.0,iOS,6.0,1.0,7.0
4996,Task,QA Android,1,4992.0,REL_X+9,Low,In Review,1579.0,5.0,QA,3.0,0.0,3.0
4997,Business Story,Sign Up,11,4982.0,REL_X+9,Low,In Progress,,,,,,
4998,User Story,Payment Confirmation,5,4997.0,REL_X+9,Low,In Progress,,,,,,
4999,Task,Android development task -1,1,4998.0,REL_X+9,Low,Done,734.0,5.0,Android,6.0,1.0,7.0
5000,Task,Back end development task -2,1,4998.0,REL_X+9,Low,Done,734.0,5.0,Backend,3.0,0.0,3.0
5001,Task,Backend API development,2,4998.0,REL_X+9,Low,To Do,734.0,5.0,Backend,7.0,0.0,7.0
5002,Task,QA iOS,2,4998.0,REL_X+9,Low,In Review,734.0,5.0,QA,12.0,0.0,12.0
5003,Task,Back end development task -1,1,4998.0,REL_X+9,Low,Blocked,734.0,5.0,Backend,3.0,0.0,3.0
5004,User Story,Verify Email,5,4997.0,REL_X+9,Low,Blocked,,,,,,
5005,Task,QA iOS,2,5004.0,REL_X+9,Low,In Review,1521.0,3.0,QA,9.0,1.0,10.0
5006,User Story,Payment Form,6,4997.0,REL_X+9,Low,In Review,,,,,,
5007,Task,iOS UI implementation,1,5006.0,REL_X+9,Low,Blocked,393.0,8.0,iOS,6.0,1.0,7.0
5008,Task,QA iOS,1,5006.0,REL_X+9,Low,To Do,393.0,8.0,QA,4.0,0.0,4.0
5009,Task,Back end development task -1,1,5006.0,REL_X+9,Low,In Progress,393.0,8.0,Backend,5.0,0.0,5.0
5010,Feature,Custom Reports,34,4957.0,REL_X+9,Low,Blocked,,,,,,
5011,Business Story,Password Reset,10,5010.0,REL_X+9,Low,Blocked,,,,,,
5012,User Story,Review transfer,6,5011.0,REL_X+9,Low,In Progress,,,,,,
5013,Task,QA Testing,1,5012.0,REL_X+9,Low,In Review,1318.0,3.0,QA,3.0,0.0,3.0
5014,Task,QA Testing,1,5012.0,REL_X+9,Low,To Do,1318.0,3.0,QA,3.0,0.0,3.0
5015,User Story,Make a transfer,5,5011.0,REL_X+9,Low,To Do,,,,,,
5016,Task,QA iOS,2,5015.0,REL_X+9,Low,To Do,1597.0,6.0,QA,10.0,1.0,11.0
5017,Task,Android development task -1,1,5015.0,REL_X+9,Low,To Do,1597.0,6.0,Android,6.0,0.0,6.0
5018,Task,QA Android,1,5015.0,REL_X+9,Low,Done,1597.0,6.0,QA,3.0,0.0,3.0
5019,User Story,Display Card Menu,3,5011.0,REL_X+9,Low,Done,,,,,,
5020,Task,QA iOS,1,5019.0,REL_X+9,Low,Done,1755.0,4.0,QA,4.0,0.0,4.0
5021,Task,Back end development task -1,1,5019.0,REL_X+9,Low,Closed,1755.0,4.0,Backend,5.0,0.0,5.0
5022,Business Story,Update Card,13,5010.0,REL_X+9,Low,Blocked,,,,,,
5023,User Story,Payment Form,3,5022.0,REL_X+9,Low,Done,,,,,,
5024,Task,Android UI implementation,1,5023.0,REL_X+9,Low,To Do,52.0,2.0,Android,3.0,0.0,3.0
5025,User Story,Display Card Screen,5,5022.0,REL_X+9,Low,In Progress,,,,,,
5026,Task,QA iOS,2,5025.0,REL_X+9,Low,Done,913.0,4.0,QA,6.0,1.0,7.0
5027,Epic,Payments,55,,REL_X+5,Medium,Blocked,,,,,,
5028,Feature,Transaction History,34,5027.0,REL_X+5,Medium,Blocked,,,,,,
5029,Business Story,Remove Card,13,5028.0,REL_X+5,Medium,In Progress,,,,,,
5030,User Story,Transaction history,8,5029.0,REL_X+5,Medium,Done,,,,,,
5031,Task,Back end development task -1,3,5030.0,REL_X+5,Medium,In Review,11.0,1.0,Backend,9.0,1.0,10.0
5032,Task,iOS development task 1,1,5030.0,REL_X+5,Medium,To Do,11.0,1.0,iOS,5.0,1.0,6.0
5033,Task,Back end development task -1,2,5030.0,REL_X+5,Medium,Blocked,11.0,1.0,Backend,7.0,0.0,7.0
5034,Task,QA iOS,3,5030.0,REL_X+5,Medium,Done,11.0,1.0,QA,16.0,1.0,17.0
5035,Task,Environment setup,1,5030.0,REL_X+5,Medium,In Progress,11.0,1.0,DevOps,3.0,0.0,3.0
5036,User Story,Payment Form,5,5029.0,REL_X+5,Medium,To Do,,,,,,
5037,Task,iOS UI implementation,1,5036.0,REL_X+5,Medium,Blocked,612.0,8.0,iOS,6.0,1.0,7.0
5038,Task,Backend API development,2,5036.0,REL_X+5,Medium,Blocked,612.0,8.0,Backend,12.0,0.0,12.0
5039,Task,QA iOS,2,5036.0,REL_X+5,Medium,In Progress,612.0,8.0,QA,8.0,1.0,9.0
5040,Task,QA Testing,1,5036.0,REL_X+5,Medium,Blocked,612.0,8.0,QA,5.0,0.0,5.0
5041,Task,Back end development task -1,2,5036.0,REL_X+5,Medium,In Review,612.0,8.0,Backend,10.0,1.0,11.0
5042,User Story,Verify Email,7,5029.0,REL_X+5,Medium,Blocked,,,,,,
5043,Task,QA Android,2,5042.0,REL_X+5,Medium,In Progress,1533.0,3.0,QA,12.0,0.0,12.0
5044,Task,Back end development task -2,2,5042.0,REL_X+5,Medium,To Do,1533.0,3.0,Backend,11.0,2.0,13.0
5045,Task,QA iOS,2,5042.0,REL_X+5,Medium,To Do,1533.0,3.0,QA,7.0,0.0,7.0
5046,Task,QA Android,2,5042.0,REL_X+5,Medium,Done,1533.0,3.0,QA,8.0,0.0,8.0
5047,Business Story,Process Payment,9,5028.0,REL_X+5,Medium,To Do,,,,,,
5048,User Story,Transaction history,5,5047.0,REL_X+5,Medium,To Do,,,,,,
5049,Task,QA iOS,3,5048.0,REL_X+5,Medium,In Progress,1198.0,7.0,QA,14.0,0.0,14.0
5050,Task,QA Android,1,5048.0,REL_X+5,Medium,In Review,1198.0,7.0,QA,4.0,0.0,4.0
5051,User Story,Payment Confirmation,3,5047.0,REL_X+5,Medium,In Progress,,,,,,
5052,Task,QA iOS,1,5051.0,REL_X+5,Medium,Done,1659.0,8.0,QA,3.0,0.0,3.0
5053,Task,Back end development task -1,3,5051.0,REL_X+5,Medium,Closed,1659.0,8.0,Backend,13.0,1.0,14.0
5054,Task,Back end development task -2,1,5051.0,REL_X+5,Medium,Closed,1659.0,8.0,Backend,6.0,1.0,7.0
5055,Feature,Authentication,34,5027.0,REL_X+5,Medium,In Progress,,,,,,
5056,Business Story,View Cards,12,5055.0,REL_X+5,Medium,In Progress,,,,,,
5057,User Story,Review transfer,8,5056.0,REL_X+5,Medium,Done,,,,,,
5058,Task,Back end development task -1,3,5057.0,REL_X+5,Medium,Done,874.0,2.0,Backend,9.0,1.0,10.0
5059,Task,Back end development task -1,1,5057.0,REL_X+5,Medium,To Do,874.0,2.0,Backend,5.0,1.0,6.0
5060,User Story,Verify Email,4,5056.0,REL_X+5,Medium,Done,,,,,,
5061,Task,QA iOS,2,5060.0,REL_X+5,Medium,Done,118.0,5.0,QA,9.0,1.0,10.0
5062,Task,Android development task -1,3,5060.0,REL_X+5,Medium,In Progress,118.0,5.0,Android,10.0,0.0,10.0
5063,Task,QA Testing,1,5060.0,REL_X+5,Medium,Blocked,118.0,5.0,QA,3.0,0.0,3.0
5064,Task,Android development task -1,2,5060.0,REL_X+5,Medium,To Do,118.0,5.0,Android,8.0,0.0,8.0
5065,Business Story,Payment Callback,9,5055.0,REL_X+5,Medium,To Do,,,,,,
5066,User Story,Make a transfer,5,5065.0,REL_X+5,Medium,Done,,,,,,
5067,Task,QA iOS,2,5066.0,REL_X+5,Medium,Done,417.0,1.0,QA,12.0,0.0,12.0
5068,Task,Android development task -1,1,5066.0,REL_X+5,Medium,Closed,417.0,1.0,Android,6.0,0.0,6.0
5069,Task,Back end development task -1,1,5066.0,REL_X+5,Medium,Closed,417.0,1.0,Backend,5.0,0.0,5.0
5070,Task,Backend API development,1,5066.0,REL_X+5,Medium,Blocked,417.0,1.0,Backend,6.0,1.0,7.0
5071,User Story,Transaction history,5,5065.0,REL_X+5,Medium,Closed,,,,,,
5072,Task,Backend API development,1,5071.0,REL_X+5,Medium,Closed,1748.0,4.0,Backend,3.0,0.0,3.0
5073,Task,Back end development task -1,3,5071.0,REL_X+5,Medium,Blocked,1748.0,4.0,Backend,15.0,0.0,15.0
5074,Task,Back end development task -1,1,5071.0,REL_X+5,Medium,In Review,1748.0,4.0,Backend,4.0,0.0,4.0
5075,Task,Android development task -1,1,5071.0,REL_X+5,Medium,Closed,1748.0,4.0,Android,4.0,0.0,4.0
5076,Task,iOS development task 1,1,5071.0,REL_X+5,Medium,In Review,1748.0,4.0,iOS,4.0,0.0,4.0
5077,Feature,In-App Messages,21,5027.0,REL_X+5,Medium,To Do,,,,,,
5078,Business Story,Remove Card,13,5077.0,REL_X+5,Medium,Closed,,,,,,
5079,User Story,Display Card Screen,5,5078.0,REL_X+5,Medium,To Do,,,,,,
5080,Task,Back end development task -2,2,5079.0,REL_X+5,Medium,Done,614.0,8.0,Backend,9.0,1.0,10.0
5081,Task,Android UI implementation,2,5079.0,REL_X+5,Medium,Done,614.0,8.0,Android,8.0,1.0,9.0
5082,Business Story,Sign Up,11,5077.0,REL_X+5,Medium,In Progress,,,,,,
5083,User Story,Transaction history,4,5082.0,REL_X+5,Medium,To Do,,,,,,
5084,Task,Back end development task -1,2,5083.0,REL_X+5,Medium,Closed,1028.0,8.0,Backend,8.0,1.0,9.0
5085,Task,iOS development task 1,2,5083.0,REL_X+5,Medium,In Review,1028.0,8.0,iOS,11.0,0.0,11.0
5086,Task,QA Testing,1,5083.0,REL_X+5,Medium,Closed,1028.0,8.0,QA,6.0,1.0,7.0
5087,Task,Backend API development,3,5083.0,REL_X+5,Medium,In Progress,1028.0,8.0,Backend,12.0,0.0,12.0
5088,Task,QA iOS,2,5083.0,REL_X+5,Medium,In Review,1028.0,8.0,QA,10.0,1.0,11.0
5089,User Story,Make a transfer,3,5082.0,REL_X+5,Medium,Done,,,,,,
5090,Task,QA iOS,1,5089.0,REL_X+5,Medium,In Review,118.0,5.0,QA,5.0,1.0,6.0
5091,Task,Back end development task -2,3,5089.0,REL_X+5,Medium,Done,118.0,5.0,Backend,14.0,2.0,16.0
5092,Business Story,View Cards,12,5077.0,REL_X+5,Medium,In Review,,,,,,
5093,User Story,Payment Confirmation,7,5092.0,REL_X+5,Medium,Done,,,,,,
5094,Task,iOS UI implementation,2,5093.0,REL_X+5,Medium,Blocked,352.0,6.0,iOS,9.0,0.0,9.0
5095,Task,QA iOS,1,5093.0,REL_X+5,Medium,Blocked,352.0,6.0,QA,5.0,1.0,6.0
5096,Task,Android development task -1,2,5093.0,REL_X+5,Medium,In Review,352.0,6.0,Android,12.0,0.0,12.0
5097,User Story,Error Handling,5,5092.0,REL_X+5,Medium,In Progress,,,,,,
5098,Task,QA Android,1,5097.0,REL_X+5,Medium,Done,1766.0,4.0,QA,6.0,0.0,6.0
5099,Task,QA iOS,1,5097.0,REL_X+5,Medium,To Do,1766.0,4.0,QA,5.0,0.0,5.0
5100,Task,QA iOS,1,5097.0,REL_X+5,Medium,In Review,1766.0,4.0,QA,6.0,0.0,6.0
5101,User Story,Review transfer,5,5092.0,REL_X+5,Medium,Done,,,,,,
5102,Task,iOS development task 1,3,5101.0,REL_X+5,Medium,In Progress,843.0,1.0,iOS,9.0,0.0,9.0
5103,Task,QA iOS,1,5101.0,REL_X+5,Medium,In Review,843.0,1.0,QA,5.0,0.0,5.0
5104,Epic,Notifications,55,,REL_X+4,Low,To Do,,,,,,
5105,Feature,Custom Reports,34,5104.0,REL_X+4,Low,To Do,,,,,,
5106,Business Story,Password Reset,10,5105.0,REL_X+4,Low,To Do,,,,,,
5107,User Story,Send email,8,5106.0,REL_X+4,Low,In Review,,,,,,
5108,Task,QA iOS,1,5107.0,REL_X+4,Low,To Do,882.0,2.0,QA,5.0,0.0,5.0
5109,Task,Back end development task -1,2,5107.0,REL_X+4,Low,Done,882.0,2.0,Backend,6.0,0.0,6.0
5110,User Story,Display Card Menu,5,5106.0,REL_X+4,Low,In Review,,,,,,
5111,Task,QA iOS,1,5110.0,REL_X+4,Low,To Do,1563.0,5.0,QA,5.0,1.0,6.0
5112,Task,Environment setup,3,5110.0,REL_X+4,Low,To Do,1563.0,5.0,DevOps,12.0,1.0,13.0
5113,Business Story,Payment Callback,9,5105.0,REL_X+4,Low,Closed,,,,,,
5114,User Story,Verify Email,8,5113.0,REL_X+4,Low,Done,,,,,,
5115,Task,QA Testing,2,5114.0,REL_X+4,Low,In Review,295.0,4.0,QA,8.0,1.0,9.0
5116,Task,Backend API development,1,5114.0,REL_X+4,Low,Blocked,295.0,4.0,Backend,6.0,0.0,6.0
5117,Task,iOS UI implementation,3,5114.0,REL_X+4,Low,In Progress,295.0,4.0,iOS,15.0,2.0,17.0
5118,Task,QA Android,1,5114.0,REL_X+4,Low,Blocked,295.0,4.0,QA,5.0,0.0,5.0
5119,Feature,Dashboard,34,5104.0,REL_X+4,Low,In Progress,,,,,,
5120,Business Story,Sign Up,11,5119.0,REL_X+4,Low,To Do,,,,,,
5121,User Story,Verify Email,7,5120.0,REL_X+4,Low,Closed,,,,,,
5122,Task,QA Android,2,5121.0,REL_X+4,Low,Closed,228.0,1.0,QA,6.0,0.0,6.0
5123,Task,iOS development task 1,1,5121.0,REL_X+4,Low,In Review,228.0,1.0,iOS,3.0,0.0,3.0
5124,User Story,Make a transfer,4,5120.0,REL_X+4,Low,In Progress,,,,,,
5125,Task,Backend API development,1,5124.0,REL_X+4,Low,Closed,1466.0,1.0,Backend,5.0,0.0,5.0
5126,Business Story,Password Reset,10,5119.0,REL_X+4,Low,In Progress,,,,,,
5127,User Story,Make a transfer,5,5126.0,REL_X+4,Low,Blocked,,,,,,
5128,Task,QA Testing,3,5127.0,REL_X+4,Low,Closed,1072.0,2.0,QA,9.0,1.0,10.0
5129,Task,QA Android,2,5127.0,REL_X+4,Low,In Progress,1072.0,2.0,QA,10.0,1.0,11.0
5130,Task,Back end development task -2,3,5127.0,REL_X+4,Low,Blocked,1072.0,2.0,Backend,15.0,0.0,15.0
5131,User Story,Payment Form,5,5126.0,REL_X+4,Low,In Review,,,,,,
5132,Task,Android UI implementation,1,5131.0,REL_X+4,Low,Done,205.0,8.0,Android,3.0,0.0,3.0
5133,Task,QA Android,1,5131.0,REL_X+4,Low,In Progress,205.0,8.0,QA,4.0,0.0,4.0
5134,Task,Android development task -1,2,5131.0,REL_X+4,Low,In Review,205.0,8.0,Android,9.0,1.0,10.0
5135,Task,iOS development task 1,1,5131.0,REL_X+4,Low,In Progress,205.0,8.0,iOS,6.0,0.0,6.0
5136,Task,iOS development task 1,1,5131.0,REL_X+4,Low,Done,205.0,8.0,iOS,5.0,0.0,5.0
5137,Feature,Transaction History,34,5104.0,REL_X+4,Low,Blocked,,,,,,
5138,Business Story,Process Payment,9,5137.0,REL_X+4,Low,In Review,,,,,,
5139,User Story,Payment Confirmation,6,5138.0,REL_X+4,Low,Blocked,,,,,,
5140,Task,iOS UI implementation,2,5139.0,REL_X+4,Low,Closed,1725.0,3.0,iOS,6.0,1.0,7.0
5141,Task,Android UI implementation,1,5139.0,REL_X+4,Low,To Do,1725.0,3.0,Android,6.0,1.0,7.0
5142,User Story,Send email,5,5138.0,REL_X+4,Low,To Do,,,,,,
5143,Task,Back end development task -1,2,5142.0,REL_X+4,Low,Blocked,1220.0,7.0,Backend,8.0,1.0,9.0
5144,Task,iOS development task 1,1,5142.0,REL_X+4,Low,In Progress,1220.0,7.0,iOS,6.0,1.0,7.0
5145,Task,QA iOS,2,5142.0,REL_X+4,Low,To Do,1220.0,7.0,QA,10.0,0.0,10.0
5146,Business Story,Add Card,13,5137.0,REL_X+4,Low,Done,,,,,,
5147,User Story,Payment Form,5,5146.0,REL_X+4,Low,In Review,,,,,,
5148,Task,Back end development task -2,1,5147.0,REL_X+4,Low,In Review,1377.0,5.0,Backend,6.0,0.0,6.0
5149,Task,Back end development task -1,1,5147.0,REL_X+4,Low,In Progress,1377.0,5.0,Backend,5.0,1.0,6.0
5150,Task,Android UI implementation,1,5147.0,REL_X+4,Low,Done,1377.0,5.0,Android,6.0,0.0,6.0
5151,Task,Android UI implementation,3,5147.0,REL_X+4,Low,In Review,1377.0,5.0,Android,14.0,1.0,15.0
5152,Business Story,Update Card,13,5137.0,REL_X+4,Low,Blocked,,,,,,
5153,User Story,Make a transfer,6,5152.0,REL_X+4,Low,Blocked,,,,,,
5154,Task,QA Android,2,5153.0,REL_X+4,Low,Done,1134.0,4.0,QA,11.0,0.0,11.0
5155,User Story,Verify Email,5,5152.0,REL_X+4,Low,Done,,,,,,
5156,Task,Back end development task -2,3,5155.0,REL_X+4,Low,Blocked,1529.0,3.0,Backend,11.0,1.0,12.0
5157,Task,QA iOS,2,5155.0,REL_X+4,Low,Done,1529.0,3.0,QA,6.0,0.0,6.0
5158,Task,Android development task -1,1,5155.0,REL_X+4,Low,To Do,1529.0,3.0,Android,6.0,1.0,7.0
5159,Task,Android development task -1,3,5155.0,REL_X+4,Low,Blocked,1529.0,3.0,Android,14.0,1.0,15.0
5160,Task,Back end development task -2,1,5155.0,REL_X+4,Low,Closed,1529.0,3.0,Backend,3.0,0.0,3.0
5161,Feature,Data Export,21,5104.0,REL_X+4,Low,In Progress,,,,,,
5162,Business Story,Sign Up,11,5161.0,REL_X+4,Low,In Progress,,,,,,
5163,User Story,Verify Email,5,5162.0,REL_X+4,Low,Blocked,,,,,,
5164,Task,Back end development task -1,3,5163.0,REL_X+4,Low,Done,1364.0,5.0,Backend,16.0,0.0,16.0
5165,Task,Android development task -1,1,5163.0,REL_X+4,Low,Blocked,1364.0,5.0,Android,4.0,0.0,4.0
5166,Business Story,Password Reset,10,5161.0,REL_X+4,Low,Blocked,,,,,,
5167,User Story,Transaction history,6,5166.0,REL_X+4,Low,Blocked,,,,,,
5168,Task,iOS UI implementation,1,5167.0,REL_X+4,Low,Blocked,1041.0,1.0,iOS,5.0,0.0,5.0
5169,Task,QA Testing,2,5167.0,REL_X+4,Low,In Progress,1041.0,1.0,QA,10.0,1.0,11.0
5170,Task,Android development task -1,2,5167.0,REL_X+4,Low,Blocked,1041.0,1.0,Android,7.0,1.0,8.0
5171,Task,Back end development task -1,2,5167.0,REL_X+4,Low,To Do,1041.0,1.0,Backend,8.0,1.0,9.0
5172,Task,Android development task -1,2,5167.0,REL_X+4,Low,Closed,1041.0,1.0,Android,7.0,0.0,7.0
5173,User Story,Display Card Screen,5,5166.0,REL_X+4,Low,In Review,,,,,,
5174,Task,iOS UI implementation,2,5173.0,REL_X+4,Low,Done,1327.0,4.0,iOS,12.0,0.0,12.0
5175,Task,Backend API development,2,5173.0,REL_X+4,Low,Blocked,1327.0,4.0,Backend,9.0,0.0,9.0
5176,Task,Backend API development,1,5173.0,REL_X+4,Low,Blocked,1327.0,4.0,Backend,3.0,0.0,3.0
5177,Task,QA iOS,2,5173.0,REL_X+4,Low,Blocked,1327.0,4.0,QA,11.0,0.0,11.0
5178,Task,QA Android,3,5173.0,REL_X+4,Low,Done,1327.0,4.0,QA,18.0,1.0,19.0
5179,User Story,Display Card Menu,7,5166.0,REL_X+4,Low,To Do,,,,,,
5180,Task,QA iOS,1,5179.0,REL_X+4,Low,Closed,1379.0,6.0,QA,4.0,0.0,4.0
5181,Task,QA iOS,3,5179.0,REL_X+4,Low,Blocked,1379.0,6.0,QA,12.0,0.0,12.0
5182,Task,Environment setup,1,5179.0,REL_X+4,Low,In Review,1379.0,6.0,DevOps,3.0,0.0,3.0
5183,Task,iOS development task 1,1,5179.0,REL_X+4,Low,To Do,1379.0,6.0,iOS,5.0,0.0,5.0
5184,Task,QA Android,2,5179.0,REL_X+4,Low,Closed,1379.0,6.0,QA,10.0,2.0,12.0
5185,Business Story,View Cards,12,5161.0,REL_X+4,Low,Closed,,,,,,
5186,User Story,Display Card Screen,5,5185.0,REL_X+4,Low,In Progress,,,,,,
5187,Task,Back end development task -1,1,5186.0,REL_X+4,Low,Blocked,670.0,2.0,Backend,5.0,1.0,6.0
5188,Task,Back end development task -1,3,5186.0,REL_X+4,Low,To Do,670.0,2.0,Backend,18.0,1.0,19.0
5189,Task,QA iOS,3,5186.0,REL_X+4,Low,To Do,670.0,2.0,QA,16.0,1.0,17.0
5190,Epic,Security,55,,REL_X+6,Medium,In Review,,,,,,
5191,Feature,Push Notifications,21,5190.0,REL_X+6,Medium,Closed,,,,,,
5192,Business Story,View Cards,12,5191.0,REL_X+6,Medium,Closed,,,,,,
5193,User Story,Display Card Screen,5,5192.0,REL_X+6,Medium,Done,,,,,,
5194,Task,Backend API development,2,5193.0,REL_X+6,Medium,Closed,1762.0,4.0,Backend,11.0,1.0,12.0
5195,User Story,Payment Form,5,5192.0,REL_X+6,Medium,To Do,,,,,,
5196,Task,Back end development task -2,1,5195.0,REL_X+6,Medium,Closed,704.0,4.0,Backend,5.0,0.0,5.0
5197,Task,Environment setup,1,5195.0,REL_X+6,Medium,To Do,704.0,4.0,DevOps,4.0,0.0,4.0
5198,Task,iOS development task 1,1,5195.0,REL_X+6,Medium,Closed,704.0,4.0,iOS,4.0,0.0,4.0
5199,Task,Android development task -1,1,5195.0,REL_X+6,Medium,To Do,704.0,4.0,Android,3.0,0.0,3.0
5200,Task,Back end development task -2,2,5195.0,REL_X+6,Medium,Blocked,704.0,4.0,Backend,12.0,0.0,12.0
5201,User Story,Error Handling,4,5192.0,REL_X+6,Medium,In Progress,,,,,,
5202,Task,iOS UI implementation,2,5201.0,REL_X+6,Medium,In Review,1083.0,2.0,iOS,11.0,1.0,12.0
5203,Task,QA iOS,2,5201.0,REL_X+6,Medium,Blocked,1083.0,2.0,QA,6.0,0.0,6.0
5204,Business Story,Add Card,13,5191.0,REL_X+6,Medium,In Progress,,,,,,
5205,User Story,Payment Confirmation,5,5204.0,REL_X+6,Medium,Blocked,,,,,,
5206,Task,Environment setup,1,5205.0,REL_X+6,Medium,Done,1293.0,2.0,DevOps,3.0,0.0,3.0
5207,Task,iOS development task 1,2,5205.0,REL_X+6,Medium,In Progress,1293.0,2.0,iOS,9.0,0.0,9.0
5208,Task,QA Testing,1,5205.0,REL_X+6,Medium,Done,1293.0,2.0,QA,4.0,0.0,4.0
5209,User Story,Send email,3,5204.0,REL_X+6,Medium,In Progress,,,,,,
5210,Task,Back end development task -1,2,5209.0,REL_X+6,Medium,Closed,1722.0,3.0,Backend,9.0,0.0,9.0
5211,User Story,Make a transfer,6,5204.0,REL_X+6,Medium,In Progress,,,,,,
5212,Task,iOS development task 1,1,5211.0,REL_X+6,Medium,Done,863.0,2.0,iOS,4.0,0.0,4.0
5213,Task,Backend API development,2,5211.0,REL_X+6,Medium,In Review,863.0,2.0,Backend,7.0,1.0,8.0
5214,Business Story,Update Card,13,5191.0,REL_X+6,Medium,Done,,,,,,
5215,User Story,Payment Form,4,5214.0,REL_X+6,Medium,Closed,,,,,,
5216,Task,Android development task -1,1,5215.0,REL_X+6,Medium,Blocked,1529.0,3.0,Android,5.0,0.0,5.0
5217,Task,Back end development task -1,2,5215.0,REL_X+6,Medium,Blocked,1529.0,3.0,Backend,7.0,0.0,7.0
5218,Task,QA Android,1,5215.0,REL_X+6,Medium,Done,1529.0,3.0,QA,4.0,0.0,4.0
5219,User Story,Display Card Menu,5,5214.0,REL_X+6,Medium,Closed,,,,,,
5220,Task,Backend API development,2,5219.0,REL_X+6,Medium,In Progress,121.0,5.0,Backend,9.0,0.0,9.0
5221,Task,Android development task -1,1,5219.0,REL_X+6,Medium,Closed,121.0,5.0,Android,5.0,0.0,5.0
5222,User Story,Display Card Screen,5,5214.0,REL_X+6,Medium,In Review,,,,,,
5223,Task,iOS UI implementation,1,5222.0,REL_X+6,Medium,In Review,727.0,4.0,iOS,3.0,0.0,3.0
5224,Task,iOS development task 1,2,5222.0,REL_X+6,Medium,Closed,727.0,4.0,iOS,7.0,1.0,8.0
5225,Feature,Email Service,21,5190.0,REL_X+6,Medium,In Review,,,,,,
5226,Business Story,Remove Card,13,5225.0,REL_X+6,Medium,Closed,,,,,,
5227,User Story,Payment Form,5,5226.0,REL_X+6,Medium,In Review,,,,,,
5228,Task,iOS UI implementation,1,5227.0,REL_X+6,Medium,In Progress,1459.0,1.0,iOS,4.0,0.0,4.0
5229,Task,iOS UI implementation,1,5227.0,REL_X+6,Medium,Done,1459.0,1.0,iOS,6.0,1.0,7.0
5230,Task,iOS UI implementation,1,5227.0,REL_X+6,Medium,In Review,1459.0,1.0,iOS,3.0,0.0,3.0
5231,Task,Android development task -1,2,5227.0,REL_X+6,Medium,In Progress,1459.0,1.0,Android,9.0,0.0,9.0
5232,User Story,Error Handling,6,5226.0,REL_X+6,Medium,In Review,,,,,,
5233,Task,Backend API development,1,5232.0,REL_X+6,Medium,To Do,381.0,7.0,Backend,6.0,0.0,6.0
5234,Task,Backend API development,1,5232.0,REL_X+6,Medium,Done,381.0,7.0,Backend,3.0,0.0,3.0
5235,Task,iOS UI implementation,1,5232.0,REL_X+6,Medium,Done,381.0,7.0,iOS,5.0,1.0,6.0
5236,Task,Android development task -1,2,5232.0,REL_X+6,Medium,Closed,381.0,7.0,Android,11.0,2.0,13.0
5237,Task,Back end development task -1,1,5232.0,REL_X+6,Medium,Done,381.0,7.0,Backend,6.0,1.0,7.0
5238,User Story,Review transfer,5,5226.0,REL_X+6,Medium,Closed,,,,,,
5239,Task,QA iOS,1,5238.0,REL_X+6,Medium,In Review,1015.0,8.0,QA,6.0,0.0,6.0
5240,Task,iOS development task 1,1,5238.0,REL_X+6,Medium,Done,1015.0,8.0,iOS,4.0,0.0,4.0
5241,Task,iOS development task 1,3,5238.0,REL_X+6,Medium,In Review,1015.0,8.0,iOS,12.0,0.0,12.0
5242,Task,QA Android,2,5238.0,REL_X+6,Medium,Done,1015.0,8.0,QA,11.0,0.0,11.0
5243,Business Story,Email Verification,10,5225.0,REL_X+6,Medium,To Do,,,,,,
5244,User Story,Make a transfer,5,5243.0,REL_X+6,Medium,To Do,,,,,,
5245,Task,Android development task -1,1,5244.0,REL_X+6,Medium,In Progress,10.0,1.0,Android,6.0,1.0,7.0
5246,Epic,Notifications,55,,REL_X+3,High,Closed,,,,,,
5247,Feature,Recurring Billing,21,5246.0,REL_X+3,High,In Progress,,,,,,
5248,Business Story,Remove Card,13,5247.0,REL_X+3,High,Done,,,,,,
5249,User Story,Payment Form,8,5248.0,REL_X+3,High,Done,,,,,,
5250,Task,Back end development task -2,2,5249.0,REL_X+3,High,Closed,963.0,6.0,Backend,10.0,1.0,11.0
5251,Task,QA iOS,3,5249.0,REL_X+3,High,In Progress,963.0,6.0,QA,15.0,2.0,17.0
5252,User Story,Send email,6,5248.0,REL_X+3,High,Closed,,,,,,
5253,Task,Android development task -1,3,5252.0,REL_X+3,High,Closed,1429.0,7.0,Android,14.0,2.0,16.0
5254,Task,Android development task -1,1,5252.0,REL_X+3,High,In Review,1429.0,7.0,Android,4.0,0.0,4.0
5255,User Story,Make a transfer,7,5248.0,REL_X+3,High,To Do,,,,,,
5256,Task,iOS UI implementation,1,5255.0,REL_X+3,High,Done,1168.0,5.0,iOS,3.0,0.0,3.0
5257,Task,Backend API development,1,5255.0,REL_X+3,High,Blocked,1168.0,5.0,Backend,3.0,0.0,3.0
5258,Task,Android development task -1,3,5255.0,REL_X+3,High,Closed,1168.0,5.0,Android,10.0,1.0,11.0
5259,Task,QA Android,1,5255.0,REL_X+3,High,Done,1168.0,5.0,QA,3.0,0.0,3.0
5260,Business Story,Add Card,13,5247.0,REL_X+3,High,Blocked,,,,,,
5261,User Story,Display Card Screen,5,5260.0,REL_X+3,High,In Review,,,,,,
5262,Task,Android development task -1,3,5261.0,REL_X+3,High,In Progress,984.0,6.0,Android,9.0,1.0,10.0
5263,Task,Android development task -1,1,5261.0,REL_X+3,High,In Review,984.0,6.0,Android,3.0,0.0,3.0
5264,User Story,Payment Confirmation,5,5260.0,REL_X+3,High,To Do,,,,,,
5265,Task,QA Testing,2,5264.0,REL_X+3,High,To Do,1345.0,4.0,QA,8.0,1.0,9.0
5266,Task,Back end development task -1,1,5264.0,REL_X+3,High,In Progress,1345.0,4.0,Backend,6.0,1.0,7.0
5267,Business Story,View Cards,12,5247.0,REL_X+3,High,Closed,,,,,,
5268,User Story,Display Card Screen,5,5267.0,REL_X+3,High,In Review,,,,,,
5269,Task,iOS UI implementation,1,5268.0,REL_X+3,High,In Progress,128.0,5.0,iOS,4.0,0.0,4.0
5270,Task,QA iOS,3,5268.0,REL_X+3,High,Done,128.0,5.0,QA,18.0,0.0,18.0
5271,Feature,User Profile,34,5246.0,REL_X+3,High,In Progress,,,,,,
5272,Business Story,View Cards,12,5271.0,REL_X+3,High,To Do,,,,,,
5273,User Story,Transaction history,6,5272.0,REL_X+3,High,In Review,,,,,,
5274,Task,iOS development task 1,3,5273.0,REL_X+3,High,Done,1745.0,4.0,iOS,13.0,2.0,15.0
5275,Task,Back end development task -1,2,5273.0,REL_X+3,High,To Do,1745.0,4.0,Backend,9.0,1.0,10.0
5276,Task,Android UI implementation,2,5273.0,REL_X+3,High,In Progress,1745.0,4.0,Android,10.0,1.0,11.0
5277,Business Story,Payment Callback,9,5271.0,REL_X+3,High,In Progress,,,,,,
5278,User Story,Display Card Screen,5,5277.0,REL_X+3,High,Blocked,,,,,,
5279,Task,Environment setup,2,5278.0,REL_X+3,High,Blocked,847.0,1.0,DevOps,10.0,0.0,10.0
5280,Task,Back end development task -2,3,5278.0,REL_X+3,High,To Do,847.0,1.0,Backend,17.0,2.0,19.0
5281,Task,QA Testing,2,5278.0,REL_X+3,High,Done,847.0,1.0,QA,11.0,0.0,11.0
5282,User Story,Display Card Menu,5,5277.0,REL_X+3,High,To Do,,,,,,
5283,Task,Backend API development,1,5282.0,REL_X+3,High,Done,549.0,6.0,Backend,5.0,0.0,5.0
5284,Task,Environment setup,2,5282.0,REL_X+3,High,In Review,549.0,6.0,DevOps,8.0,0.0,8.0
5285,Task,QA Android,2,5282.0,REL_X+3,High,In Review,549.0,6.0,QA,6.0,0.0,6.0
5286,Business Story,Process Payment,9,5271.0,REL_X+3,High,Blocked,,,,,,
5287,User Story,Transaction history,5,5286.0,REL_X+3,High,In Progress,,,,,,
5288,Task,Backend API development,1,5287.0,REL_X+3,High,To Do,1234.0,8.0,Backend,6.0,1.0,7.0
5289,User Story,Verify Email,3,5286.0,REL_X+3,High,To Do,,,,,,
5290,Task,Back end development task -1,2,5289.0,REL_X+3,High,To Do,1204.0,7.0,Backend,8.0,1.0,9.0
5291,Task,iOS development task 1,3,5289.0,REL_X+3,High,Closed,1204.0,7.0,iOS,12.0,2.0,14.0
5292,Feature,Authorization,34,5246.0,REL_X+3,High,Done,,,,,,
5293,Business Story,Update Card,13,5292.0,REL_X+3,High,Done,,,,,,
5294,User Story,Review transfer,5,5293.0,REL_X+3,High,Blocked,,,,,,
5295,Task,Back end development task -2,1,5294.0,REL_X+3,High,Closed,1575.0,5.0,Backend,5.0,1.0,6.0
5296,Task,iOS development task 1,2,5294.0,REL_X+3,High,To Do,1575.0,5.0,iOS,11.0,2.0,13.0
5297,Business Story,Remove Card,13,5292.0,REL_X+3,High,Closed,,,,,,
5298,User Story,Payment Confirmation,3,5297.0,REL_X+3,High,Blocked,,,,,,
5299,Task,QA iOS,1,5298.0,REL_X+3,High,Closed,659.0,2.0,QA,6.0,1.0,7.0
5300,Task,iOS UI implementation,2,5298.0,REL_X+3,High,Closed,659.0,2.0,iOS,7.0,0.0,7.0
5301,User Story,Error Handling,5,5297.0,REL_X+3,High,Closed,,,,,,
5302,Task,QA Android,1,5301.0,REL_X+3,High,In Review,856.0,1.0,QA,4.0,0.0,4.0
5303,Task,iOS development task 1,3,5301.0,REL_X+3,High,Blocked,856.0,1.0,iOS,17.0,0.0,17.0
5304,Feature,Account Settings,21,5246.0,REL_X+3,High,Blocked,,,,,,
5305,Business Story,Payment Validation,9,5304.0,REL_X+3,High,Blocked,,,,,,
5306,User Story,Error Handling,4,5305.0,REL_X+3,High,Closed,,,,,,
5307,Task,Environment setup,2,5306.0,REL_X+3,High,Closed,1466.0,1.0,DevOps,11.0,2.0,13.0
5308,Business Story,Payment Callback,9,5304.0,REL_X+3,High,In Review,,,,,,
5309,User Story,Display Card Screen,3,5308.0,REL_X+3,High,Closed,,,,,,
5310,Task,Backend API development,1,5309.0,REL_X+3,High,Done,1754.0,4.0,Backend,3.0,0.0,3.0
5311,Task,iOS development task 1,2,5309.0,REL_X+3,High,In Review,1754.0,4.0,iOS,10.0,0.0,10.0
5312,Epic,Payments,55,,REL_X+8,Medium,In Progress,,,,,,
5313,Feature,Cards,34,5312.0,REL_X+8,Medium,In Review,,,,,,
5314,Business Story,Update Card,13,5313.0,REL_X+8,Medium,In Review,,,,,,
5315,User Story,Error Handling,8,5314.0,REL_X+8,Medium,Closed,,,,,,
5316,Task,QA Testing,3,5315.0,REL_X+8,Medium,In Review,15.0,1.0,QA,14.0,2.0,16.0
5317,Task,Android development task -1,1,5315.0,REL_X+8,Medium,Closed,15.0,1.0,Android,3.0,0.0,3.0
5318,Task,QA Android,1,5315.0,REL_X+8,Medium,Blocked,15.0,1.0,QA,3.0,0.0,3.0
5319,Task,Environment setup,3,5315.0,REL_X+8,Medium,Closed,15.0,1.0,DevOps,18.0,2.0,20.0
5320,Business Story,Payment Callback,9,5313.0,REL_X+8,Medium,In Progress,,,,,,
5321,User Story,Transaction history,7,5320.0,REL_X+8,Medium,Blocked,,,,,,
5322,Task,QA iOS,1,5321.0,REL_X+8,Medium,In Review,271.0,3.0,QA,6.0,0.0,6.0
5323,Task,Back end development task -1,3,5321.0,REL_X+8,Medium,Blocked,271.0,3.0,Backend,11.0,2.0,13.0
5324,Task,Environment setup,2,5321.0,REL_X+8,Medium,In Progress,271.0,3.0,DevOps,8.0,0.0,8.0
5325,Task,QA Android,1,5321.0,REL_X+8,Medium,In Progress,271.0,3.0,QA,6.0,0.0,6.0
5326,User Story,Verify Email,8,5320.0,REL_X+8,Medium,Done,,,,,,
5327,Task,QA iOS,3,5326.0,REL_X+8,Medium,In Progress,822.0,8.0,QA,9.0,1.0,10.0
5328,User Story,Payment Form,3,5320.0,REL_X+8,Medium,Blocked,,,,,,
5329,Task,Back end development task -1,1,5328.0,REL_X+8,Medium,Closed,489.0,3.0,Backend,4.0,0.0,4.0
5330,Task,iOS UI implementation,1,5328.0,REL_X+8,Medium,To Do,489.0,3.0,iOS,3.0,0.0,3.0
5331,Task,QA Android,2,5328.0,REL_X+8,Medium,In Progress,489.0,3.0,QA,10.0,0.0,10.0
5332,Task,Back end development task -2,3,5328.0,REL_X+8,Medium,To Do,489.0,3.0,Backend,12.0,2.0,14.0
5333,Business Story,Add Card,13,5313.0,REL_X+8,Medium,In Progress,,,,,,
5334,User Story,Make a transfer,5,5333.0,REL_X+8,Medium,In Review,,,,,,
5335,Task,Android UI implementation,2,5334.0,REL_X+8,Medium,Closed,324.0,5.0,Android,10.0,1.0,11.0
5336,Task,QA Android,1,5334.0,REL_X+8,Medium,Blocked,324.0,5.0,QA,3.0,0.0,3.0
5337,User Story,Display Card Menu,3,5333.0,REL_X+8,Medium,Done,,,,,,
5338,Task,iOS UI implementation,1,5337.0,REL_X+8,Medium,Blocked,1468.0,1.0,iOS,6.0,1.0,7.0
5339,Task,Android development task -1,2,5337.0,REL_X+8,Medium,Closed,1468.0,1.0,Android,8.0,1.0,9.0
5340,Task,Android development task -1,1,5337.0,REL_X+8,Medium,Closed,1468.0,1.0,Android,5.0,1.0,6.0
5341,Task,Android development task -1,3,5337.0,REL_X+8,Medium,To Do,1468.0,1.0,Android,12.0,2.0,14.0
5342,Task,iOS development task 1,2,5337.0,REL_X+8,Medium,To Do,1468.0,1.0,iOS,11.0,2.0,13.0
5343,Feature,SMS Alerts,21,5312.0,REL_X+8,Medium,Closed,,,,,,
5344,Business Story,Email Verification,10,5343.0,REL_X+8,Medium,In Review,,,,,,
5345,User Story,Send email,8,5344.0,REL_X+8,Medium,In Progress,,,,,,
5346,Task,QA Android,1,5345.0,REL_X+8,Medium,To Do,1776.0,5.0,QA,6.0,1.0,7.0
5347,Task,QA iOS,2,5345.0,REL_X+8,Medium,In Progress,1776.0,5.0,QA,9.0,0.0,9.0
5348,User Story,Verify Email,8,5344.0,REL_X+8,Medium,Blocked,,,,,,
5349,Task,Android development task -1,1,5348.0,REL_X+8,Medium,Blocked,211.0,1.0,Android,6.0,0.0,6.0
5350,Task,Back end development task -1,1,5348.0,REL_X+8,Medium,Blocked,211.0,1.0,Backend,4.0,0.0,4.0
5351,Task,Back end development task -1,1,5348.0,REL_X+8,Medium,In Review,211.0,1.0,Backend,5.0,0.0,5.0
5352,Task,QA Android,1,5348.0,REL_X+8,Medium,Closed,211.0,1.0,QA,5.0,0.0,5.0
5353,Business Story,Payment Callback,9,5343.0,REL_X+8,Medium,To Do,,,,,,
5354,User Story,Payment Form,5,5353.0,REL_X+8,Medium,Closed,,,,,,
5355,Task,iOS UI implementation,1,5354.0,REL_X+8,Medium,Blocked,1301.0,3.0,iOS,3.0,0.0,3.0
5356,Business Story,View Cards,12,5343.0,REL_X+8,Medium,To Do,,,,,,
5357,User Story,Payment Confirmation,5,5356.0,REL_X+8,Medium,In Review,,,,,,
5358,Task,iOS development task 1,1,5357.0,REL_X+8,Medium,Done,265.0,3.0,iOS,4.0,0.0,4.0
5359,Task,QA iOS,1,5357.0,REL_X+8,Medium,Closed,265.0,3.0,QA,5.0,0.0,5.0
5360,User Story,Payment Form,5,5356.0,REL_X+8,Medium,In Review,,,,,,
5361,Task,QA Android,1,5360.0,REL_X+8,Medium,Done,1499.0,2.0,QA,5.0,1.0,6.0
5362,Task,Back end development task -2,1,5360.0,REL_X+8,Medium,Done,1499.0,2.0,Backend,6.0,0.0,6.0
5363,Task,Environment setup,2,5360.0,REL_X+8,Medium,Done,1499.0,2.0,DevOps,10.0,2.0,12.0
5364,Feature,Dashboard,34,5312.0,REL_X+8,Medium,Done,,,,,,
5365,Business Story,Password Reset,10,5364.0,REL_X+8,Medium,Done,,,,,,
5366,User Story,Verify Email,5,5365.0,REL_X+8,Medium,To Do,,,,,,
5367,Task,QA Android,3,5366.0,REL_X+8,Medium,In Review,1135.0,4.0,QA,18.0,3.0,21.0
5368,Task,Android UI implementation,1,5366.0,REL_X+8,Medium,Closed,1135.0,4.0,Android,3.0,0.0,3.0
5369,Business Story,Sign Up,11,5364.0,REL_X+8,Medium,Blocked,,,,,,
5370,User Story,Make a transfer,8,5369.0,REL_X+8,Medium,Closed,,,,,,
5371,Task,QA Testing,3,5370.0,REL_X+8,Medium,In Review,1422.0,7.0,QA,10.0,2.0,12.0
5372,Task,Back end development task -1,3,5370.0,REL_X+8,Medium,In Progress,1422.0,7.0,Backend,10.0,2.0,12.0
5373,Task,QA iOS,1,5370.0,REL_X+8,Medium,Blocked,1422.0,7.0,QA,5.0,1.0,6.0
5374,Task,Back end development task -1,1,5370.0,REL_X+8,Medium,In Progress,1422.0,7.0,Backend,4.0,0.0,4.0
5375,Business Story,Payment Callback,9,5364.0,REL_X+8,Medium,Closed,,,,,,
5376,User Story,Review transfer,5,5375.0,REL_X+8,Medium,Blocked,,,,,,
5377,Task,Back end development task -2,1,5376.0,REL_X+8,Medium,In Progress,593.0,7.0,Backend,4.0,0.0,4.0
5378,Task,QA iOS,3,5376.0,REL_X+8,Medium,Done,593.0,7.0,QA,16.0,3.0,19.0
5379,Task,QA iOS,1,5376.0,REL_X+8,Medium,In Progress,593.0,7.0,QA,6.0,1.0,7.0
5380,Feature,User Profile,34,5312.0,REL_X+8,Medium,Done,,,,,,
5381,Business Story,View Cards,12,5380.0,REL_X+8,Medium,In Review,,,,,,
5382,User Story,Make a transfer,5,5381.0,REL_X+8,Medium,In Progress,,,,,,
5383,Task,iOS development task 1,1,5382.0,REL_X+8,Medium,Blocked,45.0,2.0,iOS,3.0,0.0,3.0
5384,Task,QA Android,1,5382.0,REL_X+8,Medium,In Review,45.0,2.0,QA,4.0,0.0,4.0
5385,Task,Android development task -1,1,5382.0,REL_X+8,Medium,Closed,45.0,2.0,Android,5.0,1.0,6.0
5386,Task,Environment setup,2,5382.0,REL_X+8,Medium,Done,45.0,2.0,DevOps,10.0,0.0,10.0
5387,Task,Back end development task -1,2,5382.0,REL_X+8,Medium,In Review,45.0,2.0,Backend,9.0,1.0,10.0
5388,User Story,Display Card Menu,7,5381.0,REL_X+8,Medium,In Review,,,,,,
5389,Task,QA iOS,1,5388.0,REL_X+8,Medium,Blocked,1726.0,3.0,QA,6.0,0.0,6.0
5390,Task,QA iOS,1,5388.0,REL_X+8,Medium,Done,1726.0,3.0,QA,3.0,0.0,3.0
5391,Task,Back end development task -1,1,5388.0,REL_X+8,Medium,In Review,1726.0,3.0,Backend,3.0,0.0,3.0
5392,User Story,Error Handling,8,5381.0,REL_X+8,Medium,In Progress,,,,,,
5393,Task,QA iOS,2,5392.0,REL_X+8,Medium,In Progress,1380.0,6.0,QA,9.0,0.0,9.0
5394,Task,QA Testing,1,5392.0,REL_X+8,Medium,In Progress,1380.0,6.0,QA,6.0,0.0,6.0
5395,Business Story,Payment Validation,9,5380.0,REL_X+8,Medium,To Do,,,,,,
5396,User Story,Payment Confirmation,8,5395.0,REL_X+8,Medium,Blocked,,,,,,
5397,Task,Back end development task -1,3,5396.0,REL_X+8,Medium,In Progress,612.0,8.0,Backend,16.0,0.0,16.0
5398,Task,QA Android,1,5396.0,REL_X+8,Medium,In Review,612.0,8.0,QA,6.0,0.0,6.0
5399,Task,QA iOS,1,5396.0,REL_X+8,Medium,Closed,612.0,8.0,QA,5.0,0.0,5.0
5400,Task,Android development task -1,1,5396.0,REL_X+8,Medium,Closed,612.0,8.0,Android,3.0,0.0,3.0
5401,User Story,Display Card Menu,5,5395.0,REL_X+8,Medium,To Do,,,,,,
5402,Task,iOS development task 1,1,5401.0,REL_X+8,Medium,In Review,271.0,3.0,iOS,6.0,1.0,7.0
5403,Task,QA iOS,1,5401.0,REL_X+8,Medium,In Review,271.0,3.0,QA,6.0,0.0,6.0
5404,Task,Back end development task -1,3,5401.0,REL_X+8,Medium,To Do,271.0,3.0,Backend,15.0,1.0,16.0
5405,Task,Back end development task -2,1,5401.0,REL_X+8,Medium,Done,271.0,3.0,Backend,6.0,0.0,6.0
5406,Epic,Security,55,,REL_X+8,High,Blocked,,,,,,
5407,Feature,Account Settings,21,5406.0,REL_X+8,High,In Review,,,,,,
5408,Business Story,Payment Callback,9,5407.0,REL_X+8,High,Done,,,,,,
5409,User Story,Error Handling,5,5408.0,REL_X+8,High,Done,,,,,,
5410,Task,iOS development task 1,3,5409.0,REL_X+8,High,In Review,1392.0,6.0,iOS,18.0,0.0,18.0
5411,Task,iOS UI implementation,1,5409.0,REL_X+8,High,To Do,1392.0,6.0,iOS,5.0,1.0,6.0
5412,Task,Android development task -1,2,5409.0,REL_X+8,High,In Progress,1392.0,6.0,Android,12.0,2.0,14.0
5413,Task,Android development task -1,3,5409.0,REL_X+8,High,In Progress,1392.0,6.0,Android,15.0,2.0,17.0
5414,Business Story,View Cards,12,5407.0,REL_X+8,High,In Progress,,,,,,
5415,User Story,Review transfer,8,5414.0,REL_X+8,High,In Review,,,,,,
5416,Task,iOS development task 1,1,5415.0,REL_X+8,High,Closed,1830.0,7.0,iOS,4.0,0.0,4.0
5417,Task,iOS development task 1,1,5415.0,REL_X+8,High,In Progress,1830.0,7.0,iOS,5.0,1.0,6.0
5418,Task,iOS development task 1,1,5415.0,REL_X+8,High,Closed,1830.0,7.0,iOS,3.0,0.0,3.0
5419,Task,Android UI implementation,1,5415.0,REL_X+8,High,In Progress,1830.0,7.0,Android,4.0,0.0,4.0
5420,Business Story,Remove Card,13,5407.0,REL_X+8,High,Done,,,,,,
5421,User Story,Transaction history,4,5420.0,REL_X+8,High,Closed,,,,,,
5422,Task,Backend API development,2,5421.0,REL_X+8,High,Closed,331.0,5.0,Backend,11.0,2.0,13.0
5423,Task,QA Testing,1,5421.0,REL_X+8,High,In Progress,331.0,5.0,QA,4.0,0.0,4.0
5424,Task,Android UI implementation,2,5421.0,REL_X+8,High,Blocked,331.0,5.0,Android,10.0,2.0,12.0
5425,User Story,Payment Form,3,5420.0,REL_X+8,High,Closed,,,,,,
5426,Task,Environment setup,1,5425.0,REL_X+8,High,Closed,1120.0,4.0,DevOps,3.0,0.0,3.0
5427,Task,Environment setup,3,5425.0,REL_X+8,High,Closed,1120.0,4.0,DevOps,12.0,2.0,14.0
5428,Task,iOS development task 1,2,5425.0,REL_X+8,High,In Review,1120.0,4.0,iOS,8.0,1.0,9.0
5429,User Story,Error Handling,5,5420.0,REL_X+8,High,Done,,,,,,
5430,Task,iOS development task 1,1,5429.0,REL_X+8,High,Closed,1228.0,8.0,iOS,5.0,1.0,6.0
5431,Task,Android UI implementation,2,5429.0,REL_X+8,High,In Progress,1228.0,8.0,Android,10.0,1.0,11.0
5432,Task,Back end development task -1,3,5429.0,REL_X+8,High,In Progress,1228.0,8.0,Backend,18.0,3.0,21.0
5433,Task,QA Android,1,5429.0,REL_X+8,High,Done,1228.0,8.0,QA,3.0,0.0,3.0
5434,Task,Back end development task -2,2,5429.0,REL_X+8,High,To Do,1228.0,8.0,Backend,7.0,1.0,8.0
5435,Feature,Authorization,34,5406.0,REL_X+8,High,Blocked,,,,,,
5436,Business Story,Update Card,13,5435.0,REL_X+8,High,Blocked,,,,,,
5437,User Story,Send email,6,5436.0,REL_X+8,High,Closed,,,,,,
5438,Task,iOS development task 1,1,5437.0,REL_X+8,High,In Review,1038.0,8.0,iOS,6.0,1.0,7.0
5439,Task,QA Android,3,5437.0,REL_X+8,High,In Progress,1038.0,8.0,QA,14.0,0.0,14.0
5440,Task,iOS development task 1,1,5437.0,REL_X+8,High,To Do,1038.0,8.0,iOS,5.0,0.0,5.0
5441,Task,Back end development task -2,1,5437.0,REL_X+8,High,Done,1038.0,8.0,Backend,6.0,1.0,7.0
5442,User Story,Error Handling,6,5436.0,REL_X+8,High,Blocked,,,,,,
5443,Task,Android development task -1,1,5442.0,REL_X+8,High,To Do,1656.0,8.0,Android,3.0,0.0,3.0
5444,Task,iOS UI implementation,1,5442.0,REL_X+8,High,To Do,1656.0,8.0,iOS,5.0,1.0,6.0
5445,Task,Android development task -1,1,5442.0,REL_X+8,High,In Review,1656.0,8.0,Android,5.0,1.0,6.0
5446,Task,Environment setup,2,5442.0,REL_X+8,High,Blocked,1656.0,8.0,DevOps,10.0,2.0,12.0
5447,Task,Android development task -1,1,5442.0,REL_X+8,High,Done,1656.0,8.0,Android,4.0,0.0,4.0
5448,Business Story,Add Card,13,5435.0,REL_X+8,High,Blocked,,,,,,
5449,User Story,Verify Email,7,5448.0,REL_X+8,High,Blocked,,,,,,
5450,Task,Environment setup,1,5449.0,REL_X+8,High,In Progress,1777.0,5.0,DevOps,4.0,0.0,4.0
5451,User Story,Display Card Menu,3,5448.0,REL_X+8,High,Done,,,,,,
5452,Task,Android development task -1,3,5451.0,REL_X+8,High,To Do,611.0,8.0,Android,17.0,3.0,20.0
5453,Task,QA iOS,1,5451.0,REL_X+8,High,Done,611.0,8.0,QA,5.0,0.0,5.0
5454,Task,Back end development task -1,1,5451.0,REL_X+8,High,In Progress,611.0,8.0,Backend,5.0,0.0,5.0
5455,User Story,Review transfer,5,5448.0,REL_X+8,High,Done,,,,,,
5456,Task,iOS UI implementation,2,5455.0,REL_X+8,High,Blocked,25.0,1.0,iOS,12.0,2.0,14.0
5457,Task,QA Testing,3,5455.0,REL_X+8,High,In Progress,25.0,1.0,QA,18.0,3.0,21.0
5458,Task,iOS development task 1,1,5455.0,REL_X+8,High,To Do,25.0,1.0,iOS,4.0,0.0,4.0
5459,Task,QA Android,1,5455.0,REL_X+8,High,In Review,25.0,1.0,QA,5.0,0.0,5.0
5460,Task,QA iOS,3,5455.0,REL_X+8,High,In Review,25.0,1.0,QA,16.0,1.0,17.0
5461,Business Story,Remove Card,13,5435.0,REL_X+8,High,Blocked,,,,,,
5462,User Story,Payment Form,5,5461.0,REL_X+8,High,Blocked,,,,,,
5463,Task,iOS development task 1,2,5462.0,REL_X+8,High,In Progress,1312.0,3.0,iOS,8.0,0.0,8.0
5464,Task,iOS UI implementation,1,5462.0,REL_X+8,High,In Progress,1312.0,3.0,iOS,5.0,1.0,6.0
5465,User Story,Transaction history,5,5461.0,REL_X+8,High,To Do,,,,,,
5466,Task,Environment setup,1,5465.0,REL_X+8,High,Done,1642.0,8.0,DevOps,4.0,0.0,4.0
5467,Task,iOS development task 1,2,5465.0,REL_X+8,High,Blocked,1642.0,8.0,iOS,12.0,0.0,12.0
5468,User Story,Display Card Menu,4,5461.0,REL_X+8,High,In Review,,,,,,
5469,Task,Back end development task -1,1,5468.0,REL_X+8,High,Blocked,315.0,5.0,Backend,6.0,1.0,7.0
5470,Feature,Data Export,21,5406.0,REL_X+8,High,In Review,,,,,,
5471,Business Story,Process Payment,9,5470.0,REL_X+8,High,To Do,,,,,,
5472,User Story,Transaction history,6,5471.0,REL_X+8,High,Closed,,,,,,
5473,Task,QA Android,1,5472.0,REL_X+8,High,Closed,1071.0,2.0,QA,4.0,0.0,4.0
5474,Task,Backend API development,2,5472.0,REL_X+8,High,To Do,1071.0,2.0,Backend,12.0,1.0,13.0
5475,User Story,Display Card Screen,5,5471.0,REL_X+8,High,In Progress,,,,,,
5476,Task,QA iOS,3,5475.0,REL_X+8,High,Closed,502.0,4.0,QA,15.0,0.0,15.0
5477,Task,QA Android,2,5475.0,REL_X+8,High,In Progress,502.0,4.0,QA,9.0,1.0,10.0
5478,User Story,Verify Email,5,5471.0,REL_X+8,High,Blocked,,,,,,
5479,Task,QA Android,1,5478.0,REL_X+8,High,Closed,600.0,8.0,QA,6.0,0.0,6.0
5480,Task,Back end development task -1,1,5478.0,REL_X+8,High,Closed,600.0,8.0,Backend,4.0,0.0,4.0
5481,Task,Environment setup,1,5478.0,REL_X+8,High,Done,600.0,8.0,DevOps,3.0,0.0,3.0
5482,Task,Android development task -1,1,5478.0,REL_X+8,High,In Review,600.0,8.0,Android,4.0,0.0,4.0
5483,Task,QA iOS,2,5478.0,REL_X+8,High,Blocked,600.0,8.0,QA,9.0,0.0,9.0
5484,Business Story,Email Verification,10,5470.0,REL_X+8,High,In Progress,,,,,,
5485,User Story,Make a transfer,5,5484.0,REL_X+8,High,In Progress,,,,,,
5486,Task,iOS development task 1,1,5485.0,REL_X+8,High,In Progress,451.0,2.0,iOS,3.0,0.0,3.0
5487,Task,Back end development task -1,1,5485.0,REL_X+8,High,Closed,451.0,2.0,Backend,3.0,0.0,3.0
5488,Task,iOS UI implementation,1,5485.0,REL_X+8,High,To Do,451.0,2.0,iOS,5.0,1.0,6.0
5489,Task,iOS development task 1,3,5485.0,REL_X+8,High,Closed,451.0,2.0,iOS,16.0,2.0,18.0
5490,Business Story,Payment Validation,9,5470.0,REL_X+8,High,In Review,,,,,,
5491,User Story,Payment Form,5,5490.0,REL_X+8,High,In Review,,,,,,
5492,Task,Environment setup,3,5491.0,REL_X+8,High,Blocked,643.0,1.0,DevOps,17.0,0.0,17.0
5493,Task,QA Android,1,5491.0,REL_X+8,High,Done,643.0,1.0,QA,3.0,0.0,3.0
5494,Feature,Authentication,34,5406.0,REL_X+8,High,To Do,,,,,,
5495,Business Story,Process Payment,9,5494.0,REL_X+8,High,In Review,,,,,,
5496,User Story,Error Handling,5,5495.0,REL_X+8,High,Done,,,,,,
5497,Task,iOS development task 1,2,5496.0,REL_X+8,High,In Progress,431.0,1.0,iOS,9.0,1.0,10.0
5498,Task,Back end development task -1,3,5496.0,REL_X+8,High,Blocked,431.0,1.0,Backend,9.0,1.0,10.0
5499,Task,Environment setup,1,5496.0,REL_X+8,High,In Progress,431.0,1.0,DevOps,6.0,0.0,6.0
5500,Task,iOS development task 1,3,5496.0,REL_X+8,High,Closed,431.0,1.0,iOS,18.0,0.0,18.0
5501,Task,QA iOS,2,5496.0,REL_X+8,High,To Do,431.0,1.0,QA,10.0,2.0,12.0
5502,User Story,Verify Email,4,5495.0,REL_X+8,High,Done,,,,,,
5503,Task,Backend API development,3,5502.0,REL_X+8,High,In Progress,1326.0,3.0,Backend,10.0,2.0,12.0
5504,Task,Back end development task -1,2,5502.0,REL_X+8,High,Blocked,1326.0,3.0,Backend,9.0,0.0,9.0
5505,Task,Backend API development,2,5502.0,REL_X+8,High,To Do,1326.0,3.0,Backend,12.0,2.0,14.0
5506,Task,iOS development task 1,1,5502.0,REL_X+8,High,Blocked,1326.0,3.0,iOS,4.0,0.0,4.0
5507,Task,Android development task -1,2,5502.0,REL_X+8,High,Done,1326.0,3.0,Android,7.0,1.0,8.0
5508,User Story,Make a transfer,5,5495.0,REL_X+8,High,In Progress,,,,,,
5509,Task,iOS UI implementation,2,5508.0,REL_X+8,High,To Do,459.0,2.0,iOS,10.0,1.0,11.0
5510,Task,Back end development task -1,2,5508.0,REL_X+8,High,Blocked,459.0,2.0,Backend,6.0,1.0,7.0
5511,Task,QA iOS,1,5508.0,REL_X+8,High,In Progress,459.0,2.0,QA,6.0,0.0,6.0
5512,Business Story,Add Card,13,5494.0,REL_X+8,High,In Review,,,,,,
5513,User Story,Payment Form,7,5512.0,REL_X+8,High,Blocked,,,,,,
5514,Task,QA iOS,3,5513.0,REL_X+8,High,In Review,484.0,3.0,QA,12.0,0.0,12.0
5515,User Story,Display Card Menu,5,5512.0,REL_X+8,High,Closed,,,,,,
5516,Task,Android UI implementation,2,5515.0,REL_X+8,High,In Progress,88.0,4.0,Android,6.0,1.0,7.0
5517,Task,Environment setup,2,5515.0,REL_X+8,High,Closed,88.0,4.0,DevOps,10.0,2.0,12.0
5518,Task,Back end development task -1,2,5515.0,REL_X+8,High,In Review,88.0,4.0,Backend,11.0,1.0,12.0
5519,Business Story,Sign Up,11,5494.0,REL_X+8,High,To Do,,,,,,
5520,User Story,Send email,5,5519.0,REL_X+8,High,To Do,,,,,,
5521,Task,Environment setup,1,5520.0,REL_X+8,High,Closed,157.0,7.0,DevOps,6.0,0.0,6.0
5522,Task,iOS development task 1,2,5520.0,REL_X+8,High,To Do,157.0,7.0,iOS,7.0,1.0,8.0
5523,Task,QA Android,1,5520.0,REL_X+8,High,In Review,157.0,7.0,QA,6.0,0.0,6.0
5524,User Story,Payment Confirmation,5,5519.0,REL_X+8,High,Blocked,,,,,,
5525,Task,Environment setup,2,5524.0,REL_X+8,High,Blocked,1678.0,1.0,DevOps,10.0,2.0,12.0
5526,Task,Android UI implementation,2,5524.0,REL_X+8,High,In Progress,1678.0,1.0,Android,10.0,0.0,10.0
5527,Task,Back end development task -1,2,5524.0,REL_X+8,High,In Review,1678.0,1.0,Backend,8.0,1.0,9.0
5528,Task,iOS UI implementation,2,5524.0,REL_X+8,High,Blocked,1678.0,1.0,iOS,8.0,1.0,9.0
5529,Task,Android development task -1,1,5524.0,REL_X+8,High,Closed,1678.0,1.0,Android,4.0,0.0,4.0
5530,Epic,Reporting,55,,REL_X+6,Low,To Do,,,,,,
5531,Feature,Refunds,34,5530.0,REL_X+6,Low,Blocked,,,,,,
5532,Business Story,Process Payment,9,5531.0,REL_X+6,Low,Closed,,,,,,
5533,User Story,Display Card Screen,5,5532.0,REL_X+6,Low,Blocked,,,,,,
5534,Task,QA iOS,2,5533.0,REL_X+6,Low,In Progress,750.0,5.0,QA,11.0,2.0,13.0
5535,Task,Android UI implementation,1,5533.0,REL_X+6,Low,Closed,750.0,5.0,Android,6.0,0.0,6.0
5536,Task,Back end development task -2,1,5533.0,REL_X+6,Low,Done,750.0,5.0,Backend,3.0,0.0,3.0
5537,Task,QA Android,3,5533.0,REL_X+6,Low,In Progress,750.0,5.0,QA,13.0,2.0,15.0
5538,Business Story,Payment Validation,9,5531.0,REL_X+6,Low,In Progress,,,,,,
5539,User Story,Make a transfer,5,5538.0,REL_X+6,Low,Blocked,,,,,,
5540,Task,Environment setup,2,5539.0,REL_X+6,Low,In Review,1751.0,4.0,DevOps,11.0,2.0,13.0
5541,Task,Back end development task -1,2,5539.0,REL_X+6,Low,To Do,1751.0,4.0,Backend,12.0,1.0,13.0
5542,Task,Android UI implementation,3,5539.0,REL_X+6,Low,Blocked,1751.0,4.0,Android,13.0,1.0,14.0
5543,Feature,Payment Gateway,34,5530.0,REL_X+6,Low,Blocked,,,,,,
5544,Business Story,Password Reset,10,5543.0,REL_X+6,Low,In Review,,,,,,
5545,User Story,Error Handling,5,5544.0,REL_X+6,Low,Closed,,,,,,
5546,Task,iOS development task 1,1,5545.0,REL_X+6,Low,In Review,998.0,7.0,iOS,6.0,0.0,6.0
5547,Task,Back end development task -1,3,5545.0,REL_X+6,Low,Done,998.0,7.0,Backend,11.0,0.0,11.0
5548,Task,iOS development task 1,1,5545.0,REL_X+6,Low,To Do,998.0,7.0,iOS,3.0,0.0,3.0
5549,User Story,Send email,5,5544.0,REL_X+6,Low,In Review,,,,,,
5550,Task,QA Testing,1,5549.0,REL_X+6,Low,Done,1716.0,2.0,QA,3.0,0.0,3.0
5551,Task,QA Android,2,5549.0,REL_X+6,Low,In Review,1716.0,2.0,QA,12.0,1.0,13.0
5552,Task,Back end development task -1,2,5549.0,REL_X+6,Low,Done,1716.0,2.0,Backend,7.0,0.0,7.0
5553,User Story,Transaction history,5,5544.0,REL_X+6,Low,Closed,,,,,,
5554,Task,QA Android,2,5553.0,REL_X+6,Low,Blocked,1305.0,3.0,QA,6.0,0.0,6.0
5555,Task,QA Android,3,5553.0,REL_X+6,Low,Closed,1305.0,3.0,QA,9.0,1.0,10.0
5556,Business Story,Update Card,13,5543.0,REL_X+6,Low,In Progress,,,,,,
5557,User Story,Payment Confirmation,7,5556.0,REL_X+6,Low,Blocked,,,,,,
5558,Task,Android UI implementation,1,5557.0,REL_X+6,Low,Blocked,773.0,6.0,Android,6.0,1.0,7.0
5559,Task,iOS UI implementation,3,5557.0,REL_X+6,Low,In Review,773.0,6.0,iOS,9.0,0.0,9.0
5560,Task,Backend API development,3,5557.0,REL_X+6,Low,To Do,773.0,6.0,Backend,13.0,0.0,13.0
5561,Task,Android development task -1,2,5557.0,REL_X+6,Low,In Progress,773.0,6.0,Android,12.0,0.0,12.0
5562,Business Story,Remove Card,13,5543.0,REL_X+6,Low,Closed,,,,,,
5563,User Story,Review transfer,3,5562.0,REL_X+6,Low,In Progress,,,,,,
5564,Task,iOS UI implementation,2,5563.0,REL_X+6,Low,In Review,1486.0,2.0,iOS,9.0,1.0,10.0
5565,Task,Back end development task -1,1,5563.0,REL_X+6,Low,In Review,1486.0,2.0,Backend,6.0,0.0,6.0
5566,Task,Android development task -1,2,5563.0,REL_X+6,Low,To Do,1486.0,2.0,Android,8.0,1.0,9.0
5567,Task,iOS development task 1,1,5563.0,REL_X+6,Low,In Progress,1486.0,2.0,iOS,4.0,0.0,4.0
5568,User Story,Transaction history,6,5562.0,REL_X+6,Low,In Review,,,,,,
5569,Task,Android development task -1,3,5568.0,REL_X+6,Low,In Review,129.0,5.0,Android,14.0,1.0,15.0
5570,Task,Android development task -1,3,5568.0,REL_X+6,Low,To Do,129.0,5.0,Android,15.0,0.0,15.0
5571,Task,Backend API development,1,5568.0,REL_X+6,Low,In Progress,129.0,5.0,Backend,4.0,0.0,4.0
5572,Task,Environment setup,2,5568.0,REL_X+6,Low,Closed,129.0,5.0,DevOps,12.0,1.0,13.0
5573,User Story,Display Card Menu,8,5562.0,REL_X+6,Low,Blocked,,,,,,
5574,Task,QA iOS,1,5573.0,REL_X+6,Low,Blocked,1831.0,7.0,QA,4.0,0.0,4.0
5575,Task,Android UI implementation,1,5573.0,REL_X+6,Low,In Review,1831.0,7.0,Android,5.0,0.0,5.0
5576,Task,Back end development task -2,1,5573.0,REL_X+6,Low,In Progress,1831.0,7.0,Backend,5.0,0.0,5.0
5577,Task,QA iOS,1,5573.0,REL_X+6,Low,In Review,1831.0,7.0,QA,4.0,0.0,4.0
5578,Task,iOS development task 1,3,5573.0,REL_X+6,Low,In Progress,1831.0,7.0,iOS,15.0,3.0,18.0
5579,Feature,Audit Logs,21,5530.0,REL_X+6,Low,In Progress,,,,,,
5580,Business Story,Payment Callback,9,5579.0,REL_X+6,Low,In Review,,,,,,
5581,User Story,Review transfer,3,5580.0,REL_X+6,Low,In Review,,,,,,
5582,Task,Environment setup,1,5581.0,REL_X+6,Low,Done,566.0,6.0,DevOps,6.0,1.0,7.0
5583,Task,QA Android,1,5581.0,REL_X+6,Low,In Review,566.0,6.0,QA,3.0,0.0,3.0
5584,Task,Android UI implementation,2,5581.0,REL_X+6,Low,In Progress,566.0,6.0,Android,9.0,1.0,10.0
5585,Task,Environment setup,1,5581.0,REL_X+6,Low,To Do,566.0,6.0,DevOps,3.0,0.0,3.0
5586,User Story,Error Handling,5,5580.0,REL_X+6,Low,In Review,,,,,,
5587,Task,QA Testing,2,5586.0,REL_X+6,Low,Done,500.0,4.0,QA,9.0,0.0,9.0
5588,Task,QA Android,1,5586.0,REL_X+6,Low,To Do,500.0,4.0,QA,5.0,0.0,5.0
5589,Task,iOS development task 1,2,5586.0,REL_X+6,Low,In Progress,500.0,4.0,iOS,10.0,1.0,11.0
5590,Task,Environment setup,1,5586.0,REL_X+6,Low,To Do,500.0,4.0,DevOps,3.0,0.0,3.0
5591,Business Story,Add Card,13,5579.0,REL_X+6,Low,To Do,,,,,,
5592,User Story,Review transfer,5,5591.0,REL_X+6,Low,Blocked,,,,,,
5593,Task,Back end development task -1,1,5592.0,REL_X+6,Low,To Do,350.0,6.0,Backend,3.0,0.0,3.0
5594,User Story,Verify Email,3,5591.0,REL_X+6,Low,Closed,,,,,,
5595,Task,QA iOS,1,5594.0,REL_X+6,Low,Blocked,831.0,8.0,QA,4.0,0.0,4.0
5596,Task,Back end development task -2,1,5594.0,REL_X+6,Low,Blocked,831.0,8.0,Backend,3.0,0.0,3.0
5597,Task,QA Android,1,5594.0,REL_X+6,Low,In Review,831.0,8.0,QA,3.0,0.0,3.0
5598,Task,QA iOS,2,5594.0,REL_X+6,Low,Blocked,831.0,8.0,QA,7.0,0.0,7.0
5599,Task,Back end development task -2,1,5594.0,REL_X+6,Low,In Progress,831.0,8.0,Backend,4.0,0.0,4.0
5600,Epic,Notifications,55,,REL_X+8,High,Closed,,,,,,
5601,Feature,Audit Logs,21,5600.0,REL_X+8,High,In Progress,,,,,,
5602,Business Story,Remove Card,13,5601.0,REL_X+8,High,In Progress,,,,,,
5603,User Story,Verify Email,5,5602.0,REL_X+8,High,To Do,,,,,,
5604,Task,Environment setup,1,5603.0,REL_X+8,High,To Do,212.0,1.0,DevOps,4.0,0.0,4.0
5605,Task,Backend API development,1,5603.0,REL_X+8,High,Closed,212.0,1.0,Backend,4.0,0.0,4.0
5606,Task,Android development task -1,1,5603.0,REL_X+8,High,To Do,212.0,1.0,Android,4.0,0.0,4.0
5607,Business Story,Payment Callback,9,5601.0,REL_X+8,High,To Do,,,,,,
5608,User Story,Review transfer,4,5607.0,REL_X+8,High,In Progress,,,,,,
5609,Task,Backend API development,1,5608.0,REL_X+8,High,Closed,97.0,4.0,Backend,3.0,0.0,3.0
5610,Task,Back end development task -2,3,5608.0,REL_X+8,High,In Review,97.0,4.0,Backend,10.0,0.0,10.0
5611,Task,Android development task -1,1,5608.0,REL_X+8,High,In Progress,97.0,4.0,Android,3.0,0.0,3.0
5612,User Story,Make a transfer,5,5607.0,REL_X+8,High,In Review,,,,,,
5613,Task,Backend API development,3,5612.0,REL_X+8,High,In Progress,372.0,7.0,Backend,10.0,0.0,10.0
5614,Task,Back end development task -1,2,5612.0,REL_X+8,High,Blocked,372.0,7.0,Backend,8.0,1.0,9.0
5615,Task,Android development task -1,1,5612.0,REL_X+8,High,In Progress,372.0,7.0,Android,4.0,0.0,4.0
5616,Task,Backend API development,1,5612.0,REL_X+8,High,Blocked,372.0,7.0,Backend,5.0,1.0,6.0
5617,Task,Back end development task -1,1,5612.0,REL_X+8,High,In Progress,372.0,7.0,Backend,6.0,1.0,7.0
5618,Business Story,Sign Up,11,5601.0,REL_X+8,High,In Review,,,,,,
5619,User Story,Display Card Menu,6,5618.0,REL_X+8,High,Done,,,,,,
5620,Task,iOS UI implementation,2,5619.0,REL_X+8,High,Blocked,731.0,5.0,iOS,11.0,2.0,13.0
5621,Task,Back end development task -1,1,5619.0,REL_X+8,High,Done,731.0,5.0,Backend,5.0,0.0,5.0
5622,Feature,User Registration,34,5600.0,REL_X+8,High,Blocked,,,,,,
5623,Business Story,Email Verification,10,5622.0,REL_X+8,High,To Do,,,,,,
5624,User Story,Make a transfer,8,5623.0,REL_X+8,High,Blocked,,,,,,
5625,Task,Environment setup,1,5624.0,REL_X+8,High,In Review,760.0,6.0,DevOps,6.0,0.0,6.0
5626,Task,Back end development task -1,3,5624.0,REL_X+8,High,Done,760.0,6.0,Backend,17.0,0.0,17.0
5627,Task,iOS UI implementation,1,5624.0,REL_X+8,High,Blocked,760.0,6.0,iOS,3.0,0.0,3.0
5628,User Story,Verify Email,6,5623.0,REL_X+8,High,In Review,,,,,,
5629,Task,Backend API development,3,5628.0,REL_X+8,High,In Review,449.0,2.0,Backend,14.0,0.0,14.0
5630,Task,Android UI implementation,2,5628.0,REL_X+8,High,Blocked,449.0,2.0,Android,8.0,1.0,9.0
5631,Business Story,Password Reset,10,5622.0,REL_X+8,High,Closed,,,,,,
5632,User Story,Review transfer,5,5631.0,REL_X+8,High,Done,,,,,,
5633,Task,Android development task -1,2,5632.0,REL_X+8,High,Done,1432.0,8.0,Android,12.0,2.0,14.0
5634,Task,QA iOS,2,5632.0,REL_X+8,High,In Progress,1432.0,8.0,QA,7.0,1.0,8.0
5635,Task,Backend API development,1,5632.0,REL_X+8,High,To Do,1432.0,8.0,Backend,4.0,0.0,4.0
5636,Task,QA iOS,1,5632.0,REL_X+8,High,Closed,1432.0,8.0,QA,4.0,0.0,4.0
5637,User Story,Send email,5,5631.0,REL_X+8,High,Blocked,,,,,,
5638,Task,Back end development task -1,1,5637.0,REL_X+8,High,Blocked,403.0,8.0,Backend,4.0,0.0,4.0
5639,Task,QA iOS,2,5637.0,REL_X+8,High,Closed,403.0,8.0,QA,9.0,0.0,9.0
5640,Task,Back end development task -1,1,5637.0,REL_X+8,High,Closed,403.0,8.0,Backend,3.0,0.0,3.0
5641,Task,Android development task -1,1,5637.0,REL_X+8,High,Done,403.0,8.0,Android,6.0,0.0,6.0
5642,Task,Environment setup,1,5637.0,REL_X+8,High,Closed,403.0,8.0,DevOps,5.0,0.0,5.0
5643,Feature,SMS Alerts,21,5600.0,REL_X+8,High,Done,,,,,,
5644,Business Story,Remove Card,13,5643.0,REL_X+8,High,Done,,,,,,
5645,User Story,Review transfer,3,5644.0,REL_X+8,High,To Do,,,,,,
5646,Task,QA Testing,1,5645.0,REL_X+8,High,Closed,1019.0,8.0,QA,3.0,0.0,3.0
5647,Task,QA iOS,2,5645.0,REL_X+8,High,To Do,1019.0,8.0,QA,12.0,0.0,12.0
5648,User Story,Payment Form,5,5644.0,REL_X+8,High,Done,,,,,,
5649,Task,Back end development task -1,2,5648.0,REL_X+8,High,Closed,868.0,2.0,Backend,7.0,1.0,8.0
5650,Task,iOS development task 1,2,5648.0,REL_X+8,High,To Do,868.0,2.0,iOS,6.0,0.0,6.0
5651,Task,Android development task -1,1,5648.0,REL_X+8,High,Blocked,868.0,2.0,Android,4.0,0.0,4.0
5652,Task,Backend API development,1,5648.0,REL_X+8,High,Closed,868.0,2.0,Backend,5.0,0.0,5.0
5653,User Story,Display Card Screen,5,5644.0,REL_X+8,High,Closed,,,,,,
5654,Task,Android development task -1,1,5653.0,REL_X+8,High,In Progress,337.0,5.0,Android,6.0,0.0,6.0
5655,Task,iOS development task 1,1,5653.0,REL_X+8,High,In Progress,337.0,5.0,iOS,5.0,0.0,5.0
5656,Task,Backend API development,3,5653.0,REL_X+8,High,Closed,337.0,5.0,Backend,13.0,2.0,15.0
5657,Task,Environment setup,3,5653.0,REL_X+8,High,Closed,337.0,5.0,DevOps,10.0,0.0,10.0
5658,Business Story,Password Reset,10,5643.0,REL_X+8,High,Blocked,,,,,,
5659,User Story,Verify Email,3,5658.0,REL_X+8,High,Blocked,,,,,,
5660,Task,iOS UI implementation,2,5659.0,REL_X+8,High,In Progress,925.0,4.0,iOS,10.0,0.0,10.0
5661,User Story,Transaction history,5,5658.0,REL_X+8,High,Done,,,,,,
5662,Task,iOS development task 1,3,5661.0,REL_X+8,High,In Review,228.0,1.0,iOS,10.0,0.0,10.0
5663,User Story,Payment Form,6,5658.0,REL_X+8,High,Done,,,,,,
5664,Task,Backend API development,2,5663.0,REL_X+8,High,Closed,57.0,3.0,Backend,7.0,1.0,8.0
5665,Feature,Payment Gateway,34,5600.0,REL_X+8,High,Done,,,,,,
5666,Business Story,Remove Card,13,5665.0,REL_X+8,High,In Progress,,,,,,
5667,User Story,Transaction history,8,5666.0,REL_X+8,High,In Progress,,,,,,
5668,Task,QA Testing,2,5667.0,REL_X+8,High,Done,976.0,6.0,QA,7.0,1.0,8.0
5669,Task,iOS development task 1,1,5667.0,REL_X+8,High,Closed,976.0,6.0,iOS,5.0,0.0,5.0
5670,Task,Back end development task -2,3,5667.0,REL_X+8,High,Done,976.0,6.0,Backend,15.0,3.0,18.0
5671,Task,QA Android,1,5667.0,REL_X+8,High,To Do,976.0,6.0,QA,5.0,0.0,5.0
5672,Business Story,View Cards,12,5665.0,REL_X+8,High,Blocked,,,,,,
5673,User Story,Transaction history,5,5672.0,REL_X+8,High,Closed,,,,,,
5674,Task,Back end development task -1,1,5673.0,REL_X+8,High,To Do,1209.0,7.0,Backend,5.0,0.0,5.0
5675,Epic,Payments,55,,REL_X+10,Critical,Blocked,,,,,,
5676,Feature,Dashboard,34,5675.0,REL_X+10,Critical,To Do,,,,,,
5677,Business Story,Payment Callback,9,5676.0,REL_X+10,Critical,In Progress,,,,,,
5678,User Story,Make a transfer,8,5677.0,REL_X+10,Critical,In Progress,,,,,,
5679,Task,QA iOS,1,5678.0,REL_X+10,Critical,To Do,529.0,5.0,QA,5.0,0.0,5.0
5680,Task,QA Android,1,5678.0,REL_X+10,Critical,To Do,529.0,5.0,QA,3.0,0.0,3.0
5681,Task,QA Testing,2,5678.0,REL_X+10,Critical,Blocked,529.0,5.0,QA,11.0,0.0,11.0
5682,Task,iOS development task 1,1,5678.0,REL_X+10,Critical,To Do,529.0,5.0,iOS,6.0,0.0,6.0
5683,Task,QA iOS,2,5678.0,REL_X+10,Critical,Blocked,529.0,5.0,QA,6.0,0.0,6.0
5684,User Story,Display Card Screen,4,5677.0,REL_X+10,Critical,In Progress,,,,,,
5685,Task,Android development task -1,3,5684.0,REL_X+10,Critical,In Review,1603.0,6.0,Android,9.0,0.0,9.0
5686,Business Story,Add Card,13,5676.0,REL_X+10,Critical,Blocked,,,,,,
5687,User Story,Display Card Menu,5,5686.0,REL_X+10,Critical,To Do,,,,,,
5688,Task,Android UI implementation,3,5687.0,REL_X+10,Critical,In Progress,272.0,3.0,Android,13.0,1.0,14.0
5689,Task,QA Testing,3,5687.0,REL_X+10,Critical,In Progress,272.0,3.0,QA,10.0,2.0,12.0
5690,Task,iOS UI implementation,1,5687.0,REL_X+10,Critical,Blocked,272.0,3.0,iOS,5.0,1.0,6.0
5691,Task,Android development task -1,3,5687.0,REL_X+10,Critical,To Do,272.0,3.0,Android,12.0,2.0,14.0
5692,Task,Back end development task -1,2,5687.0,REL_X+10,Critical,Closed,272.0,3.0,Backend,6.0,0.0,6.0
5693,User Story,Make a transfer,5,5686.0,REL_X+10,Critical,Done,,,,,,
5694,Task,iOS development task 1,2,5693.0,REL_X+10,Critical,In Progress,228.0,1.0,iOS,8.0,0.0,8.0
5695,Task,Android development task -1,1,5693.0,REL_X+10,Critical,To Do,228.0,1.0,Android,5.0,0.0,5.0
5696,Task,Back end development task -1,1,5693.0,REL_X+10,Critical,In Review,228.0,1.0,Backend,5.0,0.0,5.0
5697,Task,Back end development task -2,1,5693.0,REL_X+10,Critical,Blocked,228.0,1.0,Backend,6.0,0.0,6.0
5698,User Story,Display Card Screen,3,5686.0,REL_X+10,Critical,Done,,,,,,
5699,Task,QA iOS,1,5698.0,REL_X+10,Critical,Closed,519.0,4.0,QA,5.0,0.0,5.0
5700,Task,QA Testing,2,5698.0,REL_X+10,Critical,In Progress,519.0,4.0,QA,6.0,0.0,6.0
5701,Task,QA Android,1,5698.0,REL_X+10,Critical,Done,519.0,4.0,QA,3.0,0.0,3.0
5702,Feature,Push Notifications,21,5675.0,REL_X+10,Critical,Done,,,,,,
5703,Business Story,Payment Validation,9,5702.0,REL_X+10,Critical,Blocked,,,,,,
5704,User Story,Error Handling,5,5703.0,REL_X+10,Critical,Done,,,,,,
5705,Task,Back end development task -1,1,5704.0,REL_X+10,Critical,Blocked,453.0,2.0,Backend,5.0,1.0,6.0
5706,User Story,Transaction history,5,5703.0,REL_X+10,Critical,Closed,,,,,,
5707,Task,QA Android,1,5706.0,REL_X+10,Critical,In Progress,824.0,8.0,QA,5.0,0.0,5.0
5708,Task,Android UI implementation,2,5706.0,REL_X+10,Critical,In Progress,824.0,8.0,Android,6.0,1.0,7.0
5709,Business Story,Payment Callback,9,5702.0,REL_X+10,Critical,Blocked,,,,,,
5710,User Story,Make a transfer,5,5709.0,REL_X+10,Critical,To Do,,,,,,
5711,Task,Back end development task -1,1,5710.0,REL_X+10,Critical,In Review,531.0,5.0,Backend,3.0,0.0,3.0
5712,Task,iOS development task 1,1,5710.0,REL_X+10,Critical,Blocked,531.0,5.0,iOS,4.0,0.0,4.0
5713,Task,iOS UI implementation,3,5710.0,REL_X+10,Critical,Closed,531.0,5.0,iOS,13.0,0.0,13.0
5714,Task,Android UI implementation,2,5710.0,REL_X+10,Critical,To Do,531.0,5.0,Android,6.0,0.0,6.0
5715,User Story,Send email,8,5709.0,REL_X+10,Critical,Blocked,,,,,,
5716,Task,Back end development task -2,2,5715.0,REL_X+10,Critical,Blocked,838.0,1.0,Backend,12.0,0.0,12.0
5717,Task,Android development task -1,2,5715.0,REL_X+10,Critical,Blocked,838.0,1.0,Android,6.0,1.0,7.0
5718,Task,QA iOS,1,5715.0,REL_X+10,Critical,In Review,838.0,1.0,QA,3.0,0.0,3.0
5719,Task,QA iOS,1,5715.0,REL_X+10,Critical,In Progress,838.0,1.0,QA,4.0,0.0,4.0
5720,Task,QA iOS,2,5715.0,REL_X+10,Critical,Done,838.0,1.0,QA,8.0,0.0,8.0
5721,Business Story,Email Verification,10,5702.0,REL_X+10,Critical,In Review,,,,,,
5722,User Story,Send email,5,5721.0,REL_X+10,Critical,In Review,,,,,,
5723,Task,Android development task -1,1,5722.0,REL_X+10,Critical,To Do,1242.0,8.0,Android,5.0,0.0,5.0
5724,Task,iOS development task 1,1,5722.0,REL_X+10,Critical,In Review,1242.0,8.0,iOS,3.0,0.0,3.0
5725,Task,iOS development task 1,2,5722.0,REL_X+10,Critical,Closed,1242.0,8.0,iOS,7.0,1.0,8.0
5726,Task,Back end development task -1,3,5722.0,REL_X+10,Critical,In Review,1242.0,8.0,Backend,14.0,0.0,14.0
5727,Task,Android UI implementation,3,5722.0,REL_X+10,Critical,Done,1242.0,8.0,Android,11.0,2.0,13.0
5728,User Story,Make a transfer,5,5721.0,REL_X+10,Critical,To Do,,,,,,
5729,Task,Android development task -1,1,5728.0,REL_X+10,Critical,Done,1622.0,7.0,Android,5.0,1.0,6.0
5730,Task,Back end development task -2,2,5728.0,REL_X+10,Critical,To Do,1622.0,7.0,Backend,9.0,0.0,9.0
5731,Task,Android development task -1,3,5728.0,REL_X+10,Critical,To Do,1622.0,7.0,Android,9.0,0.0,9.0
5732,Task,Android development task -1,1,5728.0,REL_X+10,Critical,In Progress,1622.0,7.0,Android,5.0,1.0,6.0
5733,Epic,Security,55,,REL_X+3,High,In Progress,,,,,,
5734,Feature,Cards,34,5733.0,REL_X+3,High,Done,,,,,,
5735,Business Story,Process Payment,9,5734.0,REL_X+3,High,Done,,,,,,
5736,User Story,Make a transfer,3,5735.0,REL_X+3,High,Done,,,,,,
5737,Task,Back end development task -1,1,5736.0,REL_X+3,High,Blocked,1381.0,6.0,Backend,4.0,0.0,4.0
5738,Task,Back end development task -1,2,5736.0,REL_X+3,High,Done,1381.0,6.0,Backend,7.0,1.0,8.0
5739,Task,iOS development task 1,2,5736.0,REL_X+3,High,Closed,1381.0,6.0,iOS,6.0,0.0,6.0
5740,Task,Android UI implementation,1,5736.0,REL_X+3,High,Done,1381.0,6.0,Android,4.0,0.0,4.0
5741,Task,Back end development task -1,1,5736.0,REL_X+3,High,In Review,1381.0,6.0,Backend,5.0,1.0,6.0
5742,Business Story,Sign Up,11,5734.0,REL_X+3,High,Blocked,,,,,,
5743,User Story,Error Handling,5,5742.0,REL_X+3,High,To Do,,,,,,
5744,Task,QA iOS,2,5743.0,REL_X+3,High,Blocked,1116.0,3.0,QA,11.0,0.0,11.0
5745,Task,iOS UI implementation,2,5743.0,REL_X+3,High,In Review,1116.0,3.0,iOS,6.0,1.0,7.0
5746,Task,Android development task -1,2,5743.0,REL_X+3,High,Blocked,1116.0,3.0,Android,12.0,2.0,14.0
5747,User Story,Transaction history,3,5742.0,REL_X+3,High,To Do,,,,,,
5748,Task,Backend API development,1,5747.0,REL_X+3,High,In Progress,1491.0,2.0,Backend,6.0,0.0,6.0
5749,Business Story,Update Card,13,5734.0,REL_X+3,High,Blocked,,,,,,
5750,User Story,Send email,7,5749.0,REL_X+3,High,To Do,,,,,,
5751,Task,Android development task -1,1,5750.0,REL_X+3,High,Blocked,818.0,8.0,Android,3.0,0.0,3.0
5752,Task,Environment setup,1,5750.0,REL_X+3,High,In Review,818.0,8.0,DevOps,3.0,0.0,3.0
5753,Task,Back end development task -1,2,5750.0,REL_X+3,High,In Progress,818.0,8.0,Backend,10.0,1.0,11.0
5754,User Story,Payment Form,5,5749.0,REL_X+3,High,Blocked,,,,,,
5755,Task,QA iOS,2,5754.0,REL_X+3,High,In Review,1262.0,1.0,QA,12.0,1.0,13.0
5756,Task,iOS development task 1,1,5754.0,REL_X+3,High,In Review,1262.0,1.0,iOS,6.0,0.0,6.0
5757,Task,Back end development task -1,2,5754.0,REL_X+3,High,In Progress,1262.0,1.0,Backend,11.0,0.0,11.0
5758,Task,Android development task -1,3,5754.0,REL_X+3,High,In Review,1262.0,1.0,Android,11.0,0.0,11.0
5759,Task,Back end development task -1,2,5754.0,REL_X+3,High,Blocked,1262.0,1.0,Backend,8.0,0.0,8.0
5760,Feature,Authentication,34,5733.0,REL_X+3,High,Closed,,,,,,
5761,Business Story,Sign Up,11,5760.0,REL_X+3,High,Closed,,,,,,
5762,User Story,Send email,8,5761.0,REL_X+3,High,Blocked,,,,,,
5763,Task,QA iOS,2,5762.0,REL_X+3,High,In Review,1230.0,8.0,QA,8.0,1.0,9.0
5764,User Story,Review transfer,7,5761.0,REL_X+3,High,Done,,,,,,
5765,Task,QA iOS,3,5764.0,REL_X+3,High,To Do,59.0,3.0,QA,18.0,3.0,21.0
5766,Task,QA iOS,1,5764.0,REL_X+3,High,To Do,59.0,3.0,QA,5.0,1.0,6.0
5767,Task,Back end development task -1,3,5764.0,REL_X+3,High,Closed,59.0,3.0,Backend,12.0,0.0,12.0
5768,Task,Android development task -1,2,5764.0,REL_X+3,High,In Review,59.0,3.0,Android,8.0,1.0,9.0
5769,Business Story,Remove Card,13,5760.0,REL_X+3,High,In Progress,,,,,,
5770,User Story,Display Card Screen,5,5769.0,REL_X+3,High,Done,,,,,,
5771,Task,Backend API development,1,5770.0,REL_X+3,High,In Progress,1660.0,8.0,Backend,5.0,0.0,5.0
5772,Task,iOS UI implementation,1,5770.0,REL_X+3,High,In Progress,1660.0,8.0,iOS,3.0,0.0,3.0
5773,Feature,Authorization,34,5733.0,REL_X+3,High,To Do,,,,,,
5774,Business Story,Sign Up,11,5773.0,REL_X+3,High,In Progress,,,,,,
5775,User Story,Transaction history,3,5774.0,REL_X+3,High,Blocked,,,,,,
5776,Task,iOS development task 1,1,5775.0,REL_X+3,High,Blocked,1110.0,3.0,iOS,4.0,0.0,4.0
5777,Task,Backend API development,2,5775.0,REL_X+3,High,Blocked,1110.0,3.0,Backend,9.0,0.0,9.0
5778,Business Story,Update Card,13,5773.0,REL_X+3,High,In Progress,,,,,,
5779,User Story,Send email,6,5778.0,REL_X+3,High,In Progress,,,,,,
5780,Task,QA iOS,2,5779.0,REL_X+3,High,To Do,249.0,2.0,QA,8.0,1.0,9.0
5781,Task,QA iOS,1,5779.0,REL_X+3,High,Closed,249.0,2.0,QA,6.0,0.0,6.0
5782,Business Story,Payment Validation,9,5773.0,REL_X+3,High,Done,,,,,,
5783,User Story,Display Card Screen,5,5782.0,REL_X+3,High,Closed,,,,,,
5784,Task,QA Android,2,5783.0,REL_X+3,High,To Do,499.0,4.0,QA,9.0,1.0,10.0
5785,Task,Back end development task -2,1,5783.0,REL_X+3,High,Closed,499.0,4.0,Backend,3.0,0.0,3.0
5786,Feature,Scheduled Reports,21,5733.0,REL_X+3,High,Done,,,,,,
5787,Business Story,Password Reset,10,5786.0,REL_X+3,High,In Progress,,,,,,
5788,User Story,Send email,5,5787.0,REL_X+3,High,Closed,,,,,,
5789,Task,QA Testing,1,5788.0,REL_X+3,High,Done,1387.0,6.0,QA,5.0,1.0,6.0
5790,Task,Android development task -1,1,5788.0,REL_X+3,High,In Progress,1387.0,6.0,Android,6.0,0.0,6.0
5791,Task,Back end development task -1,1,5788.0,REL_X+3,High,In Progress,1387.0,6.0,Backend,5.0,0.0,5.0
5792,Business Story,Remove Card,13,5786.0,REL_X+3,High,Closed,,,,,,
5793,User Story,Display Card Screen,8,5792.0,REL_X+3,High,Closed,,,,,,
5794,Task,Android UI implementation,3,5793.0,REL_X+3,High,In Review,1286.0,2.0,Android,17.0,0.0,17.0
5795,Task,QA iOS,1,5793.0,REL_X+3,High,In Progress,1286.0,2.0,QA,6.0,1.0,7.0
5796,Task,Android UI implementation,1,5793.0,REL_X+3,High,In Review,1286.0,2.0,Android,3.0,0.0,3.0
5797,Task,QA Android,2,5793.0,REL_X+3,High,To Do,1286.0,2.0,QA,11.0,0.0,11.0
5798,Business Story,Payment Callback,9,5786.0,REL_X+3,High,Closed,,,,,,
5799,User Story,Payment Form,8,5798.0,REL_X+3,High,Closed,,,,,,
5800,Task,Back end development task -2,1,5799.0,REL_X+3,High,To Do,877.0,2.0,Backend,6.0,1.0,7.0
5801,Task,Android development task -1,1,5799.0,REL_X+3,High,Closed,877.0,2.0,Android,4.0,0.0,4.0
5802,Task,QA iOS,1,5799.0,REL_X+3,High,Closed,877.0,2.0,QA,3.0,0.0,3.0
5803,User Story,Verify Email,3,5798.0,REL_X+3,High,Closed,,,,,,
5804,Task,Android development task -1,1,5803.0,REL_X+3,High,Blocked,1280.0,2.0,Android,3.0,0.0,3.0
5805,Epic,Reporting,55,,REL_X+10,Critical,To Do,,,,,,
5806,Feature,Scheduled Reports,21,5805.0,REL_X+10,Critical,In Review,,,,,,
5807,Business Story,Update Card,13,5806.0,REL_X+10,Critical,In Progress,,,,,,
5808,User Story,Payment Form,5,5807.0,REL_X+10,Critical,To Do,,,,,,
5809,Task,Backend API development,3,5808.0,REL_X+10,Critical,Closed,1780.0,5.0,Backend,17.0,2.0,19.0
5810,Task,QA Android,1,5808.0,REL_X+10,Critical,To Do,1780.0,5.0,QA,6.0,0.0,6.0
5811,User Story,Display Card Screen,5,5807.0,REL_X+10,Critical,In Progress,,,,,,
5812,Task,QA Android,1,5811.0,REL_X+10,Critical,Blocked,1242.0,8.0,QA,3.0,0.0,3.0
5813,Task,QA iOS,2,5811.0,REL_X+10,Critical,In Progress,1242.0,8.0,QA,7.0,0.0,7.0
5814,Task,Environment setup,1,5811.0,REL_X+10,Critical,In Review,1242.0,8.0,DevOps,5.0,1.0,6.0
5815,User Story,Send email,5,5807.0,REL_X+10,Critical,Closed,,,,,,
5816,Task,Backend API development,2,5815.0,REL_X+10,Critical,Done,1029.0,8.0,Backend,7.0,1.0,8.0
5817,Task,iOS development task 1,1,5815.0,REL_X+10,Critical,Blocked,1029.0,8.0,iOS,4.0,0.0,4.0
5818,Task,QA iOS,2,5815.0,REL_X+10,Critical,Done,1029.0,8.0,QA,8.0,0.0,8.0
5819,Task,Android development task -1,1,5815.0,REL_X+10,Critical,Closed,1029.0,8.0,Android,3.0,0.0,3.0
5820,Business Story,Payment Callback,9,5806.0,REL_X+10,Critical,To Do,,,,,,
5821,User Story,Send email,6,5820.0,REL_X+10,Critical,Blocked,,,,,,
5822,Task,iOS UI implementation,1,5821.0,REL_X+10,Critical,To Do,600.0,8.0,iOS,4.0,0.0,4.0
5823,Task,Android development task -1,1,5821.0,REL_X+10,Critical,In Review,600.0,8.0,Android,5.0,1.0,6.0
5824,User Story,Make a transfer,5,5820.0,REL_X+10,Critical,In Progress,,,,,,
5825,Task,Backend API development,1,5824.0,REL_X+10,Critical,Blocked,1002.0,7.0,Backend,6.0,1.0,7.0
5826,Task,iOS development task 1,2,5824.0,REL_X+10,Critical,Done,1002.0,7.0,iOS,10.0,1.0,11.0
5827,Task,iOS UI implementation,1,5824.0,REL_X+10,Critical,Closed,1002.0,7.0,iOS,5.0,1.0,6.0
5828,Feature,Custom Reports,34,5805.0,REL_X+10,Critical,In Review,,,,,,
5829,Business Story,Add Card,13,5828.0,REL_X+10,Critical,Blocked,,,,,,
5830,User Story,Make a transfer,8,5829.0,REL_X+10,Critical,Done,,,,,,
5831,Task,iOS UI implementation,1,5830.0,REL_X+10,Critical,In Progress,266.0,3.0,iOS,5.0,0.0,5.0
5832,Task,Back end development task -2,3,5830.0,REL_X+10,Critical,Blocked,266.0,3.0,Backend,11.0,1.0,12.0
5833,Task,QA Testing,1,5830.0,REL_X+10,Critical,Closed,266.0,3.0,QA,4.0,0.0,4.0
5834,Task,Back end development task -1,2,5830.0,REL_X+10,Critical,In Review,266.0,3.0,Backend,10.0,0.0,10.0
5835,Task,iOS development task 1,3,5830.0,REL_X+10,Critical,Done,266.0,3.0,iOS,10.0,0.0,10.0
5836,User Story,Send email,4,5829.0,REL_X+10,Critical,Blocked,,,,,,
5837,Task,Back end development task -1,1,5836.0,REL_X+10,Critical,Blocked,1780.0,5.0,Backend,4.0,0.0,4.0
5838,Task,Android UI implementation,2,5836.0,REL_X+10,Critical,Closed,1780.0,5.0,Android,12.0,2.0,14.0
5839,Task,Back end development task -1,1,5836.0,REL_X+10,Critical,Closed,1780.0,5.0,Backend,5.0,1.0,6.0
5840,User Story,Display Card Menu,5,5829.0,REL_X+10,Critical,In Progress,,,,,,
5841,Task,Android development task -1,2,5840.0,REL_X+10,Critical,To Do,766.0,6.0,Android,6.0,1.0,7.0
5842,Business Story,Sign Up,11,5828.0,REL_X+10,Critical,In Progress,,,,,,
5843,User Story,Error Handling,5,5842.0,REL_X+10,Critical,To Do,,,,,,
5844,Task,Android development task -1,2,5843.0,REL_X+10,Critical,Closed,600.0,8.0,Android,7.0,1.0,8.0
5845,Task,Android development task -1,2,5843.0,REL_X+10,Critical,Closed,600.0,8.0,Android,10.0,2.0,12.0
5846,Task,iOS development task 1,1,5843.0,REL_X+10,Critical,Blocked,600.0,8.0,iOS,6.0,1.0,7.0
5847,Task,Android UI implementation,1,5843.0,REL_X+10,Critical,Closed,600.0,8.0,Android,4.0,0.0,4.0
5848,Feature,Refunds,34,5805.0,REL_X+10,Critical,In Progress,,,,,,
5849,Business Story,Payment Validation,9,5848.0,REL_X+10,Critical,In Progress,,,,,,
5850,User Story,Display Card Screen,3,5849.0,REL_X+10,Critical,In Progress,,,,,,
5851,Task,Back end development task -1,3,5850.0,REL_X+10,Critical,Done,1809.0,6.0,Backend,9.0,1.0,10.0
5852,Task,iOS development task 1,1,5850.0,REL_X+10,Critical,In Progress,1809.0,6.0,iOS,5.0,0.0,5.0
5853,Business Story,Password Reset,10,5848.0,REL_X+10,Critical,In Progress,,,,,,
5854,User Story,Payment Form,3,5853.0,REL_X+10,Critical,Done,,,,,,
5855,Task,Backend API development,1,5854.0,REL_X+10,Critical,Blocked,341.0,6.0,Backend,3.0,0.0,3.0
5856,Task,Back end development task -1,3,5854.0,REL_X+10,Critical,In Review,341.0,6.0,Backend,13.0,2.0,15.0
5857,Task,iOS UI implementation,3,5854.0,REL_X+10,Critical,To Do,341.0,6.0,iOS,18.0,1.0,19.0
5858,Task,QA Android,3,5854.0,REL_X+10,Critical,Closed,341.0,6.0,QA,13.0,2.0,15.0
5859,Task,Back end development task -2,1,5854.0,REL_X+10,Critical,In Review,341.0,6.0,Backend,4.0,0.0,4.0
5860,User Story,Verify Email,5,5853.0,REL_X+10,Critical,To Do,,,,,,
5861,Task,QA Android,1,5860.0,REL_X+10,Critical,To Do,1860.0,8.0,QA,3.0,0.0,3.0
5862,Task,QA iOS,1,5860.0,REL_X+10,Critical,In Review,1860.0,8.0,QA,3.0,0.0,3.0
5863,Task,Back end development task -2,2,5860.0,REL_X+10,Critical,Done,1860.0,8.0,Backend,6.0,0.0,6.0
5864,Task,Back end development task -2,1,5860.0,REL_X+10,Critical,In Review,1860.0,8.0,Backend,3.0,0.0,3.0
5865,Task,Back end development task -2,1,5860.0,REL_X+10,Critical,Blocked,1860.0,8.0,Backend,3.0,0.0,3.0
5866,Epic,Reporting,55,,REL_X+10,High,To Do,,,,,,
5867,Feature,Refunds,34,5866.0,REL_X+10,High,Closed,,,,,,
5868,Business Story,Sign Up,11,5867.0,REL_X+10,High,Closed,,,,,,
5869,User Story,Payment Form,5,5868.0,REL_X+10,High,In Review,,,,,,
5870,Task,Back end development task -2,1,5869.0,REL_X+10,High,Blocked,722.0,4.0,Backend,3.0,0.0,3.0
5871,Task,QA iOS,1,5869.0,REL_X+10,High,Blocked,722.0,4.0,QA,6.0,0.0,6.0
5872,Task,Android UI implementation,2,5869.0,REL_X+10,High,Done,722.0,4.0,Android,6.0,0.0,6.0
5873,Task,Back end development task -2,1,5869.0,REL_X+10,High,Blocked,722.0,4.0,Backend,6.0,0.0,6.0
5874,Task,QA Android,1,5869.0,REL_X+10,High,To Do,722.0,4.0,QA,3.0,0.0,3.0
5875,Business Story,Payment Validation,9,5867.0,REL_X+10,High,To Do,,,,,,
5876,User Story,Payment Confirmation,5,5875.0,REL_X+10,High,Done,,,,,,
5877,Task,Environment setup,2,5876.0,REL_X+10,High,Blocked,866.0,2.0,DevOps,9.0,1.0,10.0
5878,User Story,Verify Email,5,5875.0,REL_X+10,High,Closed,,,,,,
5879,Task,QA Android,2,5878.0,REL_X+10,High,To Do,1460.0,1.0,QA,7.0,1.0,8.0
5880,Task,QA Testing,3,5878.0,REL_X+10,High,In Review,1460.0,1.0,QA,14.0,0.0,14.0
5881,Task,QA Android,1,5878.0,REL_X+10,High,Closed,1460.0,1.0,QA,5.0,1.0,6.0
5882,Task,Environment setup,2,5878.0,REL_X+10,High,Blocked,1460.0,1.0,DevOps,9.0,1.0,10.0
5883,Task,Android development task -1,2,5878.0,REL_X+10,High,In Progress,1460.0,1.0,Android,7.0,1.0,8.0
5884,Feature,Audit Logs,21,5866.0,REL_X+10,High,In Progress,,,,,,
5885,Business Story,Sign Up,11,5884.0,REL_X+10,High,Blocked,,,,,,
5886,User Story,Make a transfer,5,5885.0,REL_X+10,High,Closed,,,,,,
5887,Task,Back end development task -2,1,5886.0,REL_X+10,High,Blocked,988.0,6.0,Backend,5.0,1.0,6.0
5888,Task,iOS UI implementation,2,5886.0,REL_X+10,High,To Do,988.0,6.0,iOS,10.0,0.0,10.0
5889,Task,QA Android,1,5886.0,REL_X+10,High,In Progress,988.0,6.0,QA,5.0,0.0,5.0
5890,User Story,Display Card Screen,8,5885.0,REL_X+10,High,Blocked,,,,,,
5891,Task,Backend API development,1,5890.0,REL_X+10,High,In Review,367.0,7.0,Backend,4.0,0.0,4.0
5892,Task,Environment setup,2,5890.0,REL_X+10,High,Closed,367.0,7.0,DevOps,12.0,2.0,14.0
5893,Task,Back end development task -2,1,5890.0,REL_X+10,High,In Review,367.0,7.0,Backend,4.0,0.0,4.0
5894,Task,iOS UI implementation,1,5890.0,REL_X+10,High,Done,367.0,7.0,iOS,4.0,0.0,4.0
5895,Business Story,Update Card,13,5884.0,REL_X+10,High,Blocked,,,,,,
5896,User Story,Display Card Menu,5,5895.0,REL_X+10,High,Done,,,,,,
5897,Task,Back end development task -1,2,5896.0,REL_X+10,High,Done,967.0,6.0,Backend,12.0,0.0,12.0
5898,Task,QA iOS,3,5896.0,REL_X+10,High,Blocked,967.0,6.0,QA,16.0,3.0,19.0
5899,Feature,SMS Alerts,21,5866.0,REL_X+10,High,Closed,,,,,,
5900,Business Story,Remove Card,13,5899.0,REL_X+10,High,In Review,,,,,,
5901,User Story,Send email,4,5900.0,REL_X+10,High,Closed,,,,,,
5902,Task,Backend API development,1,5901.0,REL_X+10,High,Blocked,985.0,6.0,Backend,3.0,0.0,3.0
5903,Task,Environment setup,1,5901.0,REL_X+10,High,Closed,985.0,6.0,DevOps,3.0,0.0,3.0
5904,Task,iOS development task 1,1,5901.0,REL_X+10,High,Blocked,985.0,6.0,iOS,5.0,1.0,6.0
5905,Task,QA Android,3,5901.0,REL_X+10,High,Closed,985.0,6.0,QA,9.0,1.0,10.0
5906,Task,QA Testing,3,5901.0,REL_X+10,High,To Do,985.0,6.0,QA,16.0,3.0,19.0
5907,Business Story,Payment Validation,9,5899.0,REL_X+10,High,Done,,,,,,
5908,User Story,Verify Email,4,5907.0,REL_X+10,High,In Review,,,,,,
5909,Task,iOS UI implementation,1,5908.0,REL_X+10,High,Blocked,1454.0,8.0,iOS,6.0,1.0,7.0
5910,Task,iOS UI implementation,1,5908.0,REL_X+10,High,In Progress,1454.0,8.0,iOS,6.0,0.0,6.0
5911,Task,Android development task -1,2,5908.0,REL_X+10,High,Done,1454.0,8.0,Android,6.0,0.0,6.0
5912,Task,QA Android,1,5908.0,REL_X+10,High,Closed,1454.0,8.0,QA,5.0,0.0,5.0
5913,Task,Backend API development,2,5908.0,REL_X+10,High,Blocked,1454.0,8.0,Backend,8.0,0.0,8.0
5914,User Story,Display Card Screen,5,5907.0,REL_X+10,High,Closed,,,,,,
5915,Task,Environment setup,2,5914.0,REL_X+10,High,In Progress,374.0,7.0,DevOps,12.0,1.0,13.0
5916,Task,Back end development task -1,1,5914.0,REL_X+10,High,Blocked,374.0,7.0,Backend,5.0,1.0,6.0
5917,User Story,Payment Form,5,5907.0,REL_X+10,High,Blocked,,,,,,
5918,Task,QA iOS,1,5917.0,REL_X+10,High,In Review,103.0,4.0,QA,3.0,0.0,3.0
5919,Feature,Email Service,21,5866.0,REL_X+10,High,To Do,,,,,,
5920,Business Story,Add Card,13,5919.0,REL_X+10,High,Blocked,,,,,,
5921,User Story,Make a transfer,3,5920.0,REL_X+10,High,To Do,,,,,,
5922,Task,QA Android,2,5921.0,REL_X+10,High,Closed,276.0,3.0,QA,11.0,0.0,11.0
5923,Task,iOS development task 1,3,5921.0,REL_X+10,High,Blocked,276.0,3.0,iOS,14.0,2.0,16.0
5924,Task,QA Android,1,5921.0,REL_X+10,High,In Review,276.0,3.0,QA,5.0,0.0,5.0
5925,Task,QA Testing,3,5921.0,REL_X+10,High,To Do,276.0,3.0,QA,18.0,1.0,19.0
5926,User Story,Verify Email,5,5920.0,REL_X+10,High,Blocked,,,,,,
5927,Task,Environment setup,3,5926.0,REL_X+10,High,Closed,967.0,6.0,DevOps,15.0,1.0,16.0
5928,Task,iOS UI implementation,3,5926.0,REL_X+10,High,Closed,967.0,6.0,iOS,15.0,2.0,17.0
5929,Task,Back end development task -1,3,5926.0,REL_X+10,High,To Do,967.0,6.0,Backend,9.0,0.0,9.0
5930,Task,QA Testing,2,5926.0,REL_X+10,High,Blocked,967.0,6.0,QA,12.0,2.0,14.0
5931,Task,iOS UI implementation,1,5926.0,REL_X+10,High,Blocked,967.0,6.0,iOS,4.0,0.0,4.0
5932,User Story,Display Card Menu,5,5920.0,REL_X+10,High,In Review,,,,,,
5933,Task,QA iOS,3,5932.0,REL_X+10,High,In Review,1758.0,4.0,QA,16.0,1.0,17.0
5934,Task,Back end development task -1,1,5932.0,REL_X+10,High,To Do,1758.0,4.0,Backend,3.0,0.0,3.0
5935,Task,Backend API development,2,5932.0,REL_X+10,High,Closed,1758.0,4.0,Backend,6.0,1.0,7.0
5936,Task,Backend API development,2,5932.0,REL_X+10,High,Done,1758.0,4.0,Backend,8.0,0.0,8.0
5937,Task,Back end development task -1,2,5932.0,REL_X+10,High,In Progress,1758.0,4.0,Backend,8.0,1.0,9.0
5938,Business Story,Remove Card,13,5919.0,REL_X+10,High,In Progress,,,,,,
5939,User Story,Display Card Screen,8,5938.0,REL_X+10,High,In Progress,,,,,,
5940,Task,QA Android,3,5939.0,REL_X+10,High,Closed,1495.0,2.0,QA,14.0,1.0,15.0
5941,User Story,Verify Email,8,5938.0,REL_X+10,High,Blocked,,,,,,
5942,Task,Back end development task -1,1,5941.0,REL_X+10,High,Closed,1226.0,8.0,Backend,3.0,0.0,3.0
5943,Task,Back end development task -2,2,5941.0,REL_X+10,High,Done,1226.0,8.0,Backend,10.0,2.0,12.0
5944,Epic,Payments,55,,REL_X+3,Critical,Done,,,,,,
5945,Feature,User Registration,34,5944.0,REL_X+3,Critical,Done,,,,,,
5946,Business Story,Update Card,13,5945.0,REL_X+3,Critical,Closed,,,,,,
5947,User Story,Send email,5,5946.0,REL_X+3,Critical,In Review,,,,,,
5948,Task,QA iOS,2,5947.0,REL_X+3,Critical,To Do,133.0,6.0,QA,6.0,0.0,6.0
5949,Task,iOS development task 1,2,5947.0,REL_X+3,Critical,Blocked,133.0,6.0,iOS,11.0,1.0,12.0
5950,Task,iOS UI implementation,1,5947.0,REL_X+3,Critical,In Progress,133.0,6.0,iOS,6.0,1.0,7.0
5951,Business Story,Payment Validation,9,5945.0,REL_X+3,Critical,Done,,,,,,
5952,User Story,Display Card Menu,4,5951.0,REL_X+3,Critical,In Progress,,,,,,
5953,Task,Environment setup,1,5952.0,REL_X+3,Critical,Closed,1382.0,6.0,DevOps,5.0,1.0,6.0
5954,Task,iOS development task 1,2,5952.0,REL_X+3,Critical,In Review,1382.0,6.0,iOS,12.0,0.0,12.0
5955,Task,Back end development task -1,1,5952.0,REL_X+3,Critical,In Review,1382.0,6.0,Backend,3.0,0.0,3.0
5956,Task,QA Android,2,5952.0,REL_X+3,Critical,To Do,1382.0,6.0,QA,11.0,0.0,11.0
5957,User Story,Payment Confirmation,7,5951.0,REL_X+3,Critical,Blocked,,,,,,
5958,Task,Android UI implementation,2,5957.0,REL_X+3,Critical,To Do,1019.0,8.0,Android,8.0,0.0,8.0
5959,Task,iOS development task 1,2,5957.0,REL_X+3,Critical,Done,1019.0,8.0,iOS,7.0,1.0,8.0
5960,User Story,Display Card Screen,5,5951.0,REL_X+3,Critical,Blocked,,,,,,
5961,Task,Back end development task -1,2,5960.0,REL_X+3,Critical,Blocked,1503.0,2.0,Backend,6.0,1.0,7.0
5962,Task,iOS UI implementation,1,5960.0,REL_X+3,Critical,Blocked,1503.0,2.0,iOS,3.0,0.0,3.0
5963,Task,Backend API development,3,5960.0,REL_X+3,Critical,Done,1503.0,2.0,Backend,11.0,2.0,13.0
5964,Feature,Authorization,34,5944.0,REL_X+3,Critical,Done,,,,,,
5965,Business Story,Password Reset,10,5964.0,REL_X+3,Critical,Blocked,,,,,,
5966,User Story,Payment Confirmation,3,5965.0,REL_X+3,Critical,Closed,,,,,,
5967,Task,Android UI implementation,3,5966.0,REL_X+3,Critical,In Progress,813.0,8.0,Android,11.0,2.0,13.0
5968,Task,QA iOS,1,5966.0,REL_X+3,Critical,Done,813.0,8.0,QA,6.0,1.0,7.0
5969,User Story,Send email,7,5965.0,REL_X+3,Critical,Done,,,,,,
5970,Task,QA Android,1,5969.0,REL_X+3,Critical,Blocked,23.0,1.0,QA,6.0,0.0,6.0
5971,Task,QA iOS,1,5969.0,REL_X+3,Critical,In Review,23.0,1.0,QA,3.0,0.0,3.0
5972,Task,Back end development task -1,3,5969.0,REL_X+3,Critical,In Progress,23.0,1.0,Backend,18.0,0.0,18.0
5973,Task,QA iOS,1,5969.0,REL_X+3,Critical,Blocked,23.0,1.0,QA,6.0,1.0,7.0
5974,Task,Android development task -1,1,5969.0,REL_X+3,Critical,In Review,23.0,1.0,Android,6.0,1.0,7.0
5975,User Story,Display Card Menu,3,5965.0,REL_X+3,Critical,In Progress,,,,,,
5976,Task,QA Android,3,5975.0,REL_X+3,Critical,In Review,1869.0,8.0,QA,17.0,0.0,17.0
5977,Task,Back end development task -1,3,5975.0,REL_X+3,Critical,Blocked,1869.0,8.0,Backend,13.0,0.0,13.0
5978,Task,iOS development task 1,3,5975.0,REL_X+3,Critical,Blocked,1869.0,8.0,iOS,15.0,2.0,17.0
5979,Task,QA Android,2,5975.0,REL_X+3,Critical,Done,1869.0,8.0,QA,12.0,0.0,12.0
5980,Task,QA Android,3,5975.0,REL_X+3,Critical,Done,1869.0,8.0,QA,14.0,0.0,14.0
5981,Business Story,View Cards,12,5964.0,REL_X+3,Critical,Done,,,,,,
5982,User Story,Display Card Screen,7,5981.0,REL_X+3,Critical,In Review,,,,,,
5983,Task,Back end development task -2,1,5982.0,REL_X+3,Critical,To Do,1077.0,2.0,Backend,5.0,0.0,5.0
5984,Task,QA iOS,1,5982.0,REL_X+3,Critical,Done,1077.0,2.0,QA,4.0,0.0,4.0
5985,Task,QA Testing,1,5982.0,REL_X+3,Critical,Closed,1077.0,2.0,QA,6.0,0.0,6.0
5986,Task,Back end development task -1,2,5982.0,REL_X+3,Critical,Done,1077.0,2.0,Backend,12.0,0.0,12.0
5987,User Story,Error Handling,4,5981.0,REL_X+3,Critical,To Do,,,,,,
5988,Task,QA iOS,2,5987.0,REL_X+3,Critical,Closed,209.0,1.0,QA,6.0,1.0,7.0
5989,Task,Back end development task -2,1,5987.0,REL_X+3,Critical,Blocked,209.0,1.0,Backend,4.0,0.0,4.0
5990,Epic,Notifications,55,,REL_X+7,Medium,In Progress,,,,,,
5991,Feature,Recurring Billing,21,5990.0,REL_X+7,Medium,Blocked,,,,,,
5992,Business Story,Remove Card,13,5991.0,REL_X+7,Medium,To Do,,,,,,
5993,User Story,Make a transfer,3,5992.0,REL_X+7,Medium,Blocked,,,,,,
5994,Task,Back end development task -1,3,5993.0,REL_X+7,Medium,Blocked,1309.0,3.0,Backend,13.0,0.0,13.0
5995,Task,iOS UI implementation,1,5993.0,REL_X+7,Medium,In Progress,1309.0,3.0,iOS,6.0,1.0,7.0
5996,User Story,Display Card Menu,5,5992.0,REL_X+7,Medium,Closed,,,,,,
5997,Task,Back end development task -1,2,5996.0,REL_X+7,Medium,Closed,1301.0,3.0,Backend,8.0,1.0,9.0
5998,Task,Environment setup,3,5996.0,REL_X+7,Medium,Blocked,1301.0,3.0,DevOps,13.0,1.0,14.0
5999,Task,QA Android,3,5996.0,REL_X+7,Medium,To Do,1301.0,3.0,QA,16.0,2.0,18.0
6000,Business Story,Payment Validation,9,5991.0,REL_X+7,Medium,Closed,,,,,,
6001,User Story,Payment Confirmation,6,6000.0,REL_X+7,Medium,In Review,,,,,,
6002,Task,iOS development task 1,3,6001.0,REL_X+7,Medium,In Review,1323.0,3.0,iOS,12.0,1.0,13.0
6003,Task,Environment setup,1,6001.0,REL_X+7,Medium,In Review,1323.0,3.0,DevOps,6.0,1.0,7.0
6004,Task,QA Android,2,6001.0,REL_X+7,Medium,Done,1323.0,3.0,QA,12.0,1.0,13.0
6005,User Story,Payment Form,4,6000.0,REL_X+7,Medium,In Review,,,,,,
6006,Task,QA Android,2,6005.0,REL_X+7,Medium,Blocked,1151.0,5.0,QA,9.0,0.0,9.0
6007,Task,QA Testing,1,6005.0,REL_X+7,Medium,Done,1151.0,5.0,QA,6.0,1.0,7.0
6008,Feature,Refunds,34,5990.0,REL_X+7,Medium,In Review,,,,,,
6009,Business Story,Update Card,13,6008.0,REL_X+7,Medium,Closed,,,,,,
6010,User Story,Payment Form,5,6009.0,REL_X+7,Medium,To Do,,,,,,
6011,Task,Android development task -1,1,6010.0,REL_X+7,Medium,Closed,1041.0,1.0,Android,6.0,0.0,6.0
6012,Task,iOS development task 1,1,6010.0,REL_X+7,Medium,Done,1041.0,1.0,iOS,6.0,1.0,7.0
6013,Task,Back end development task -2,1,6010.0,REL_X+7,Medium,To Do,1041.0,1.0,Backend,5.0,1.0,6.0
6014,Task,QA Android,3,6010.0,REL_X+7,Medium,Done,1041.0,1.0,QA,9.0,0.0,9.0
6015,Task,iOS development task 1,1,6010.0,REL_X+7,Medium,To Do,1041.0,1.0,iOS,4.0,0.0,4.0
6016,User Story,Send email,5,6009.0,REL_X+7,Medium,In Review,,,,,,
6017,Task,QA Android,2,6016.0,REL_X+7,Medium,Blocked,353.0,6.0,QA,11.0,1.0,12.0
6018,Task,Back end development task -1,3,6016.0,REL_X+7,Medium,Done,353.0,6.0,Backend,16.0,1.0,17.0
6019,Task,QA iOS,1,6016.0,REL_X+7,Medium,In Progress,353.0,6.0,QA,5.0,0.0,5.0
6020,Task,Back end development task -1,1,6016.0,REL_X+7,Medium,Done,353.0,6.0,Backend,4.0,0.0,4.0
6021,Task,QA Android,1,6016.0,REL_X+7,Medium,Closed,353.0,6.0,QA,3.0,0.0,3.0
6022,Business Story,Add Card,13,6008.0,REL_X+7,Medium,Closed,,,,,,
6023,User Story,Display Card Menu,3,6022.0,REL_X+7,Medium,In Progress,,,,,,
6024,Task,Android development task -1,1,6023.0,REL_X+7,Medium,In Progress,1152.0,5.0,Android,4.0,0.0,4.0
6025,User Story,Transaction history,8,6022.0,REL_X+7,Medium,Done,,,,,,
6026,Task,Back end development task -1,2,6025.0,REL_X+7,Medium,In Progress,543.0,5.0,Backend,10.0,1.0,11.0
6027,Task,Environment setup,2,6025.0,REL_X+7,Medium,To Do,543.0,5.0,DevOps,11.0,0.0,11.0
6028,User Story,Send email,4,6022.0,REL_X+7,Medium,Closed,,,,,,
6029,Task,Back end development task -1,1,6028.0,REL_X+7,Medium,In Review,723.0,4.0,Backend,4.0,0.0,4.0
6030,Task,QA iOS,3,6028.0,REL_X+7,Medium,Done,723.0,4.0,QA,13.0,0.0,13.0
6031,Task,iOS UI implementation,3,6028.0,REL_X+7,Medium,Closed,723.0,4.0,iOS,15.0,1.0,16.0
6032,Task,QA Android,1,6028.0,REL_X+7,Medium,Blocked,723.0,4.0,QA,3.0,0.0,3.0
6033,Task,Back end development task -1,2,6028.0,REL_X+7,Medium,Closed,723.0,4.0,Backend,10.0,2.0,12.0
6034,Epic,Security,55,,REL_X+7,High,In Review,,,,,,
6035,Feature,Authentication,34,6034.0,REL_X+7,High,To Do,,,,,,
6036,Business Story,Payment Callback,9,6035.0,REL_X+7,High,In Review,,,,,,
6037,User Story,Display Card Screen,5,6036.0,REL_X+7,High,In Review,,,,,,
6038,Task,QA iOS,2,6037.0,REL_X+7,High,Closed,705.0,4.0,QA,7.0,1.0,8.0
6039,Task,Back end development task -2,3,6037.0,REL_X+7,High,Blocked,705.0,4.0,Backend,15.0,1.0,16.0
6040,Task,QA iOS,2,6037.0,REL_X+7,High,Blocked,705.0,4.0,QA,6.0,1.0,7.0
6041,Business Story,View Cards,12,6035.0,REL_X+7,High,In Progress,,,,,,
6042,User Story,Payment Form,5,6041.0,REL_X+7,High,To Do,,,,,,
6043,Task,Environment setup,2,6042.0,REL_X+7,High,In Review,1728.0,3.0,DevOps,12.0,1.0,13.0
6044,Task,iOS UI implementation,2,6042.0,REL_X+7,High,In Progress,1728.0,3.0,iOS,12.0,2.0,14.0
6045,Feature,Custom Reports,34,6034.0,REL_X+7,High,Blocked,,,,,,
6046,Business Story,Remove Card,13,6045.0,REL_X+7,High,To Do,,,,,,
6047,User Story,Transaction history,5,6046.0,REL_X+7,High,Closed,,,,,,
6048,Task,QA iOS,1,6047.0,REL_X+7,High,Done,906.0,3.0,QA,3.0,0.0,3.0
6049,Task,Back end development task -1,1,6047.0,REL_X+7,High,To Do,906.0,3.0,Backend,6.0,0.0,6.0
6050,Task,Back end development task -1,3,6047.0,REL_X+7,High,To Do,906.0,3.0,Backend,18.0,2.0,20.0
6051,Task,iOS UI implementation,2,6047.0,REL_X+7,High,In Review,906.0,3.0,iOS,6.0,1.0,7.0
6052,User Story,Payment Confirmation,3,6046.0,REL_X+7,High,In Review,,,,,,
6053,Task,Android development task -1,3,6052.0,REL_X+7,High,Closed,1477.0,1.0,Android,11.0,2.0,13.0
6054,Task,iOS UI implementation,1,6052.0,REL_X+7,High,In Progress,1477.0,1.0,iOS,3.0,0.0,3.0
6055,Task,iOS development task 1,2,6052.0,REL_X+7,High,Done,1477.0,1.0,iOS,12.0,2.0,14.0
6056,Task,Back end development task -2,1,6052.0,REL_X+7,High,Closed,1477.0,1.0,Backend,5.0,0.0,5.0
6057,Task,Android development task -1,2,6052.0,REL_X+7,High,In Review,1477.0,1.0,Android,6.0,0.0,6.0
6058,User Story,Display Card Screen,5,6046.0,REL_X+7,High,In Progress,,,,,,
6059,Task,QA Android,1,6058.0,REL_X+7,High,Closed,821.0,8.0,QA,4.0,0.0,4.0
6060,Task,Back end development task -1,1,6058.0,REL_X+7,High,Blocked,821.0,8.0,Backend,5.0,0.0,5.0
6061,Task,QA Android,2,6058.0,REL_X+7,High,Blocked,821.0,8.0,QA,9.0,1.0,10.0
6062,Business Story,Update Card,13,6045.0,REL_X+7,High,In Progress,,,,,,
6063,User Story,Error Handling,6,6062.0,REL_X+7,High,In Review,,,,,,
6064,Task,Android development task -1,2,6063.0,REL_X+7,High,Done,1210.0,7.0,Android,7.0,0.0,7.0
6065,User Story,Display Card Screen,7,6062.0,REL_X+7,High,In Progress,,,,,,
6066,Task,Back end development task -1,1,6065.0,REL_X+7,High,To Do,1325.0,3.0,Backend,5.0,0.0,5.0
6067,Task,Back end development task -2,2,6065.0,REL_X+7,High,Closed,1325.0,3.0,Backend,12.0,0.0,12.0
6068,Task,QA Testing,1,6065.0,REL_X+7,High,To Do,1325.0,3.0,QA,3.0,0.0,3.0
6069,User Story,Payment Confirmation,5,6062.0,REL_X+7,High,Closed,,,,,,
6070,Task,Android UI implementation,2,6069.0,REL_X+7,High,To Do,1198.0,7.0,Android,9.0,1.0,10.0
6071,Business Story,Password Reset,10,6045.0,REL_X+7,High,Blocked,,,,,,
6072,User Story,Make a transfer,5,6071.0,REL_X+7,High,Blocked,,,,,,
6073,Task,Environment setup,2,6072.0,REL_X+7,High,Blocked,290.0,4.0,DevOps,11.0,2.0,13.0
6074,Task,Back end development task -1,3,6072.0,REL_X+7,High,To Do,290.0,4.0,Backend,11.0,0.0,11.0
6075,Task,Back end development task -1,1,6072.0,REL_X+7,High,Blocked,290.0,4.0,Backend,3.0,0.0,3.0
6076,Task,QA Android,2,6072.0,REL_X+7,High,To Do,290.0,4.0,QA,9.0,1.0,10.0
6077,Task,Back end development task -1,1,6072.0,REL_X+7,High,To Do,290.0,4.0,Backend,6.0,1.0,7.0
6078,Epic,Reporting,55,,REL_X+6,High,Done,,,,,,
6079,Feature,SMS Alerts,21,6078.0,REL_X+6,High,To Do,,,,,,
6080,Business Story,Sign Up,11,6079.0,REL_X+6,High,To Do,,,,,,
6081,User Story,Display Card Menu,4,6080.0,REL_X+6,High,Closed,,,,,,
6082,Task,Back end development task -1,2,6081.0,REL_X+6,High,To Do,773.0,6.0,Backend,10.0,2.0,12.0
6083,Task,QA Android,2,6081.0,REL_X+6,High,To Do,773.0,6.0,QA,8.0,1.0,9.0
6084,Task,QA iOS,2,6081.0,REL_X+6,High,Blocked,773.0,6.0,QA,10.0,1.0,11.0
6085,Task,Backend API development,1,6081.0,REL_X+6,High,To Do,773.0,6.0,Backend,3.0,0.0,3.0
6086,Task,QA Android,1,6081.0,REL_X+6,High,In Review,773.0,6.0,QA,6.0,1.0,7.0
6087,Business Story,Email Verification,10,6079.0,REL_X+6,High,Closed,,,,,,
6088,User Story,Payment Confirmation,6,6087.0,REL_X+6,High,In Progress,,,,,,
6089,Task,iOS development task 1,1,6088.0,REL_X+6,High,Blocked,492.0,3.0,iOS,4.0,0.0,4.0
6090,Task,QA iOS,1,6088.0,REL_X+6,High,In Progress,492.0,3.0,QA,5.0,0.0,5.0
6091,Task,Back end development task -1,1,6088.0,REL_X+6,High,Done,492.0,3.0,Backend,3.0,0.0,3.0
6092,Task,Android development task -1,1,6088.0,REL_X+6,High,In Progress,492.0,3.0,Android,3.0,0.0,3.0
6093,Business Story,Add Card,13,6079.0,REL_X+6,High,Done,,,,,,
6094,User Story,Payment Confirmation,6,6093.0,REL_X+6,High,In Progress,,,,,,
6095,Task,QA Android,2,6094.0,REL_X+6,High,Done,65.0,3.0,QA,6.0,1.0,7.0
6096,Task,iOS development task 1,2,6094.0,REL_X+6,High,In Progress,65.0,3.0,iOS,11.0,1.0,12.0
6097,Task,iOS UI implementation,3,6094.0,REL_X+6,High,Done,65.0,3.0,iOS,12.0,2.0,14.0
6098,Task,Environment setup,2,6094.0,REL_X+6,High,In Progress,65.0,3.0,DevOps,11.0,1.0,12.0
6099,Task,Backend API development,2,6094.0,REL_X+6,High,Closed,65.0,3.0,Backend,9.0,1.0,10.0
6100,User Story,Make a transfer,5,6093.0,REL_X+6,High,Blocked,,,,,,
6101,Task,Back end development task -2,1,6100.0,REL_X+6,High,In Review,378.0,7.0,Backend,4.0,0.0,4.0
6102,User Story,Send email,5,6093.0,REL_X+6,High,To Do,,,,,,
6103,Task,QA Testing,3,6102.0,REL_X+6,High,Blocked,1599.0,6.0,QA,16.0,0.0,16.0
6104,Feature,Account Settings,21,6078.0,REL_X+6,High,In Progress,,,,,,
6105,Business Story,Payment Validation,9,6104.0,REL_X+6,High,Closed,,,,,,
6106,User Story,Payment Confirmation,4,6105.0,REL_X+6,High,Blocked,,,,,,
6107,Task,QA Android,1,6106.0,REL_X+6,High,Done,14.0,1.0,QA,3.0,0.0,3.0
6108,Task,iOS development task 1,2,6106.0,REL_X+6,High,In Review,14.0,1.0,iOS,8.0,1.0,9.0
6109,Task,QA Android,1,6106.0,REL_X+6,High,Done,14.0,1.0,QA,6.0,0.0,6.0
6110,Task,Backend API development,1,6106.0,REL_X+6,High,Done,14.0,1.0,Backend,6.0,0.0,6.0
6111,Task,QA iOS,1,6106.0,REL_X+6,High,In Progress,14.0,1.0,QA,6.0,0.0,6.0
6112,User Story,Send email,5,6105.0,REL_X+6,High,Closed,,,,,,
6113,Task,iOS UI implementation,2,6112.0,REL_X+6,High,In Progress,1402.0,6.0,iOS,12.0,1.0,13.0
6114,User Story,Display Card Screen,5,6105.0,REL_X+6,High,Blocked,,,,,,
6115,Task,Backend API development,2,6114.0,REL_X+6,High,Done,219.0,1.0,Backend,9.0,1.0,10.0
6116,Task,Back end development task -1,3,6114.0,REL_X+6,High,Blocked,219.0,1.0,Backend,14.0,1.0,15.0
6117,Business Story,Email Verification,10,6104.0,REL_X+6,High,In Progress,,,,,,
6118,User Story,Display Card Screen,5,6117.0,REL_X+6,High,Done,,,,,,
6119,Task,Back end development task -2,1,6118.0,REL_X+6,High,Closed,979.0,6.0,Backend,4.0,0.0,4.0
6120,Task,Android development task -1,2,6118.0,REL_X+6,High,In Review,979.0,6.0,Android,6.0,1.0,7.0
6121,Task,Backend API development,3,6118.0,REL_X+6,High,Blocked,979.0,6.0,Backend,11.0,1.0,12.0
6122,User Story,Review transfer,5,6117.0,REL_X+6,High,In Progress,,,,,,
6123,Task,iOS development task 1,1,6122.0,REL_X+6,High,To Do,2.0,1.0,iOS,6.0,1.0,7.0
6124,Task,Android development task -1,1,6122.0,REL_X+6,High,In Progress,2.0,1.0,Android,3.0,0.0,3.0
6125,Task,Android development task -1,2,6122.0,REL_X+6,High,Done,2.0,1.0,Android,6.0,1.0,7.0
6126,Business Story,Add Card,13,6104.0,REL_X+6,High,Closed,,,,,,
6127,User Story,Review transfer,5,6126.0,REL_X+6,High,To Do,,,,,,
6128,Task,Backend API development,1,6127.0,REL_X+6,High,To Do,1724.0,3.0,Backend,6.0,1.0,7.0
6129,Task,QA Android,1,6127.0,REL_X+6,High,To Do,1724.0,3.0,QA,4.0,0.0,4.0
6130,Task,iOS development task 1,2,6127.0,REL_X+6,High,Blocked,1724.0,3.0,iOS,9.0,0.0,9.0
6131,User Story,Verify Email,6,6126.0,REL_X+6,High,Closed,,,,,,
6132,Task,QA Android,2,6131.0,REL_X+6,High,Closed,1727.0,3.0,QA,7.0,0.0,7.0
6133,Feature,Encryption,21,6078.0,REL_X+6,High,Done,,,,,,
6134,Business Story,Update Card,13,6133.0,REL_X+6,High,To Do,,,,,,
6135,User Story,Send email,5,6134.0,REL_X+6,High,To Do,,,,,,
6136,Task,Back end development task -2,1,6135.0,REL_X+6,High,To Do,1860.0,8.0,Backend,4.0,0.0,4.0
6137,Task,Android UI implementation,1,6135.0,REL_X+6,High,Blocked,1860.0,8.0,Android,4.0,0.0,4.0
6138,Task,iOS development task 1,2,6135.0,REL_X+6,High,Done,1860.0,8.0,iOS,6.0,0.0,6.0
6139,User Story,Review transfer,4,6134.0,REL_X+6,High,Closed,,,,,,
6140,Task,Back end development task -2,3,6139.0,REL_X+6,High,Closed,1195.0,6.0,Backend,16.0,2.0,18.0
6141,Task,Android UI implementation,2,6139.0,REL_X+6,High,Done,1195.0,6.0,Android,11.0,2.0,13.0
6142,Task,iOS development task 1,3,6139.0,REL_X+6,High,Done,1195.0,6.0,iOS,16.0,2.0,18.0
6143,Task,Android UI implementation,2,6139.0,REL_X+6,High,In Progress,1195.0,6.0,Android,6.0,1.0,7.0
6144,Business Story,Process Payment,9,6133.0,REL_X+6,High,In Progress,,,,,,
6145,User Story,Payment Form,4,6144.0,REL_X+6,High,In Review,,,,,,
6146,Task,QA iOS,3,6145.0,REL_X+6,High,Closed,1119.0,4.0,QA,14.0,2.0,16.0
6147,Task,iOS development task 1,2,6145.0,REL_X+6,High,To Do,1119.0,4.0,iOS,10.0,2.0,12.0
6148,Task,Back end development task -1,1,6145.0,REL_X+6,High,Closed,1119.0,4.0,Backend,6.0,0.0,6.0
6149,Task,QA iOS,1,6145.0,REL_X+6,High,Blocked,1119.0,4.0,QA,4.0,0.0,4.0
6150,Feature,Refunds,34,6078.0,REL_X+6,High,In Progress,,,,,,
6151,Business Story,Update Card,13,6150.0,REL_X+6,High,In Review,,,,,,
6152,User Story,Payment Form,6,6151.0,REL_X+6,High,Blocked,,,,,,
6153,Task,Android development task -1,2,6152.0,REL_X+6,High,Done,212.0,1.0,Android,7.0,1.0,8.0
6154,Task,Environment setup,1,6152.0,REL_X+6,High,Blocked,212.0,1.0,DevOps,4.0,0.0,4.0
6155,Task,QA iOS,2,6152.0,REL_X+6,High,Closed,212.0,1.0,QA,6.0,0.0,6.0
6156,Task,Back end development task -1,1,6152.0,REL_X+6,High,In Review,212.0,1.0,Backend,6.0,1.0,7.0
6157,User Story,Make a transfer,4,6151.0,REL_X+6,High,Closed,,,,,,
6158,Task,iOS development task 1,1,6157.0,REL_X+6,High,To Do,1425.0,7.0,iOS,4.0,0.0,4.0
6159,Task,Back end development task -1,1,6157.0,REL_X+6,High,Done,1425.0,7.0,Backend,5.0,1.0,6.0
6160,Business Story,Process Payment,9,6150.0,REL_X+6,High,To Do,,,,,,
6161,User Story,Transaction history,5,6160.0,REL_X+6,High,To Do,,,,,,
6162,Task,QA iOS,2,6161.0,REL_X+6,High,In Review,497.0,4.0,QA,11.0,1.0,12.0
6163,Task,QA iOS,2,6161.0,REL_X+6,High,In Progress,497.0,4.0,QA,8.0,1.0,9.0
6164,Task,iOS development task 1,1,6161.0,REL_X+6,High,Done,497.0,4.0,iOS,5.0,0.0,5.0
6165,Task,Android development task -1,1,6161.0,REL_X+6,High,To Do,497.0,4.0,Android,5.0,1.0,6.0
6166,Epic,Reporting,55,,REL_X+6,Low,Done,,,,,,
6167,Feature,Transaction History,34,6166.0,REL_X+6,Low,Closed,,,,,,
6168,Business Story,Process Payment,9,6167.0,REL_X+6,Low,To Do,,,,,,
6169,User Story,Make a transfer,7,6168.0,REL_X+6,Low,To Do,,,,,,
6170,Task,Backend API development,1,6169.0,REL_X+6,Low,In Review,1426.0,7.0,Backend,5.0,1.0,6.0
6171,Task,iOS development task 1,3,6169.0,REL_X+6,Low,In Review,1426.0,7.0,iOS,17.0,2.0,19.0
6172,Task,Back end development task -1,1,6169.0,REL_X+6,Low,To Do,1426.0,7.0,Backend,6.0,0.0,6.0
6173,Task,Back end development task -1,1,6169.0,REL_X+6,Low,Done,1426.0,7.0,Backend,6.0,1.0,7.0
6174,Task,QA iOS,2,6169.0,REL_X+6,Low,Closed,1426.0,7.0,QA,10.0,0.0,10.0
6175,User Story,Review transfer,5,6168.0,REL_X+6,Low,Closed,,,,,,
6176,Task,QA Android,3,6175.0,REL_X+6,Low,In Progress,1355.0,5.0,QA,18.0,3.0,21.0
6177,Task,iOS development task 1,3,6175.0,REL_X+6,Low,Closed,1355.0,5.0,iOS,9.0,0.0,9.0
6178,Task,iOS development task 1,1,6175.0,REL_X+6,Low,Closed,1355.0,5.0,iOS,4.0,0.0,4.0
6179,User Story,Verify Email,8,6168.0,REL_X+6,Low,To Do,,,,,,
6180,Task,Environment setup,1,6179.0,REL_X+6,Low,Done,858.0,1.0,DevOps,4.0,0.0,4.0
6181,Task,QA Testing,1,6179.0,REL_X+6,Low,To Do,858.0,1.0,QA,6.0,1.0,7.0
6182,Task,QA Testing,2,6179.0,REL_X+6,Low,Closed,858.0,1.0,QA,6.0,1.0,7.0
6183,Task,Back end development task -1,2,6179.0,REL_X+6,Low,In Review,858.0,1.0,Backend,6.0,0.0,6.0
6184,Business Story,Password Reset,10,6167.0,REL_X+6,Low,In Progress,,,,,,
6185,User Story,Make a transfer,3,6184.0,REL_X+6,Low,Done,,,,,,
6186,Task,Back end development task -2,1,6185.0,REL_X+6,Low,Closed,1076.0,2.0,Backend,4.0,0.0,4.0
6187,Task,Back end development task -1,1,6185.0,REL_X+6,Low,To Do,1076.0,2.0,Backend,5.0,0.0,5.0
6188,User Story,Error Handling,7,6184.0,REL_X+6,Low,To Do,,,,,,
6189,Task,Android development task -1,1,6188.0,REL_X+6,Low,In Progress,1329.0,4.0,Android,5.0,1.0,6.0
6190,Task,Back end development task -1,1,6188.0,REL_X+6,Low,In Review,1329.0,4.0,Backend,5.0,0.0,5.0
6191,Task,Back end development task -1,2,6188.0,REL_X+6,Low,Blocked,1329.0,4.0,Backend,8.0,1.0,9.0
6192,User Story,Transaction history,5,6184.0,REL_X+6,Low,To Do,,,,,,
6193,Task,iOS UI implementation,2,6192.0,REL_X+6,Low,In Review,242.0,2.0,iOS,8.0,1.0,9.0
6194,Task,Back end development task -1,2,6192.0,REL_X+6,Low,To Do,242.0,2.0,Backend,10.0,1.0,11.0
6195,Task,Android development task -1,1,6192.0,REL_X+6,Low,In Progress,242.0,2.0,Android,4.0,0.0,4.0
6196,Task,Android UI implementation,1,6192.0,REL_X+6,Low,In Review,242.0,2.0,Android,5.0,0.0,5.0
6197,Task,QA iOS,3,6192.0,REL_X+6,Low,Done,242.0,2.0,QA,18.0,0.0,18.0
6198,Business Story,Update Card,13,6167.0,REL_X+6,Low,In Progress,,,,,,
6199,User Story,Display Card Screen,3,6198.0,REL_X+6,Low,In Progress,,,,,,
6200,Task,QA iOS,2,6199.0,REL_X+6,Low,To Do,652.0,2.0,QA,7.0,0.0,7.0
6201,Task,QA iOS,1,6199.0,REL_X+6,Low,Blocked,652.0,2.0,QA,6.0,1.0,7.0
6202,Task,iOS UI implementation,2,6199.0,REL_X+6,Low,Done,652.0,2.0,iOS,12.0,0.0,12.0
6203,Task,QA Android,1,6199.0,REL_X+6,Low,Done,652.0,2.0,QA,6.0,0.0,6.0
6204,User Story,Error Handling,5,6198.0,REL_X+6,Low,To Do,,,,,,
6205,Task,QA Android,2,6204.0,REL_X+6,Low,In Review,1281.0,2.0,QA,6.0,0.0,6.0
6206,Task,Android development task -1,1,6204.0,REL_X+6,Low,To Do,1281.0,2.0,Android,4.0,0.0,4.0
6207,Task,Backend API development,1,6204.0,REL_X+6,Low,In Review,1281.0,2.0,Backend,4.0,0.0,4.0
6208,Task,iOS UI implementation,1,6204.0,REL_X+6,Low,In Progress,1281.0,2.0,iOS,5.0,0.0,5.0
6209,Task,iOS development task 1,1,6204.0,REL_X+6,Low,Closed,1281.0,2.0,iOS,5.0,0.0,5.0
6210,Feature,Audit Logs,21,6166.0,REL_X+6,Low,Done,,,,,,
6211,Business Story,Password Reset,10,6210.0,REL_X+6,Low,Done,,,,,,
6212,User Story,Send email,4,6211.0,REL_X+6,Low,In Progress,,,,,,
6213,Task,QA iOS,1,6212.0,REL_X+6,Low,In Review,1490.0,2.0,QA,4.0,0.0,4.0
6214,Task,Back end development task -1,1,6212.0,REL_X+6,Low,To Do,1490.0,2.0,Backend,4.0,0.0,4.0
6215,Task,QA Android,1,6212.0,REL_X+6,Low,Blocked,1490.0,2.0,QA,5.0,1.0,6.0
6216,Task,Back end development task -1,1,6212.0,REL_X+6,Low,In Review,1490.0,2.0,Backend,6.0,1.0,7.0
6217,Task,QA iOS,1,6212.0,REL_X+6,Low,Blocked,1490.0,2.0,QA,3.0,0.0,3.0
6218,User Story,Transaction history,5,6211.0,REL_X+6,Low,In Review,,,,,,
6219,Task,QA Android,1,6218.0,REL_X+6,Low,In Progress,938.0,5.0,QA,5.0,1.0,6.0
6220,Business Story,Sign Up,11,6210.0,REL_X+6,Low,Done,,,,,,
6221,User Story,Payment Form,8,6220.0,REL_X+6,Low,Closed,,,,,,
6222,Task,Backend API development,2,6221.0,REL_X+6,Low,Blocked,1495.0,2.0,Backend,10.0,1.0,11.0
6223,Task,Android UI implementation,2,6221.0,REL_X+6,Low,In Review,1495.0,2.0,Android,10.0,2.0,12.0
6224,Task,Android UI implementation,1,6221.0,REL_X+6,Low,Closed,1495.0,2.0,Android,3.0,0.0,3.0
6225,Task,Back end development task -1,3,6221.0,REL_X+6,Low,To Do,1495.0,2.0,Backend,15.0,0.0,15.0
6226,Task,iOS development task 1,2,6221.0,REL_X+6,Low,To Do,1495.0,2.0,iOS,6.0,0.0,6.0
6227,User Story,Review transfer,8,6220.0,REL_X+6,Low,In Progress,,,,,,
6228,Task,iOS development task 1,2,6227.0,REL_X+6,Low,To Do,1636.0,7.0,iOS,11.0,1.0,12.0
6229,Task,QA iOS,1,6227.0,REL_X+6,Low,Blocked,1636.0,7.0,QA,5.0,1.0,6.0
6230,Task,QA iOS,1,6227.0,REL_X+6,Low,Done,1636.0,7.0,QA,5.0,0.0,5.0
6231,Task,iOS UI implementation,3,6227.0,REL_X+6,Low,Blocked,1636.0,7.0,iOS,10.0,1.0,11.0
6232,Task,Android development task -1,1,6227.0,REL_X+6,Low,In Review,1636.0,7.0,Android,4.0,0.0,4.0
6233,User Story,Transaction history,5,6220.0,REL_X+6,Low,In Review,,,,,,
6234,Task,QA iOS,1,6233.0,REL_X+6,Low,To Do,1251.0,1.0,QA,5.0,1.0,6.0
6235,Task,QA iOS,2,6233.0,REL_X+6,Low,Blocked,1251.0,1.0,QA,9.0,0.0,9.0
6236,Task,QA iOS,1,6233.0,REL_X+6,Low,In Progress,1251.0,1.0,QA,4.0,0.0,4.0
6237,Task,iOS UI implementation,1,6233.0,REL_X+6,Low,Blocked,1251.0,1.0,iOS,4.0,0.0,4.0
6238,Business Story,Add Card,13,6210.0,REL_X+6,Low,To Do,,,,,,
6239,User Story,Display Card Menu,5,6238.0,REL_X+6,Low,Closed,,,,,,
6240,Task,QA iOS,3,6239.0,REL_X+6,Low,Closed,1760.0,4.0,QA,16.0,3.0,19.0
6241,Task,QA iOS,2,6239.0,REL_X+6,Low,Done,1760.0,4.0,QA,12.0,1.0,13.0
6242,User Story,Make a transfer,8,6238.0,REL_X+6,Low,To Do,,,,,,
6243,Task,Back end development task -1,2,6242.0,REL_X+6,Low,Closed,1289.0,2.0,Backend,8.0,0.0,8.0
6244,Task,iOS UI implementation,3,6242.0,REL_X+6,Low,In Progress,1289.0,2.0,iOS,9.0,1.0,10.0
6245,Task,QA iOS,2,6242.0,REL_X+6,Low,Closed,1289.0,2.0,QA,7.0,0.0,7.0
6246,Task,Environment setup,1,6242.0,REL_X+6,Low,Blocked,1289.0,2.0,DevOps,3.0,0.0,3.0
6247,Feature,Push Notifications,21,6166.0,REL_X+6,Low,Done,,,,,,
6248,Business Story,Payment Callback,9,6247.0,REL_X+6,Low,Done,,,,,,
6249,User Story,Review transfer,5,6248.0,REL_X+6,Low,Done,,,,,,
6250,Task,Android development task -1,3,6249.0,REL_X+6,Low,In Review,1761.0,4.0,Android,16.0,3.0,19.0
6251,Task,Backend API development,2,6249.0,REL_X+6,Low,Blocked,1761.0,4.0,Backend,6.0,0.0,6.0
6252,Task,QA iOS,1,6249.0,REL_X+6,Low,Closed,1761.0,4.0,QA,3.0,0.0,3.0
6253,User Story,Display Card Menu,5,6248.0,REL_X+6,Low,In Review,,,,,,
6254,Task,QA Android,2,6253.0,REL_X+6,Low,Done,623.0,8.0,QA,8.0,1.0,9.0
6255,Task,Backend API development,2,6253.0,REL_X+6,Low,In Progress,623.0,8.0,Backend,11.0,0.0,11.0
6256,Task,iOS development task 1,2,6253.0,REL_X+6,Low,In Progress,623.0,8.0,iOS,11.0,0.0,11.0
6257,User Story,Transaction history,5,6248.0,REL_X+6,Low,Blocked,,,,,,
6258,Task,Environment setup,1,6257.0,REL_X+6,Low,In Progress,1392.0,6.0,DevOps,3.0,0.0,3.0
6259,Task,iOS development task 1,3,6257.0,REL_X+6,Low,In Review,1392.0,6.0,iOS,13.0,1.0,14.0
6260,Task,Android UI implementation,1,6257.0,REL_X+6,Low,Closed,1392.0,6.0,Android,6.0,0.0,6.0
6261,Task,iOS UI implementation,3,6257.0,REL_X+6,Low,Blocked,1392.0,6.0,iOS,15.0,1.0,16.0
6262,Business Story,Email Verification,10,6247.0,REL_X+6,Low,Blocked,,,,,,
6263,User Story,Send email,7,6262.0,REL_X+6,Low,In Review,,,,,,
6264,Task,QA Android,2,6263.0,REL_X+6,Low,Closed,1605.0,6.0,QA,11.0,1.0,12.0
6265,Task,Back end development task -1,3,6263.0,REL_X+6,Low,In Progress,1605.0,6.0,Backend,17.0,2.0,19.0
6266,Task,QA Android,3,6263.0,REL_X+6,Low,In Review,1605.0,6.0,QA,16.0,3.0,19.0
6267,Task,Back end development task -1,3,6263.0,REL_X+6,Low,Blocked,1605.0,6.0,Backend,12.0,1.0,13.0
6268,User Story,Display Card Menu,5,6262.0,REL_X+6,Low,Done,,,,,,
6269,Task,Back end development task -1,1,6268.0,REL_X+6,Low,Blocked,974.0,6.0,Backend,4.0,0.0,4.0
6270,Task,iOS UI implementation,1,6268.0,REL_X+6,Low,Done,974.0,6.0,iOS,3.0,0.0,3.0
6271,Task,Android UI implementation,1,6268.0,REL_X+6,Low,To Do,974.0,6.0,Android,5.0,0.0,5.0
6272,User Story,Payment Form,5,6262.0,REL_X+6,Low,Blocked,,,,,,
6273,Task,QA Android,1,6272.0,REL_X+6,Low,Closed,1570.0,5.0,QA,3.0,0.0,3.0
6274,Task,Back end development task -2,2,6272.0,REL_X+6,Low,Blocked,1570.0,5.0,Backend,8.0,0.0,8.0
6275,Business Story,Remove Card,13,6247.0,REL_X+6,Low,In Review,,,,,,
6276,User Story,Send email,4,6275.0,REL_X+6,Low,Closed,,,,,,
6277,Task,QA iOS,1,6276.0,REL_X+6,Low,In Review,595.0,7.0,QA,5.0,1.0,6.0
6278,Task,Back end development task -1,1,6276.0,REL_X+6,Low,Closed,595.0,7.0,Backend,4.0,0.0,4.0
6279,Task,Android development task -1,3,6276.0,REL_X+6,Low,Closed,595.0,7.0,Android,15.0,0.0,15.0
6280,User Story,Payment Confirmation,5,6275.0,REL_X+6,Low,Closed,,,,,,
6281,Task,Back end development task -2,1,6280.0,REL_X+6,Low,To Do,1562.0,5.0,Backend,3.0,0.0,3.0
6282,Feature,Account Settings,21,6166.0,REL_X+6,Low,To Do,,,,,,
6283,Business Story,Sign Up,11,6282.0,REL_X+6,Low,Blocked,,,,,,
6284,User Story,Display Card Screen,5,6283.0,REL_X+6,Low,Done,,,,,,
6285,Task,Backend API development,3,6284.0,REL_X+6,Low,Done,1028.0,8.0,Backend,10.0,0.0,10.0
6286,Task,iOS development task 1,2,6284.0,REL_X+6,Low,Closed,1028.0,8.0,iOS,8.0,0.0,8.0
6287,Task,Android UI implementation,2,6284.0,REL_X+6,Low,Blocked,1028.0,8.0,Android,8.0,1.0,9.0
6288,Task,Environment setup,1,6284.0,REL_X+6,Low,Blocked,1028.0,8.0,DevOps,5.0,1.0,6.0
6289,Task,iOS UI implementation,3,6284.0,REL_X+6,Low,Done,1028.0,8.0,iOS,17.0,3.0,20.0
6290,Business Story,Email Verification,10,6282.0,REL_X+6,Low,Blocked,,,,,,
6291,User Story,Display Card Menu,6,6290.0,REL_X+6,Low,Blocked,,,,,,
6292,Task,Android development task -1,2,6291.0,REL_X+6,Low,Closed,819.0,8.0,Android,6.0,1.0,7.0
6293,Task,Android development task -1,1,6291.0,REL_X+6,Low,To Do,819.0,8.0,Android,5.0,1.0,6.0
6294,Task,Environment setup,1,6291.0,REL_X+6,Low,Closed,819.0,8.0,DevOps,4.0,0.0,4.0
6295,Task,Back end development task -1,1,6291.0,REL_X+6,Low,Blocked,819.0,8.0,Backend,4.0,0.0,4.0
6296,User Story,Transaction history,5,6290.0,REL_X+6,Low,In Review,,,,,,
6297,Task,QA iOS,1,6296.0,REL_X+6,Low,Done,1752.0,4.0,QA,6.0,0.0,6.0
6298,User Story,Payment Form,5,6290.0,REL_X+6,Low,In Progress,,,,,,
6299,Task,iOS development task 1,1,6298.0,REL_X+6,Low,To Do,319.0,5.0,iOS,3.0,0.0,3.0
6300,Epic,Notifications,55,,REL_X+8,Critical,To Do,,,,,,
6301,Feature,Scheduled Reports,21,6300.0,REL_X+8,Critical,In Progress,,,,,,
6302,Business Story,Payment Validation,9,6301.0,REL_X+8,Critical,In Review,,,,,,
6303,User Story,Payment Confirmation,4,6302.0,REL_X+8,Critical,Blocked,,,,,,
6304,Task,Android development task -1,1,6303.0,REL_X+8,Critical,In Review,613.0,8.0,Android,5.0,1.0,6.0
6305,Task,iOS development task 1,1,6303.0,REL_X+8,Critical,Done,613.0,8.0,iOS,4.0,0.0,4.0
6306,Task,QA Testing,2,6303.0,REL_X+8,Critical,To Do,613.0,8.0,QA,12.0,1.0,13.0
6307,User Story,Send email,5,6302.0,REL_X+8,Critical,Closed,,,,,,
6308,Task,iOS UI implementation,1,6307.0,REL_X+8,Critical,In Review,1397.0,6.0,iOS,6.0,1.0,7.0
6309,Task,iOS development task 1,1,6307.0,REL_X+8,Critical,To Do,1397.0,6.0,iOS,4.0,0.0,4.0
6310,Task,QA Android,1,6307.0,REL_X+8,Critical,In Progress,1397.0,6.0,QA,5.0,1.0,6.0
6311,Task,iOS development task 1,3,6307.0,REL_X+8,Critical,Done,1397.0,6.0,iOS,15.0,2.0,17.0
6312,Business Story,Remove Card,13,6301.0,REL_X+8,Critical,To Do,,,,,,
6313,User Story,Review transfer,6,6312.0,REL_X+8,Critical,In Review,,,,,,
6314,Task,iOS development task 1,1,6313.0,REL_X+8,Critical,Done,1307.0,3.0,iOS,5.0,1.0,6.0
6315,Task,Back end development task -2,3,6313.0,REL_X+8,Critical,Closed,1307.0,3.0,Backend,17.0,2.0,19.0
6316,User Story,Payment Confirmation,7,6312.0,REL_X+8,Critical,To Do,,,,,,
6317,Task,Backend API development,1,6316.0,REL_X+8,Critical,Blocked,350.0,6.0,Backend,3.0,0.0,3.0
6318,Task,QA Android,2,6316.0,REL_X+8,Critical,Done,350.0,6.0,QA,7.0,0.0,7.0
6319,Task,QA Android,3,6316.0,REL_X+8,Critical,In Progress,350.0,6.0,QA,10.0,2.0,12.0
6320,Task,Android development task -1,2,6316.0,REL_X+8,Critical,Done,350.0,6.0,Android,10.0,0.0,10.0
6321,Task,Back end development task -2,2,6316.0,REL_X+8,Critical,In Review,350.0,6.0,Backend,7.0,0.0,7.0
6322,Feature,Authorization,34,6300.0,REL_X+8,Critical,Blocked,,,,,,
6323,Business Story,Sign Up,11,6322.0,REL_X+8,Critical,Closed,,,,,,
6324,User Story,Make a transfer,4,6323.0,REL_X+8,Critical,Done,,,,,,
6325,Task,Android UI implementation,2,6324.0,REL_X+8,Critical,Done,1795.0,6.0,Android,7.0,0.0,7.0
6326,Task,iOS development task 1,1,6324.0,REL_X+8,Critical,Blocked,1795.0,6.0,iOS,5.0,0.0,5.0
6327,Task,QA Android,1,6324.0,REL_X+8,Critical,Closed,1795.0,6.0,QA,3.0,0.0,3.0
6328,User Story,Transaction history,5,6323.0,REL_X+8,Critical,In Progress,,,,,,
6329,Task,QA iOS,3,6328.0,REL_X+8,Critical,In Progress,511.0,4.0,QA,14.0,1.0,15.0
6330,User Story,Error Handling,7,6323.0,REL_X+8,Critical,To Do,,,,,,
6331,Task,Back end development task -2,1,6330.0,REL_X+8,Critical,To Do,657.0,2.0,Backend,5.0,1.0,6.0
6332,Task,Android UI implementation,1,6330.0,REL_X+8,Critical,To Do,657.0,2.0,Android,3.0,0.0,3.0
6333,Business Story,Update Card,13,6322.0,REL_X+8,Critical,Done,,,,,,
6334,User Story,Verify Email,5,6333.0,REL_X+8,Critical,In Review,,,,,,
6335,Task,iOS UI implementation,2,6334.0,REL_X+8,Critical,In Progress,655.0,2.0,iOS,11.0,1.0,12.0
6336,Task,Android development task -1,1,6334.0,REL_X+8,Critical,Done,655.0,2.0,Android,5.0,0.0,5.0
6337,Task,QA iOS,2,6334.0,REL_X+8,Critical,Blocked,655.0,2.0,QA,6.0,0.0,6.0
6338,Task,iOS development task 1,1,6334.0,REL_X+8,Critical,In Review,655.0,2.0,iOS,3.0,0.0,3.0
6339,User Story,Send email,5,6333.0,REL_X+8,Critical,Done,,,,,,
6340,Task,Back end development task -1,1,6339.0,REL_X+8,Critical,Closed,1503.0,2.0,Backend,3.0,0.0,3.0
6341,User Story,Transaction history,5,6333.0,REL_X+8,Critical,Done,,,,,,
6342,Task,Back end development task -2,3,6341.0,REL_X+8,Critical,In Progress,192.0,8.0,Backend,17.0,1.0,18.0
6343,Feature,Data Export,21,6300.0,REL_X+8,Critical,Closed,,,,,,
6344,Business Story,Update Card,13,6343.0,REL_X+8,Critical,Done,,,,,,
6345,User Story,Verify Email,7,6344.0,REL_X+8,Critical,In Progress,,,,,,
6346,Task,QA Testing,1,6345.0,REL_X+8,Critical,Closed,312.0,4.0,QA,6.0,0.0,6.0
6347,Business Story,Remove Card,13,6343.0,REL_X+8,Critical,Blocked,,,,,,
6348,User Story,Error Handling,3,6347.0,REL_X+8,Critical,In Progress,,,,,,
6349,Task,QA Testing,2,6348.0,REL_X+8,Critical,Closed,1294.0,2.0,QA,11.0,0.0,11.0
6350,Task,Back end development task -1,1,6348.0,REL_X+8,Critical,Closed,1294.0,2.0,Backend,4.0,0.0,4.0
6351,Task,QA Android,1,6348.0,REL_X+8,Critical,To Do,1294.0,2.0,QA,4.0,0.0,4.0
6352,User Story,Verify Email,6,6347.0,REL_X+8,Critical,In Progress,,,,,,
6353,Task,Back end development task -2,3,6352.0,REL_X+8,Critical,Done,299.0,4.0,Backend,16.0,2.0,18.0
6354,User Story,Make a transfer,5,6347.0,REL_X+8,Critical,Blocked,,,,,,
6355,Task,iOS development task 1,3,6354.0,REL_X+8,Critical,To Do,1506.0,2.0,iOS,17.0,3.0,20.0
6356,Task,Android development task -1,2,6354.0,REL_X+8,Critical,In Review,1506.0,2.0,Android,6.0,1.0,7.0
6357,Business Story,Password Reset,10,6343.0,REL_X+8,Critical,In Progress,,,,,,
6358,User Story,Display Card Menu,6,6357.0,REL_X+8,Critical,In Progress,,,,,,
6359,Task,Backend API development,1,6358.0,REL_X+8,Critical,In Review,1871.0,8.0,Backend,6.0,0.0,6.0
6360,Task,Back end development task -1,1,6358.0,REL_X+8,Critical,To Do,1871.0,8.0,Backend,4.0,0.0,4.0
6361,Task,iOS UI implementation,2,6358.0,REL_X+8,Critical,Blocked,1871.0,8.0,iOS,12.0,1.0,13.0
6362,Task,iOS development task 1,1,6358.0,REL_X+8,Critical,To Do,1871.0,8.0,iOS,6.0,1.0,7.0
6363,Task,Back end development task -1,1,6358.0,REL_X+8,Critical,Blocked,1871.0,8.0,Backend,3.0,0.0,3.0
6364,User Story,Send email,5,6357.0,REL_X+8,Critical,Closed,,,,,,
6365,Task,Back end development task -2,1,6364.0,REL_X+8,Critical,Closed,532.0,5.0,Backend,6.0,1.0,7.0
6366,Task,QA Android,1,6364.0,REL_X+8,Critical,Done,532.0,5.0,QA,4.0,0.0,4.0
6367,User Story,Error Handling,5,6357.0,REL_X+8,Critical,Done,,,,,,
6368,Task,Android UI implementation,2,6367.0,REL_X+8,Critical,Blocked,1042.0,1.0,Android,9.0,1.0,10.0
6369,Task,Back end development task -1,1,6367.0,REL_X+8,Critical,Blocked,1042.0,1.0,Backend,6.0,0.0,6.0
6370,Task,Android development task -1,3,6367.0,REL_X+8,Critical,To Do,1042.0,1.0,Android,11.0,2.0,13.0
6371,Task,Environment setup,3,6367.0,REL_X+8,Critical,Blocked,1042.0,1.0,DevOps,12.0,2.0,14.0
6372,Task,Back end development task -1,3,6367.0,REL_X+8,Critical,Closed,1042.0,1.0,Backend,16.0,2.0,18.0
6373,Epic,Reporting,55,,REL_X+3,Low,In Progress,,,,,,
6374,Feature,User Registration,34,6373.0,REL_X+3,Low,Closed,,,,,,
6375,Business Story,Payment Validation,9,6374.0,REL_X+3,Low,Done,,,,,,
6376,User Story,Error Handling,5,6375.0,REL_X+3,Low,To Do,,,,,,
6377,Task,iOS development task 1,1,6376.0,REL_X+3,Low,In Progress,1207.0,7.0,iOS,3.0,0.0,3.0
6378,Business Story,Email Verification,10,6374.0,REL_X+3,Low,In Review,,,,,,
6379,User Story,Make a transfer,5,6378.0,REL_X+3,Low,In Review,,,,,,
6380,Task,iOS UI implementation,1,6379.0,REL_X+3,Low,Closed,1808.0,6.0,iOS,3.0,0.0,3.0
6381,User Story,Payment Confirmation,5,6378.0,REL_X+3,Low,Closed,,,,,,
6382,Task,QA Testing,1,6381.0,REL_X+3,Low,Closed,1496.0,2.0,QA,5.0,1.0,6.0
6383,Task,iOS UI implementation,3,6381.0,REL_X+3,Low,Closed,1496.0,2.0,iOS,14.0,1.0,15.0
6384,Task,Android development task -1,2,6381.0,REL_X+3,Low,Closed,1496.0,2.0,Android,7.0,1.0,8.0
6385,Task,QA iOS,3,6381.0,REL_X+3,Low,In Progress,1496.0,2.0,QA,11.0,2.0,13.0
6386,Business Story,View Cards,12,6374.0,REL_X+3,Low,Closed,,,,,,
6387,User Story,Display Card Menu,4,6386.0,REL_X+3,Low,In Review,,,,,,
6388,Task,iOS UI implementation,3,6387.0,REL_X+3,Low,Blocked,430.0,1.0,iOS,17.0,2.0,19.0
6389,User Story,Display Card Screen,5,6386.0,REL_X+3,Low,In Review,,,,,,
6390,Task,QA Testing,3,6389.0,REL_X+3,Low,Done,1396.0,6.0,QA,16.0,0.0,16.0
6391,Task,Backend API development,1,6389.0,REL_X+3,Low,In Review,1396.0,6.0,Backend,4.0,0.0,4.0
6392,Task,iOS development task 1,2,6389.0,REL_X+3,Low,Blocked,1396.0,6.0,iOS,12.0,2.0,14.0
6393,Task,QA iOS,1,6389.0,REL_X+3,Low,Closed,1396.0,6.0,QA,4.0,0.0,4.0
6394,User Story,Review transfer,5,6386.0,REL_X+3,Low,Blocked,,,,,,
6395,Task,QA iOS,2,6394.0,REL_X+3,Low,In Review,661.0,2.0,QA,7.0,1.0,8.0
6396,Task,Android UI implementation,3,6394.0,REL_X+3,Low,To Do,661.0,2.0,Android,10.0,2.0,12.0
6397,Task,Android development task -1,3,6394.0,REL_X+3,Low,Blocked,661.0,2.0,Android,15.0,1.0,16.0
6398,Feature,Refunds,34,6373.0,REL_X+3,Low,Blocked,,,,,,
6399,Business Story,Remove Card,13,6398.0,REL_X+3,Low,Blocked,,,,,,
6400,User Story,Send email,5,6399.0,REL_X+3,Low,Blocked,,,,,,
6401,Task,Environment setup,2,6400.0,REL_X+3,Low,Blocked,729.0,5.0,DevOps,12.0,2.0,14.0
6402,Task,Android development task -1,3,6400.0,REL_X+3,Low,Blocked,729.0,5.0,Android,18.0,3.0,21.0
6403,Task,iOS UI implementation,1,6400.0,REL_X+3,Low,Done,729.0,5.0,iOS,3.0,0.0,3.0
6404,User Story,Review transfer,8,6399.0,REL_X+3,Low,In Review,,,,,,
6405,Task,QA iOS,1,6404.0,REL_X+3,Low,In Progress,1509.0,3.0,QA,3.0,0.0,3.0
6406,Task,Back end development task -2,1,6404.0,REL_X+3,Low,Closed,1509.0,3.0,Backend,5.0,1.0,6.0
6407,Task,Android development task -1,1,6404.0,REL_X+3,Low,In Progress,1509.0,3.0,Android,5.0,0.0,5.0
6408,Task,iOS development task 1,2,6404.0,REL_X+3,Low,In Progress,1509.0,3.0,iOS,12.0,2.0,14.0
6409,Task,Android development task -1,2,6404.0,REL_X+3,Low,Blocked,1509.0,3.0,Android,10.0,0.0,10.0
6410,Business Story,Payment Callback,9,6398.0,REL_X+3,Low,Blocked,,,,,,
6411,User Story,Payment Confirmation,5,6410.0,REL_X+3,Low,Done,,,,,,
6412,Task,iOS UI implementation,2,6411.0,REL_X+3,Low,Closed,1570.0,5.0,iOS,6.0,0.0,6.0
6413,Task,Back end development task -2,1,6411.0,REL_X+3,Low,In Review,1570.0,5.0,Backend,4.0,0.0,4.0
6414,Task,Back end development task -1,1,6411.0,REL_X+3,Low,Blocked,1570.0,5.0,Backend,5.0,0.0,5.0
6415,User Story,Display Card Menu,6,6410.0,REL_X+3,Low,In Review,,,,,,
6416,Task,Backend API development,1,6415.0,REL_X+3,Low,In Review,1628.0,7.0,Backend,6.0,0.0,6.0
6417,Task,QA iOS,1,6415.0,REL_X+3,Low,In Review,1628.0,7.0,QA,6.0,0.0,6.0
6418,Task,Back end development task -1,2,6415.0,REL_X+3,Low,Done,1628.0,7.0,Backend,9.0,0.0,9.0
6419,Task,iOS UI implementation,1,6415.0,REL_X+3,Low,Closed,1628.0,7.0,iOS,5.0,1.0,6.0
6420,Task,Android development task -1,1,6415.0,REL_X+3,Low,Closed,1628.0,7.0,Android,3.0,0.0,3.0
6421,Business Story,Process Payment,9,6398.0,REL_X+3,Low,In Progress,,,,,,
6422,User Story,Transaction history,4,6421.0,REL_X+3,Low,Closed,,,,,,
6423,Task,QA Android,1,6422.0,REL_X+3,Low,Closed,314.0,5.0,QA,4.0,0.0,4.0
6424,Task,Back end development task -2,1,6422.0,REL_X+3,Low,In Review,314.0,5.0,Backend,3.0,0.0,3.0
6425,Task,QA Android,2,6422.0,REL_X+3,Low,Closed,314.0,5.0,QA,12.0,0.0,12.0
6426,Task,QA Testing,1,6422.0,REL_X+3,Low,To Do,314.0,5.0,QA,5.0,0.0,5.0
6427,Task,QA iOS,1,6422.0,REL_X+3,Low,In Progress,314.0,5.0,QA,6.0,1.0,7.0
6428,User Story,Display Card Screen,8,6421.0,REL_X+3,Low,In Review,,,,,,
6429,Task,iOS development task 1,1,6428.0,REL_X+3,Low,Blocked,815.0,8.0,iOS,6.0,0.0,6.0
6430,Task,Back end development task -1,3,6428.0,REL_X+3,Low,Closed,815.0,8.0,Backend,14.0,0.0,14.0
6431,Task,iOS development task 1,2,6428.0,REL_X+3,Low,Blocked,815.0,8.0,iOS,6.0,1.0,7.0
6432,Task,QA Android,1,6428.0,REL_X+3,Low,In Review,815.0,8.0,QA,4.0,0.0,4.0
6433,Feature,Audit Logs,21,6373.0,REL_X+3,Low,To Do,,,,,,
6434,Business Story,Payment Callback,9,6433.0,REL_X+3,Low,In Progress,,,,,,
6435,User Story,Display Card Screen,5,6434.0,REL_X+3,Low,In Progress,,,,,,
6436,Task,QA iOS,2,6435.0,REL_X+3,Low,Blocked,1065.0,1.0,QA,9.0,1.0,10.0
6437,Task,Android UI implementation,1,6435.0,REL_X+3,Low,Done,1065.0,1.0,Android,6.0,1.0,7.0
6438,User Story,Verify Email,7,6434.0,REL_X+3,Low,Blocked,,,,,,
6439,Task,QA iOS,1,6438.0,REL_X+3,Low,Closed,39.0,2.0,QA,5.0,0.0,5.0
6440,Task,Android development task -1,1,6438.0,REL_X+3,Low,Closed,39.0,2.0,Android,6.0,1.0,7.0
6441,Task,QA Testing,1,6438.0,REL_X+3,Low,In Progress,39.0,2.0,QA,6.0,0.0,6.0
6442,User Story,Transaction history,6,6434.0,REL_X+3,Low,Done,,,,,,
6443,Task,Back end development task -2,1,6442.0,REL_X+3,Low,To Do,545.0,5.0,Backend,4.0,0.0,4.0
6444,Task,QA Android,1,6442.0,REL_X+3,Low,To Do,545.0,5.0,QA,6.0,1.0,7.0
6445,Task,Back end development task -2,2,6442.0,REL_X+3,Low,In Review,545.0,5.0,Backend,6.0,0.0,6.0
6446,Task,iOS development task 1,1,6442.0,REL_X+3,Low,Done,545.0,5.0,iOS,4.0,0.0,4.0
6447,Task,iOS development task 1,1,6442.0,REL_X+3,Low,Closed,545.0,5.0,iOS,3.0,0.0,3.0
6448,Business Story,Update Card,13,6433.0,REL_X+3,Low,Done,,,,,,
6449,User Story,Make a transfer,5,6448.0,REL_X+3,Low,In Review,,,,,,
6450,Task,QA iOS,1,6449.0,REL_X+3,Low,In Review,960.0,5.0,QA,3.0,0.0,3.0
6451,Task,iOS development task 1,2,6449.0,REL_X+3,Low,Blocked,960.0,5.0,iOS,11.0,2.0,13.0
6452,Task,Android development task -1,1,6449.0,REL_X+3,Low,Blocked,960.0,5.0,Android,5.0,1.0,6.0
6453,Task,QA Android,2,6449.0,REL_X+3,Low,In Progress,960.0,5.0,QA,8.0,0.0,8.0
6454,Task,Android development task -1,2,6449.0,REL_X+3,Low,Done,960.0,5.0,Android,8.0,1.0,9.0
6455,User Story,Error Handling,3,6448.0,REL_X+3,Low,Closed,,,,,,
6456,Task,QA Android,1,6455.0,REL_X+3,Low,In Review,1536.0,4.0,QA,5.0,1.0,6.0
6457,Task,iOS development task 1,2,6455.0,REL_X+3,Low,In Progress,1536.0,4.0,iOS,9.0,0.0,9.0
6458,Task,iOS development task 1,2,6455.0,REL_X+3,Low,Blocked,1536.0,4.0,iOS,6.0,0.0,6.0
6459,Task,QA iOS,1,6455.0,REL_X+3,Low,To Do,1536.0,4.0,QA,5.0,1.0,6.0
6460,Task,Android development task -1,1,6455.0,REL_X+3,Low,Blocked,1536.0,4.0,Android,3.0,0.0,3.0
6461,Business Story,Email Verification,10,6433.0,REL_X+3,Low,Done,,,,,,
6462,User Story,Display Card Screen,6,6461.0,REL_X+3,Low,Blocked,,,,,,
6463,Task,QA Testing,2,6462.0,REL_X+3,Low,In Progress,1372.0,5.0,QA,12.0,2.0,14.0
6464,Task,Android development task -1,1,6462.0,REL_X+3,Low,Done,1372.0,5.0,Android,5.0,1.0,6.0
6465,Task,QA iOS,3,6462.0,REL_X+3,Low,Blocked,1372.0,5.0,QA,17.0,1.0,18.0
6466,Task,Android development task -1,1,6462.0,REL_X+3,Low,To Do,1372.0,5.0,Android,6.0,0.0,6.0
6467,Task,Android UI implementation,1,6462.0,REL_X+3,Low,To Do,1372.0,5.0,Android,6.0,0.0,6.0
6468,User Story,Transaction history,3,6461.0,REL_X+3,Low,In Review,,,,,,
6469,Task,Back end development task -2,2,6468.0,REL_X+3,Low,Blocked,1262.0,1.0,Backend,9.0,0.0,9.0
6470,Feature,Cards,34,6373.0,REL_X+3,Low,Blocked,,,,,,
6471,Business Story,Payment Callback,9,6470.0,REL_X+3,Low,Done,,,,,,
6472,User Story,Error Handling,8,6471.0,REL_X+3,Low,In Review,,,,,,
6473,Task,Backend API development,3,6472.0,REL_X+3,Low,Closed,643.0,1.0,Backend,11.0,0.0,11.0
6474,User Story,Make a transfer,6,6471.0,REL_X+3,Low,Done,,,,,,
6475,Task,iOS UI implementation,1,6474.0,REL_X+3,Low,In Progress,1660.0,8.0,iOS,4.0,0.0,4.0
6476,Task,iOS UI implementation,1,6474.0,REL_X+3,Low,Closed,1660.0,8.0,iOS,4.0,0.0,4.0
6477,Business Story,Add Card,13,6470.0,REL_X+3,Low,In Review,,,,,,
6478,User Story,Payment Confirmation,5,6477.0,REL_X+3,Low,Blocked,,,,,,
6479,Task,QA Android,1,6478.0,REL_X+3,Low,In Progress,263.0,3.0,QA,3.0,0.0,3.0
6480,Task,QA Android,3,6478.0,REL_X+3,Low,To Do,263.0,3.0,QA,12.0,2.0,14.0
6481,User Story,Verify Email,3,6477.0,REL_X+3,Low,In Progress,,,,,,
6482,Task,Android UI implementation,3,6481.0,REL_X+3,Low,Blocked,97.0,4.0,Android,13.0,0.0,13.0
6483,Task,Android development task -1,3,6481.0,REL_X+3,Low,Blocked,97.0,4.0,Android,12.0,1.0,13.0
6484,Task,Back end development task -1,1,6481.0,REL_X+3,Low,To Do,97.0,4.0,Backend,6.0,1.0,7.0
6485,Task,iOS development task 1,2,6481.0,REL_X+3,Low,Closed,97.0,4.0,iOS,6.0,0.0,6.0
6486,Task,Back end development task -1,2,6481.0,REL_X+3,Low,In Review,97.0,4.0,Backend,9.0,0.0,9.0
6487,User Story,Display Card Menu,6,6477.0,REL_X+3,Low,Blocked,,,,,,
6488,Task,Android development task -1,1,6487.0,REL_X+3,Low,In Review,1728.0,3.0,Android,3.0,0.0,3.0
6489,Task,QA iOS,3,6487.0,REL_X+3,Low,Closed,1728.0,3.0,QA,15.0,1.0,16.0
6490,Task,QA Testing,3,6487.0,REL_X+3,Low,To Do,1728.0,3.0,QA,13.0,2.0,15.0
6491,Business Story,Process Payment,9,6470.0,REL_X+3,Low,In Progress,,,,,,
6492,User Story,Payment Confirmation,8,6491.0,REL_X+3,Low,To Do,,,,,,
6493,Task,Android development task -1,3,6492.0,REL_X+3,Low,In Review,182.0,7.0,Android,11.0,0.0,11.0
6494,Task,QA iOS,1,6492.0,REL_X+3,Low,To Do,182.0,7.0,QA,4.0,0.0,4.0
6495,User Story,Verify Email,8,6491.0,REL_X+3,Low,Done,,,,,,
6496,Task,Android development task -1,3,6495.0,REL_X+3,Low,Blocked,1002.0,7.0,Android,18.0,2.0,20.0
6497,Task,QA iOS,1,6495.0,REL_X+3,Low,Blocked,1002.0,7.0,QA,5.0,1.0,6.0
6498,Task,QA Android,2,6495.0,REL_X+3,Low,Closed,1002.0,7.0,QA,7.0,1.0,8.0
6499,Task,QA iOS,1,6495.0,REL_X+3,Low,Done,1002.0,7.0,QA,3.0,0.0,3.0
6500,Task,iOS development task 1,2,6495.0,REL_X+3,Low,Closed,1002.0,7.0,iOS,11.0,2.0,13.0
6501,User Story,Error Handling,7,6491.0,REL_X+3,Low,Closed,,,,,,
6502,Task,QA Android,1,6501.0,REL_X+3,Low,Done,702.0,3.0,QA,6.0,0.0,6.0
6503,Epic,Accounts,55,,REL_X+7,Medium,To Do,,,,,,
6504,Feature,Push Notifications,21,6503.0,REL_X+7,Medium,To Do,,,,,,
6505,Business Story,Process Payment,9,6504.0,REL_X+7,Medium,Done,,,,,,
6506,User Story,Display Card Screen,6,6505.0,REL_X+7,Medium,In Review,,,,,,
6507,Task,Environment setup,1,6506.0,REL_X+7,Medium,To Do,1766.0,4.0,DevOps,4.0,0.0,4.0
6508,Task,Environment setup,1,6506.0,REL_X+7,Medium,In Progress,1766.0,4.0,DevOps,4.0,0.0,4.0
6509,Task,QA iOS,1,6506.0,REL_X+7,Medium,To Do,1766.0,4.0,QA,3.0,0.0,3.0
6510,Task,QA iOS,1,6506.0,REL_X+7,Medium,To Do,1766.0,4.0,QA,4.0,0.0,4.0
6511,User Story,Payment Confirmation,4,6505.0,REL_X+7,Medium,Done,,,,,,
6512,Task,Android development task -1,1,6511.0,REL_X+7,Medium,Closed,987.0,6.0,Android,6.0,0.0,6.0
6513,Task,Back end development task -1,3,6511.0,REL_X+7,Medium,To Do,987.0,6.0,Backend,16.0,3.0,19.0
6514,Task,Back end development task -1,2,6511.0,REL_X+7,Medium,Closed,987.0,6.0,Backend,9.0,0.0,9.0
6515,Task,QA Android,1,6511.0,REL_X+7,Medium,Closed,987.0,6.0,QA,6.0,1.0,7.0
6516,Business Story,Password Reset,10,6504.0,REL_X+7,Medium,To Do,,,,,,
6517,User Story,Verify Email,5,6516.0,REL_X+7,Medium,To Do,,,,,,
6518,Task,Backend API development,2,6517.0,REL_X+7,Medium,To Do,578.0,7.0,Backend,11.0,1.0,12.0
6519,Task,Backend API development,3,6517.0,REL_X+7,Medium,In Progress,578.0,7.0,Backend,12.0,0.0,12.0
6520,Task,QA iOS,1,6517.0,REL_X+7,Medium,Blocked,578.0,7.0,QA,5.0,1.0,6.0
6521,Task,iOS development task 1,2,6517.0,REL_X+7,Medium,To Do,578.0,7.0,iOS,9.0,1.0,10.0
6522,Task,Environment setup,1,6517.0,REL_X+7,Medium,Done,578.0,7.0,DevOps,5.0,0.0,5.0
6523,User Story,Make a transfer,5,6516.0,REL_X+7,Medium,Blocked,,,,,,
6524,Task,Back end development task -2,3,6523.0,REL_X+7,Medium,In Progress,1607.0,6.0,Backend,16.0,0.0,16.0
6525,Task,Android development task -1,1,6523.0,REL_X+7,Medium,Closed,1607.0,6.0,Android,3.0,0.0,3.0
6526,Task,Back end development task -2,1,6523.0,REL_X+7,Medium,Done,1607.0,6.0,Backend,3.0,0.0,3.0
6527,User Story,Display Card Screen,5,6516.0,REL_X+7,Medium,In Progress,,,,,,
6528,Task,Android development task -1,2,6527.0,REL_X+7,Medium,Blocked,814.0,8.0,Android,9.0,0.0,9.0
6529,Task,iOS development task 1,1,6527.0,REL_X+7,Medium,To Do,814.0,8.0,iOS,5.0,0.0,5.0
6530,Task,Back end development task -1,2,6527.0,REL_X+7,Medium,In Review,814.0,8.0,Backend,9.0,0.0,9.0
6531,Task,QA iOS,1,6527.0,REL_X+7,Medium,In Progress,814.0,8.0,QA,3.0,0.0,3.0
6532,Task,iOS development task 1,1,6527.0,REL_X+7,Medium,In Review,814.0,8.0,iOS,3.0,0.0,3.0
6533,Feature,SMS Alerts,21,6503.0,REL_X+7,Medium,In Review,,,,,,
6534,Business Story,Update Card,13,6533.0,REL_X+7,Medium,In Progress,,,,,,
6535,User Story,Payment Confirmation,6,6534.0,REL_X+7,Medium,In Review,,,,,,
6536,Task,Environment setup,1,6535.0,REL_X+7,Medium,In Progress,394.0,8.0,DevOps,5.0,1.0,6.0
6537,Task,QA iOS,3,6535.0,REL_X+7,Medium,In Review,394.0,8.0,QA,16.0,2.0,18.0
6538,Task,iOS development task 1,1,6535.0,REL_X+7,Medium,To Do,394.0,8.0,iOS,4.0,0.0,4.0
6539,Task,Back end development task -1,3,6535.0,REL_X+7,Medium,To Do,394.0,8.0,Backend,10.0,1.0,11.0
6540,Task,Environment setup,1,6535.0,REL_X+7,Medium,To Do,394.0,8.0,DevOps,4.0,0.0,4.0
6541,User Story,Review transfer,5,6534.0,REL_X+7,Medium,In Review,,,,,,
6542,Task,QA Testing,2,6541.0,REL_X+7,Medium,In Review,1052.0,1.0,QA,6.0,0.0,6.0
6543,Task,Android UI implementation,1,6541.0,REL_X+7,Medium,Blocked,1052.0,1.0,Android,6.0,0.0,6.0
6544,Task,Back end development task -1,1,6541.0,REL_X+7,Medium,Done,1052.0,1.0,Backend,5.0,1.0,6.0
6545,Task,Android UI implementation,3,6541.0,REL_X+7,Medium,To Do,1052.0,1.0,Android,18.0,2.0,20.0
6546,Task,Android development task -1,1,6541.0,REL_X+7,Medium,In Review,1052.0,1.0,Android,6.0,0.0,6.0
6547,Business Story,View Cards,12,6533.0,REL_X+7,Medium,To Do,,,,,,
6548,User Story,Transaction history,7,6547.0,REL_X+7,Medium,Closed,,,,,,
6549,Task,QA iOS,1,6548.0,REL_X+7,Medium,Done,1293.0,2.0,QA,6.0,1.0,7.0
6550,Task,iOS development task 1,1,6548.0,REL_X+7,Medium,Blocked,1293.0,2.0,iOS,6.0,1.0,7.0
6551,Task,Android UI implementation,3,6548.0,REL_X+7,Medium,To Do,1293.0,2.0,Android,15.0,0.0,15.0
6552,Task,Backend API development,1,6548.0,REL_X+7,Medium,Closed,1293.0,2.0,Backend,5.0,1.0,6.0
6553,Task,Android UI implementation,2,6548.0,REL_X+7,Medium,To Do,1293.0,2.0,Android,11.0,0.0,11.0
6554,User Story,Payment Confirmation,5,6547.0,REL_X+7,Medium,Blocked,,,,,,
6555,Task,Back end development task -2,1,6554.0,REL_X+7,Medium,Done,1558.0,4.0,Backend,4.0,0.0,4.0
6556,Task,iOS UI implementation,2,6554.0,REL_X+7,Medium,Blocked,1558.0,4.0,iOS,11.0,2.0,13.0
6557,Epic,Security,55,,REL_X+9,High,In Review,,,,,,
6558,Feature,User Registration,34,6557.0,REL_X+9,High,Done,,,,,,
6559,Business Story,Payment Validation,9,6558.0,REL_X+9,High,Closed,,,,,,
6560,User Story,Review transfer,5,6559.0,REL_X+9,High,In Review,,,,,,
6561,Task,QA iOS,3,6560.0,REL_X+9,High,To Do,793.0,7.0,QA,11.0,1.0,12.0
6562,User Story,Display Card Screen,5,6559.0,REL_X+9,High,Done,,,,,,
6563,Task,Android development task -1,3,6562.0,REL_X+9,High,To Do,1825.0,7.0,Android,15.0,0.0,15.0
6564,Task,iOS development task 1,1,6562.0,REL_X+9,High,In Review,1825.0,7.0,iOS,6.0,1.0,7.0
6565,Task,Android UI implementation,1,6562.0,REL_X+9,High,In Review,1825.0,7.0,Android,5.0,1.0,6.0
6566,Business Story,Add Card,13,6558.0,REL_X+9,High,Blocked,,,,,,
6567,User Story,Payment Confirmation,5,6566.0,REL_X+9,High,Blocked,,,,,,
6568,Task,Backend API development,2,6567.0,REL_X+9,High,Done,311.0,4.0,Backend,7.0,1.0,8.0
6569,Task,QA iOS,1,6567.0,REL_X+9,High,Done,311.0,4.0,QA,3.0,0.0,3.0
6570,Business Story,Sign Up,11,6558.0,REL_X+9,High,To Do,,,,,,
6571,User Story,Payment Confirmation,5,6570.0,REL_X+9,High,In Review,,,,,,
6572,Task,Back end development task -1,3,6571.0,REL_X+9,High,Closed,1519.0,3.0,Backend,15.0,1.0,16.0
6573,Task,iOS UI implementation,1,6571.0,REL_X+9,High,Done,1519.0,3.0,iOS,4.0,0.0,4.0
6574,Task,QA Testing,1,6571.0,REL_X+9,High,Blocked,1519.0,3.0,QA,6.0,1.0,7.0
6575,Task,Android UI implementation,2,6571.0,REL_X+9,High,Closed,1519.0,3.0,Android,9.0,0.0,9.0
6576,User Story,Transaction history,5,6570.0,REL_X+9,High,Done,,,,,,
6577,Task,Android development task -1,1,6576.0,REL_X+9,High,Done,1830.0,7.0,Android,6.0,1.0,7.0
6578,Task,QA iOS,3,6576.0,REL_X+9,High,Closed,1830.0,7.0,QA,16.0,0.0,16.0
6579,Task,Environment setup,1,6576.0,REL_X+9,High,In Review,1830.0,7.0,DevOps,6.0,0.0,6.0
6580,Task,iOS development task 1,1,6576.0,REL_X+9,High,In Progress,1830.0,7.0,iOS,6.0,0.0,6.0
6581,User Story,Verify Email,5,6570.0,REL_X+9,High,To Do,,,,,,
6582,Task,QA iOS,1,6581.0,REL_X+9,High,In Progress,834.0,1.0,QA,4.0,0.0,4.0
6583,Task,Back end development task -1,1,6581.0,REL_X+9,High,Done,834.0,1.0,Backend,4.0,0.0,4.0
6584,Task,Back end development task -1,1,6581.0,REL_X+9,High,Blocked,834.0,1.0,Backend,6.0,0.0,6.0
6585,Task,Back end development task -1,3,6581.0,REL_X+9,High,Closed,834.0,1.0,Backend,15.0,2.0,17.0
6586,Task,Back end development task -1,2,6581.0,REL_X+9,High,Done,834.0,1.0,Backend,6.0,1.0,7.0
6587,Feature,Authorization,34,6557.0,REL_X+9,High,In Review,,,,,,
6588,Business Story,View Cards,12,6587.0,REL_X+9,High,Blocked,,,,,,
6589,User Story,Verify Email,5,6588.0,REL_X+9,High,To Do,,,,,,
6590,Task,QA iOS,1,6589.0,REL_X+9,High,Blocked,280.0,3.0,QA,3.0,0.0,3.0
6591,Task,iOS development task 1,1,6589.0,REL_X+9,High,Done,280.0,3.0,iOS,5.0,1.0,6.0
6592,Task,QA Testing,2,6589.0,REL_X+9,High,To Do,280.0,3.0,QA,8.0,0.0,8.0
6593,Task,iOS development task 1,3,6589.0,REL_X+9,High,In Review,280.0,3.0,iOS,17.0,0.0,17.0
6594,Task,QA iOS,1,6589.0,REL_X+9,High,Done,280.0,3.0,QA,5.0,0.0,5.0
6595,User Story,Send email,7,6588.0,REL_X+9,High,In Review,,,,,,
6596,Task,iOS UI implementation,2,6595.0,REL_X+9,High,In Review,508.0,4.0,iOS,8.0,0.0,8.0
6597,Task,QA iOS,3,6595.0,REL_X+9,High,Done,508.0,4.0,QA,16.0,3.0,19.0
6598,Task,Android UI implementation,2,6595.0,REL_X+9,High,To Do,508.0,4.0,Android,6.0,0.0,6.0
6599,Task,Back end development task -1,2,6595.0,REL_X+9,High,To Do,508.0,4.0,Backend,7.0,0.0,7.0
6600,User Story,Make a transfer,5,6588.0,REL_X+9,High,To Do,,,,,,
6601,Task,Environment setup,2,6600.0,REL_X+9,High,Done,985.0,6.0,DevOps,11.0,1.0,12.0
6602,Business Story,Email Verification,10,6587.0,REL_X+9,High,Blocked,,,,,,
6603,User Story,Review transfer,5,6602.0,REL_X+9,High,Blocked,,,,,,
6604,Task,QA Testing,1,6603.0,REL_X+9,High,Closed,1159.0,5.0,QA,6.0,0.0,6.0
6605,Task,Environment setup,1,6603.0,REL_X+9,High,Done,1159.0,5.0,DevOps,4.0,0.0,4.0
6606,Task,QA Android,2,6603.0,REL_X+9,High,Blocked,1159.0,5.0,QA,7.0,0.0,7.0
6607,Task,Backend API development,1,6603.0,REL_X+9,High,To Do,1159.0,5.0,Backend,3.0,0.0,3.0
6608,Task,Back end development task -1,1,6603.0,REL_X+9,High,Blocked,1159.0,5.0,Backend,4.0,0.0,4.0
6609,User Story,Make a transfer,3,6602.0,REL_X+9,High,In Review,,,,,,
6610,Task,QA iOS,2,6609.0,REL_X+9,High,Closed,161.0,7.0,QA,8.0,1.0,9.0
6611,Epic,Accounts,55,,REL_X+4,Low,In Progress,,,,,,
6612,Feature,Transaction History,34,6611.0,REL_X+4,Low,In Review,,,,,,
6613,Business Story,Email Verification,10,6612.0,REL_X+4,Low,Blocked,,,,,,
6614,User Story,Payment Confirmation,5,6613.0,REL_X+4,Low,Closed,,,,,,
6615,Task,Back end development task -2,3,6614.0,REL_X+4,Low,Blocked,1772.0,5.0,Backend,13.0,1.0,14.0
6616,User Story,Payment Form,4,6613.0,REL_X+4,Low,Blocked,,,,,,
6617,Task,iOS development task 1,1,6616.0,REL_X+4,Low,In Review,655.0,2.0,iOS,6.0,1.0,7.0
6618,Business Story,Sign Up,11,6612.0,REL_X+4,Low,In Review,,,,,,
6619,User Story,Display Card Menu,5,6618.0,REL_X+4,Low,Closed,,,,,,
6620,Task,QA Testing,2,6619.0,REL_X+4,Low,In Review,816.0,8.0,QA,12.0,1.0,13.0
6621,Business Story,Remove Card,13,6612.0,REL_X+4,Low,Closed,,,,,,
6622,User Story,Review transfer,5,6621.0,REL_X+4,Low,In Review,,,,,,
6623,Task,Android development task -1,3,6622.0,REL_X+4,Low,Blocked,1040.0,8.0,Android,17.0,1.0,18.0
6624,Task,Back end development task -1,1,6622.0,REL_X+4,Low,In Review,1040.0,8.0,Backend,3.0,0.0,3.0
6625,Task,Android UI implementation,3,6622.0,REL_X+4,Low,In Progress,1040.0,8.0,Android,11.0,0.0,11.0
6626,Task,Backend API development,1,6622.0,REL_X+4,Low,Done,1040.0,8.0,Backend,5.0,1.0,6.0
6627,User Story,Error Handling,6,6621.0,REL_X+4,Low,Done,,,,,,
6628,Task,Back end development task -1,1,6627.0,REL_X+4,Low,Done,1299.0,2.0,Backend,3.0,0.0,3.0
6629,Task,iOS UI implementation,1,6627.0,REL_X+4,Low,To Do,1299.0,2.0,iOS,6.0,0.0,6.0
6630,Task,Android development task -1,1,6627.0,REL_X+4,Low,To Do,1299.0,2.0,Android,4.0,0.0,4.0
6631,Task,Android development task -1,2,6627.0,REL_X+4,Low,In Progress,1299.0,2.0,Android,11.0,1.0,12.0
6632,User Story,Display Card Menu,5,6621.0,REL_X+4,Low,Closed,,,,,,
6633,Task,Android UI implementation,3,6632.0,REL_X+4,Low,Closed,306.0,4.0,Android,13.0,2.0,15.0
6634,Task,QA Android,2,6632.0,REL_X+4,Low,Done,306.0,4.0,QA,10.0,1.0,11.0
6635,Task,QA iOS,2,6632.0,REL_X+4,Low,Done,306.0,4.0,QA,6.0,1.0,7.0
6636,Task,QA Android,3,6632.0,REL_X+4,Low,Blocked,306.0,4.0,QA,10.0,0.0,10.0
6637,Task,QA Android,3,6632.0,REL_X+4,Low,In Review,306.0,4.0,QA,16.0,0.0,16.0
6638,Feature,User Registration,34,6611.0,REL_X+4,Low,Done,,,,,,
6639,Business Story,Add Card,13,6638.0,REL_X+4,Low,In Review,,,,,,
6640,User Story,Transaction history,8,6639.0,REL_X+4,Low,In Review,,,,,,
6641,Task,Android UI implementation,3,6640.0,REL_X+4,Low,In Progress,376.0,7.0,Android,18.0,3.0,21.0
6642,Task,Backend API development,1,6640.0,REL_X+4,Low,Closed,376.0,7.0,Backend,3.0,0.0,3.0
6643,Task,Environment setup,1,6640.0,REL_X+4,Low,In Progress,376.0,7.0,DevOps,6.0,1.0,7.0
6644,User Story,Display Card Screen,6,6639.0,REL_X+4,Low,Closed,,,,,,
6645,Task,QA Testing,1,6644.0,REL_X+4,Low,In Progress,890.0,3.0,QA,5.0,1.0,6.0
6646,Task,Android development task -1,1,6644.0,REL_X+4,Low,Done,890.0,3.0,Android,5.0,1.0,6.0
6647,Task,Android UI implementation,2,6644.0,REL_X+4,Low,In Review,890.0,3.0,Android,7.0,1.0,8.0
6648,Task,QA Testing,1,6644.0,REL_X+4,Low,In Progress,890.0,3.0,QA,6.0,1.0,7.0
6649,Business Story,Process Payment,9,6638.0,REL_X+4,Low,Done,,,,,,
6650,User Story,Display Card Menu,6,6649.0,REL_X+4,Low,In Progress,,,,,,
6651,Task,Back end development task -1,2,6650.0,REL_X+4,Low,Blocked,554.0,6.0,Backend,7.0,1.0,8.0
6652,Task,iOS UI implementation,3,6650.0,REL_X+4,Low,Done,554.0,6.0,iOS,9.0,0.0,9.0
6653,Task,Android development task -1,1,6650.0,REL_X+4,Low,Closed,554.0,6.0,Android,3.0,0.0,3.0
6654,Task,QA Android,1,6650.0,REL_X+4,Low,In Progress,554.0,6.0,QA,6.0,1.0,7.0
6655,Task,Android development task -1,3,6650.0,REL_X+4,Low,Closed,554.0,6.0,Android,15.0,3.0,18.0
6656,User Story,Make a transfer,6,6649.0,REL_X+4,Low,Closed,,,,,,
6657,Task,Android development task -1,1,6656.0,REL_X+4,Low,In Progress,1707.0,2.0,Android,4.0,0.0,4.0
6658,Task,iOS UI implementation,2,6656.0,REL_X+4,Low,Done,1707.0,2.0,iOS,7.0,0.0,7.0
6659,User Story,Error Handling,6,6649.0,REL_X+4,Low,Closed,,,,,,
6660,Task,iOS development task 1,2,6659.0,REL_X+4,Low,In Progress,550.0,6.0,iOS,7.0,1.0,8.0
6661,Feature,Account Settings,21,6611.0,REL_X+4,Low,To Do,,,,,,
6662,Business Story,Process Payment,9,6661.0,REL_X+4,Low,In Progress,,,,,,
6663,User Story,Transaction history,5,6662.0,REL_X+4,Low,In Review,,,,,,
6664,Task,Back end development task -1,3,6663.0,REL_X+4,Low,In Review,863.0,2.0,Backend,10.0,2.0,12.0
6665,Task,Android development task -1,3,6663.0,REL_X+4,Low,In Review,863.0,2.0,Android,12.0,0.0,12.0
6666,Task,iOS development task 1,1,6663.0,REL_X+4,Low,In Progress,863.0,2.0,iOS,5.0,0.0,5.0
6667,Task,Back end development task -1,3,6663.0,REL_X+4,Low,Blocked,863.0,2.0,Backend,14.0,2.0,16.0
6668,Task,iOS UI implementation,3,6663.0,REL_X+4,Low,To Do,863.0,2.0,iOS,16.0,3.0,19.0
6669,User Story,Display Card Screen,8,6662.0,REL_X+4,Low,In Progress,,,,,,
6670,Task,Back end development task -1,2,6669.0,REL_X+4,Low,In Progress,1768.0,4.0,Backend,7.0,1.0,8.0
6671,Task,Android development task -1,1,6669.0,REL_X+4,Low,In Review,1768.0,4.0,Android,4.0,0.0,4.0
6672,Task,Back end development task -1,1,6669.0,REL_X+4,Low,Done,1768.0,4.0,Backend,4.0,0.0,4.0
6673,Task,Back end development task -1,2,6669.0,REL_X+4,Low,To Do,1768.0,4.0,Backend,11.0,2.0,13.0
6674,Task,iOS UI implementation,1,6669.0,REL_X+4,Low,To Do,1768.0,4.0,iOS,6.0,1.0,7.0
6675,Business Story,Update Card,13,6661.0,REL_X+4,Low,Closed,,,,,,
6676,User Story,Transaction history,5,6675.0,REL_X+4,Low,Blocked,,,,,,
6677,Task,QA iOS,1,6676.0,REL_X+4,Low,In Progress,511.0,4.0,QA,3.0,0.0,3.0
6678,Task,Back end development task -1,1,6676.0,REL_X+4,Low,Closed,511.0,4.0,Backend,6.0,0.0,6.0
6679,Task,Back end development task -2,2,6676.0,REL_X+4,Low,In Review,511.0,4.0,Backend,9.0,1.0,10.0
6680,User Story,Make a transfer,8,6675.0,REL_X+4,Low,In Progress,,,,,,
6681,Task,Android development task -1,3,6680.0,REL_X+4,Low,Done,1274.0,1.0,Android,18.0,3.0,21.0
6682,Task,Back end development task -1,1,6680.0,REL_X+4,Low,Closed,1274.0,1.0,Backend,4.0,0.0,4.0
6683,Feature,Scheduled Reports,21,6611.0,REL_X+4,Low,In Review,,,,,,
6684,Business Story,Payment Validation,9,6683.0,REL_X+4,Low,Done,,,,,,
6685,User Story,Review transfer,4,6684.0,REL_X+4,Low,Done,,,,,,
6686,Task,Back end development task -1,1,6685.0,REL_X+4,Low,In Review,202.0,8.0,Backend,6.0,0.0,6.0
6687,Task,QA iOS,1,6685.0,REL_X+4,Low,In Progress,202.0,8.0,QA,4.0,0.0,4.0
6688,User Story,Send email,8,6684.0,REL_X+4,Low,Blocked,,,,,,
6689,Task,QA iOS,1,6688.0,REL_X+4,Low,To Do,636.0,1.0,QA,6.0,1.0,7.0
6690,User Story,Payment Form,5,6684.0,REL_X+4,Low,Done,,,,,,
6691,Task,Android UI implementation,1,6690.0,REL_X+4,Low,In Review,767.0,6.0,Android,4.0,0.0,4.0
6692,Task,Back end development task -2,1,6690.0,REL_X+4,Low,To Do,767.0,6.0,Backend,3.0,0.0,3.0
6693,Business Story,Process Payment,9,6683.0,REL_X+4,Low,In Progress,,,,,,
6694,User Story,Make a transfer,5,6693.0,REL_X+4,Low,To Do,,,,,,
6695,Task,QA Android,3,6694.0,REL_X+4,Low,Blocked,999.0,7.0,QA,14.0,2.0,16.0
6696,Epic,Accounts,55,,REL_X+6,Low,In Review,,,,,,
6697,Feature,Payment Gateway,34,6696.0,REL_X+6,Low,In Review,,,,,,
6698,Business Story,Sign Up,11,6697.0,REL_X+6,Low,Done,,,,,,
6699,User Story,Make a transfer,7,6698.0,REL_X+6,Low,In Progress,,,,,,
6700,Task,Back end development task -2,3,6699.0,REL_X+6,Low,Done,657.0,2.0,Backend,17.0,0.0,17.0
6701,Task,Environment setup,3,6699.0,REL_X+6,Low,In Review,657.0,2.0,DevOps,14.0,0.0,14.0
6702,User Story,Send email,6,6698.0,REL_X+6,Low,In Progress,,,,,,
6703,Task,iOS development task 1,3,6702.0,REL_X+6,Low,Closed,1494.0,2.0,iOS,10.0,2.0,12.0
6704,Task,QA Testing,1,6702.0,REL_X+6,Low,In Review,1494.0,2.0,QA,6.0,1.0,7.0
6705,Task,QA Testing,3,6702.0,REL_X+6,Low,In Progress,1494.0,2.0,QA,15.0,3.0,18.0
6706,User Story,Payment Confirmation,4,6698.0,REL_X+6,Low,Done,,,,,,
6707,Task,iOS development task 1,1,6706.0,REL_X+6,Low,To Do,1294.0,2.0,iOS,3.0,0.0,3.0
6708,Task,iOS UI implementation,1,6706.0,REL_X+6,Low,Closed,1294.0,2.0,iOS,3.0,0.0,3.0
6709,Business Story,Remove Card,13,6697.0,REL_X+6,Low,Blocked,,,,,,
6710,User Story,Send email,4,6709.0,REL_X+6,Low,To Do,,,,,,
6711,Task,Environment setup,1,6710.0,REL_X+6,Low,To Do,939.0,5.0,DevOps,5.0,0.0,5.0
6712,Task,QA iOS,2,6710.0,REL_X+6,Low,Done,939.0,5.0,QA,11.0,1.0,12.0
6713,Task,QA Android,2,6710.0,REL_X+6,Low,Blocked,939.0,5.0,QA,9.0,1.0,10.0
6714,Task,Environment setup,1,6710.0,REL_X+6,Low,To Do,939.0,5.0,DevOps,4.0,0.0,4.0
6715,Business Story,Payment Validation,9,6697.0,REL_X+6,Low,Done,,,,,,
6716,User Story,Error Handling,3,6715.0,REL_X+6,Low,To Do,,,,,,
6717,Task,iOS UI implementation,2,6716.0,REL_X+6,Low,Closed,162.0,7.0,iOS,12.0,0.0,12.0
6718,Task,QA Android,2,6716.0,REL_X+6,Low,Done,162.0,7.0,QA,9.0,0.0,9.0
6719,Task,QA Android,1,6716.0,REL_X+6,Low,Blocked,162.0,7.0,QA,6.0,0.0,6.0
6720,Feature,Authorization,34,6696.0,REL_X+6,Low,In Progress,,,,,,
6721,Business Story,Password Reset,10,6720.0,REL_X+6,Low,Blocked,,,,,,
6722,User Story,Payment Confirmation,5,6721.0,REL_X+6,Low,Closed,,,,,,
6723,Task,Back end development task -2,3,6722.0,REL_X+6,Low,In Review,724.0,4.0,Backend,9.0,1.0,10.0
6724,Task,Backend API development,2,6722.0,REL_X+6,Low,Blocked,724.0,4.0,Backend,10.0,0.0,10.0
6725,Task,QA Testing,1,6722.0,REL_X+6,Low,Blocked,724.0,4.0,QA,3.0,0.0,3.0
6726,Task,Android development task -1,2,6722.0,REL_X+6,Low,Closed,724.0,4.0,Android,7.0,0.0,7.0
6727,User Story,Send email,5,6721.0,REL_X+6,Low,Done,,,,,,
6728,Task,Android UI implementation,1,6727.0,REL_X+6,Low,In Progress,230.0,1.0,Android,4.0,0.0,4.0
6729,Task,QA Android,1,6727.0,REL_X+6,Low,Done,230.0,1.0,QA,3.0,0.0,3.0
6730,Task,Back end development task -1,2,6727.0,REL_X+6,Low,Done,230.0,1.0,Backend,11.0,0.0,11.0
6731,User Story,Display Card Screen,5,6721.0,REL_X+6,Low,Blocked,,,,,,
6732,Task,QA Android,1,6731.0,REL_X+6,Low,In Review,1237.0,8.0,QA,5.0,1.0,6.0
6733,Task,QA Android,1,6731.0,REL_X+6,Low,Blocked,1237.0,8.0,QA,3.0,0.0,3.0
6734,Task,QA Testing,1,6731.0,REL_X+6,Low,Blocked,1237.0,8.0,QA,3.0,0.0,3.0
6735,Task,iOS UI implementation,1,6731.0,REL_X+6,Low,Blocked,1237.0,8.0,iOS,3.0,0.0,3.0
6736,Business Story,Payment Validation,9,6720.0,REL_X+6,Low,To Do,,,,,,
6737,User Story,Verify Email,5,6736.0,REL_X+6,Low,Blocked,,,,,,
6738,Task,QA Android,3,6737.0,REL_X+6,Low,In Progress,94.0,4.0,QA,12.0,1.0,13.0
6739,Task,Environment setup,2,6737.0,REL_X+6,Low,Blocked,94.0,4.0,DevOps,11.0,2.0,13.0
6740,Task,QA Android,2,6737.0,REL_X+6,Low,Closed,94.0,4.0,QA,7.0,0.0,7.0
6741,Epic,Accounts,55,,REL_X+4,High,Done,,,,,,
6742,Feature,Custom Reports,34,6741.0,REL_X+4,High,In Progress,,,,,,
6743,Business Story,Process Payment,9,6742.0,REL_X+4,High,To Do,,,,,,
6744,User Story,Review transfer,5,6743.0,REL_X+4,High,Done,,,,,,
6745,Task,QA iOS,3,6744.0,REL_X+4,High,In Review,986.0,6.0,QA,10.0,1.0,11.0
6746,User Story,Display Card Screen,5,6743.0,REL_X+4,High,Closed,,,,,,
6747,Task,iOS development task 1,1,6746.0,REL_X+4,High,In Review,315.0,5.0,iOS,3.0,0.0,3.0
6748,User Story,Verify Email,8,6743.0,REL_X+4,High,In Review,,,,,,
6749,Task,Back end development task -1,2,6748.0,REL_X+4,High,Done,691.0,3.0,Backend,8.0,1.0,9.0
6750,Task,Back end development task -2,2,6748.0,REL_X+4,High,To Do,691.0,3.0,Backend,11.0,2.0,13.0
6751,Task,QA Android,2,6748.0,REL_X+4,High,Closed,691.0,3.0,QA,9.0,1.0,10.0
6752,Business Story,Payment Callback,9,6742.0,REL_X+4,High,Blocked,,,,,,
6753,User Story,Payment Confirmation,5,6752.0,REL_X+4,High,In Progress,,,,,,
6754,Task,iOS development task 1,1,6753.0,REL_X+4,High,In Review,635.0,1.0,iOS,3.0,0.0,3.0
6755,Task,Back end development task -1,2,6753.0,REL_X+4,High,To Do,635.0,1.0,Backend,12.0,2.0,14.0
6756,Task,Back end development task -1,1,6753.0,REL_X+4,High,In Progress,635.0,1.0,Backend,3.0,0.0,3.0
6757,Task,QA iOS,1,6753.0,REL_X+4,High,To Do,635.0,1.0,QA,5.0,0.0,5.0
6758,Business Story,View Cards,12,6742.0,REL_X+4,High,Blocked,,,,,,
6759,User Story,Transaction history,8,6758.0,REL_X+4,High,Done,,,,,,
6760,Task,QA iOS,3,6759.0,REL_X+4,High,In Progress,1319.0,3.0,QA,15.0,3.0,18.0
6761,Task,QA Testing,2,6759.0,REL_X+4,High,Done,1319.0,3.0,QA,8.0,0.0,8.0
6762,Task,Backend API development,1,6759.0,REL_X+4,High,Blocked,1319.0,3.0,Backend,5.0,0.0,5.0
6763,Task,QA iOS,2,6759.0,REL_X+4,High,In Progress,1319.0,3.0,QA,6.0,0.0,6.0
6764,User Story,Display Card Screen,4,6758.0,REL_X+4,High,To Do,,,,,,
6765,Task,Android development task -1,1,6764.0,REL_X+4,High,Blocked,266.0,3.0,Android,6.0,1.0,7.0
6766,Task,iOS development task 1,1,6764.0,REL_X+4,High,Done,266.0,3.0,iOS,3.0,0.0,3.0
6767,User Story,Payment Form,5,6758.0,REL_X+4,High,To Do,,,,,,
6768,Task,iOS development task 1,3,6767.0,REL_X+4,High,To Do,1692.0,2.0,iOS,11.0,2.0,13.0
6769,Task,QA iOS,1,6767.0,REL_X+4,High,To Do,1692.0,2.0,QA,6.0,1.0,7.0
6770,Task,iOS development task 1,3,6767.0,REL_X+4,High,In Progress,1692.0,2.0,iOS,12.0,2.0,14.0
6771,Feature,Audit Logs,21,6741.0,REL_X+4,High,Blocked,,,,,,
6772,Business Story,Sign Up,11,6771.0,REL_X+4,High,Done,,,,,,
6773,User Story,Verify Email,3,6772.0,REL_X+4,High,In Progress,,,,,,
6774,Task,QA iOS,3,6773.0,REL_X+4,High,In Review,971.0,6.0,QA,13.0,1.0,14.0
6775,Task,Android development task -1,1,6773.0,REL_X+4,High,Closed,971.0,6.0,Android,4.0,0.0,4.0
6776,Task,Android development task -1,1,6773.0,REL_X+4,High,Closed,971.0,6.0,Android,6.0,0.0,6.0
6777,Task,Environment setup,1,6773.0,REL_X+4,High,Blocked,971.0,6.0,DevOps,6.0,0.0,6.0
6778,User Story,Review transfer,3,6772.0,REL_X+4,High,In Review,,,,,,
6779,Task,Environment setup,3,6778.0,REL_X+4,High,To Do,86.0,4.0,DevOps,10.0,2.0,12.0
6780,Task,Android development task -1,1,6778.0,REL_X+4,High,In Review,86.0,4.0,Android,6.0,0.0,6.0
6781,User Story,Error Handling,6,6772.0,REL_X+4,High,Done,,,,,,
6782,Task,iOS UI implementation,1,6781.0,REL_X+4,High,In Review,1562.0,5.0,iOS,3.0,0.0,3.0
6783,Task,Android UI implementation,3,6781.0,REL_X+4,High,Done,1562.0,5.0,Android,10.0,2.0,12.0
6784,Business Story,Process Payment,9,6771.0,REL_X+4,High,Closed,,,,,,
6785,User Story,Display Card Screen,7,6784.0,REL_X+4,High,Done,,,,,,
6786,Task,Backend API development,3,6785.0,REL_X+4,High,In Review,257.0,2.0,Backend,18.0,1.0,19.0
6787,Task,QA Testing,1,6785.0,REL_X+4,High,To Do,257.0,2.0,QA,4.0,0.0,4.0
6788,Task,Back end development task -2,1,6785.0,REL_X+4,High,To Do,257.0,2.0,Backend,3.0,0.0,3.0
6789,Business Story,Add Card,13,6771.0,REL_X+4,High,In Progress,,,,,,
6790,User Story,Payment Confirmation,4,6789.0,REL_X+4,High,Done,,,,,,
6791,Task,Android development task -1,1,6790.0,REL_X+4,High,Closed,1298.0,2.0,Android,5.0,0.0,5.0
6792,Feature,Refunds,34,6741.0,REL_X+4,High,Closed,,,,,,
6793,Business Story,Update Card,13,6792.0,REL_X+4,High,Closed,,,,,,
6794,User Story,Payment Form,7,6793.0,REL_X+4,High,Closed,,,,,,
6795,Task,Android development task -1,1,6794.0,REL_X+4,High,To Do,5.0,1.0,Android,5.0,1.0,6.0
6796,Task,iOS development task 1,2,6794.0,REL_X+4,High,Blocked,5.0,1.0,iOS,12.0,1.0,13.0
6797,Task,iOS development task 1,1,6794.0,REL_X+4,High,To Do,5.0,1.0,iOS,6.0,0.0,6.0
6798,Business Story,Email Verification,10,6792.0,REL_X+4,High,To Do,,,,,,
6799,User Story,Display Card Screen,5,6798.0,REL_X+4,High,In Review,,,,,,
6800,Task,iOS development task 1,1,6799.0,REL_X+4,High,Blocked,1563.0,5.0,iOS,4.0,0.0,4.0
6801,Task,QA iOS,2,6799.0,REL_X+4,High,To Do,1563.0,5.0,QA,9.0,1.0,10.0
6802,Task,Android UI implementation,2,6799.0,REL_X+4,High,In Progress,1563.0,5.0,Android,6.0,0.0,6.0
6803,Task,Android UI implementation,1,6799.0,REL_X+4,High,Done,1563.0,5.0,Android,6.0,0.0,6.0
6804,Epic,Payments,55,,REL_X+5,Low,Closed,,,,,,
6805,Feature,Dashboard,34,6804.0,REL_X+5,Low,To Do,,,,,,
6806,Business Story,Password Reset,10,6805.0,REL_X+5,Low,To Do,,,,,,
6807,User Story,Verify Email,3,6806.0,REL_X+5,Low,In Progress,,,,,,
6808,Task,QA Android,1,6807.0,REL_X+5,Low,In Review,874.0,2.0,QA,3.0,0.0,3.0
6809,Task,QA Testing,3,6807.0,REL_X+5,Low,To Do,874.0,2.0,QA,15.0,1.0,16.0
6810,Task,Back end development task -2,1,6807.0,REL_X+5,Low,In Review,874.0,2.0,Backend,6.0,1.0,7.0
6811,Task,iOS UI implementation,2,6807.0,REL_X+5,Low,In Progress,874.0,2.0,iOS,7.0,1.0,8.0
6812,Business Story,Sign Up,11,6805.0,REL_X+5,Low,Blocked,,,,,,
6813,User Story,Verify Email,8,6812.0,REL_X+5,Low,To Do,,,,,,
6814,Task,Android UI implementation,1,6813.0,REL_X+5,Low,Done,126.0,5.0,Android,6.0,1.0,7.0
6815,Task,Android development task -1,3,6813.0,REL_X+5,Low,Done,126.0,5.0,Android,15.0,2.0,17.0
6816,Task,iOS development task 1,2,6813.0,REL_X+5,Low,Closed,126.0,5.0,iOS,9.0,0.0,9.0
6817,Feature,Authorization,34,6804.0,REL_X+5,Low,In Progress,,,,,,
6818,Business Story,Remove Card,13,6817.0,REL_X+5,Low,Blocked,,,,,,
6819,User Story,Display Card Menu,5,6818.0,REL_X+5,Low,In Progress,,,,,,
6820,Task,QA iOS,2,6819.0,REL_X+5,Low,In Progress,1340.0,4.0,QA,8.0,0.0,8.0
6821,Task,Back end development task -2,1,6819.0,REL_X+5,Low,To Do,1340.0,4.0,Backend,3.0,0.0,3.0
6822,Task,Android UI implementation,1,6819.0,REL_X+5,Low,To Do,1340.0,4.0,Android,6.0,0.0,6.0
6823,Task,iOS development task 1,2,6819.0,REL_X+5,Low,In Review,1340.0,4.0,iOS,7.0,0.0,7.0
6824,User Story,Display Card Screen,5,6818.0,REL_X+5,Low,To Do,,,,,,
6825,Task,QA iOS,3,6824.0,REL_X+5,Low,In Review,1660.0,8.0,QA,15.0,3.0,18.0
6826,Task,Back end development task -1,1,6824.0,REL_X+5,Low,Closed,1660.0,8.0,Backend,5.0,1.0,6.0
6827,Task,QA iOS,1,6824.0,REL_X+5,Low,Done,1660.0,8.0,QA,4.0,0.0,4.0
6828,Business Story,Add Card,13,6817.0,REL_X+5,Low,To Do,,,,,,
6829,User Story,Display Card Menu,6,6828.0,REL_X+5,Low,In Review,,,,,,
6830,Task,Back end development task -2,1,6829.0,REL_X+5,Low,Closed,500.0,4.0,Backend,4.0,0.0,4.0
6831,User Story,Review transfer,5,6828.0,REL_X+5,Low,In Review,,,,,,
6832,Task,iOS development task 1,3,6831.0,REL_X+5,Low,Closed,440.0,1.0,iOS,18.0,3.0,21.0
6833,Task,Android UI implementation,1,6831.0,REL_X+5,Low,Done,440.0,1.0,Android,6.0,0.0,6.0
6834,Task,Android development task -1,2,6831.0,REL_X+5,Low,In Review,440.0,1.0,Android,11.0,0.0,11.0
6835,Task,QA Testing,2,6831.0,REL_X+5,Low,Closed,440.0,1.0,QA,7.0,0.0,7.0
6836,Business Story,Payment Validation,9,6817.0,REL_X+5,Low,Done,,,,,,
6837,User Story,Payment Confirmation,7,6836.0,REL_X+5,Low,Closed,,,,,,
6838,Task,Android development task -1,3,6837.0,REL_X+5,Low,Closed,499.0,4.0,Android,15.0,3.0,18.0
6839,Task,Environment setup,1,6837.0,REL_X+5,Low,In Review,499.0,4.0,DevOps,3.0,0.0,3.0
6840,Task,QA Android,2,6837.0,REL_X+5,Low,Done,499.0,4.0,QA,12.0,1.0,13.0
6841,Task,Backend API development,1,6837.0,REL_X+5,Low,To Do,499.0,4.0,Backend,3.0,0.0,3.0
6842,Task,QA Android,1,6837.0,REL_X+5,Low,In Progress,499.0,4.0,QA,3.0,0.0,3.0
6843,User Story,Verify Email,7,6836.0,REL_X+5,Low,Blocked,,,,,,
6844,Task,iOS development task 1,3,6843.0,REL_X+5,Low,In Progress,1245.0,8.0,iOS,10.0,1.0,11.0
6845,Task,QA iOS,1,6843.0,REL_X+5,Low,In Review,1245.0,8.0,QA,4.0,0.0,4.0
6846,Epic,Reporting,55,,REL_X+6,Critical,In Progress,,,,,,
6847,Feature,Push Notifications,21,6846.0,REL_X+6,Critical,In Review,,,,,,
6848,Business Story,Email Verification,10,6847.0,REL_X+6,Critical,In Progress,,,,,,
6849,User Story,Review transfer,5,6848.0,REL_X+6,Critical,To Do,,,,,,
6850,Task,Backend API development,1,6849.0,REL_X+6,Critical,In Review,1484.0,2.0,Backend,4.0,0.0,4.0
6851,Task,Android development task -1,2,6849.0,REL_X+6,Critical,To Do,1484.0,2.0,Android,12.0,2.0,14.0
6852,Task,QA iOS,1,6849.0,REL_X+6,Critical,To Do,1484.0,2.0,QA,4.0,0.0,4.0
6853,Task,Back end development task -1,1,6849.0,REL_X+6,Critical,Closed,1484.0,2.0,Backend,3.0,0.0,3.0
6854,Task,Back end development task -2,1,6849.0,REL_X+6,Critical,To Do,1484.0,2.0,Backend,5.0,1.0,6.0
6855,User Story,Transaction history,5,6848.0,REL_X+6,Critical,Done,,,,,,
6856,Task,iOS development task 1,2,6855.0,REL_X+6,Critical,Done,942.0,5.0,iOS,12.0,2.0,14.0
6857,Task,Environment setup,1,6855.0,REL_X+6,Critical,To Do,942.0,5.0,DevOps,3.0,0.0,3.0
6858,User Story,Make a transfer,3,6848.0,REL_X+6,Critical,Closed,,,,,,
6859,Task,Android development task -1,2,6858.0,REL_X+6,Critical,Closed,1139.0,4.0,Android,7.0,1.0,8.0
6860,Task,Backend API development,3,6858.0,REL_X+6,Critical,Closed,1139.0,4.0,Backend,18.0,0.0,18.0
6861,Task,Backend API development,1,6858.0,REL_X+6,Critical,To Do,1139.0,4.0,Backend,4.0,0.0,4.0
6862,Task,Back end development task -2,1,6858.0,REL_X+6,Critical,Blocked,1139.0,4.0,Backend,5.0,0.0,5.0
6863,Task,Android UI implementation,3,6858.0,REL_X+6,Critical,Blocked,1139.0,4.0,Android,12.0,2.0,14.0
6864,Business Story,Process Payment,9,6847.0,REL_X+6,Critical,In Review,,,,,,
6865,User Story,Verify Email,5,6864.0,REL_X+6,Critical,In Progress,,,,,,
6866,Task,Android development task -1,3,6865.0,REL_X+6,Critical,In Progress,148.0,6.0,Android,9.0,1.0,10.0
6867,Task,Environment setup,2,6865.0,REL_X+6,Critical,To Do,148.0,6.0,DevOps,9.0,1.0,10.0
6868,Task,QA Testing,1,6865.0,REL_X+6,Critical,In Progress,148.0,6.0,QA,4.0,0.0,4.0
6869,Task,QA Android,1,6865.0,REL_X+6,Critical,Done,148.0,6.0,QA,3.0,0.0,3.0
6870,Task,Back end development task -1,1,6865.0,REL_X+6,Critical,Closed,148.0,6.0,Backend,4.0,0.0,4.0
6871,User Story,Display Card Screen,5,6864.0,REL_X+6,Critical,To Do,,,,,,
6872,Task,iOS UI implementation,1,6871.0,REL_X+6,Critical,In Progress,848.0,1.0,iOS,4.0,0.0,4.0
6873,Task,Environment setup,2,6871.0,REL_X+6,Critical,Closed,848.0,1.0,DevOps,11.0,0.0,11.0
6874,Task,QA iOS,3,6871.0,REL_X+6,Critical,In Progress,848.0,1.0,QA,11.0,2.0,13.0
6875,Task,Backend API development,3,6871.0,REL_X+6,Critical,Blocked,848.0,1.0,Backend,10.0,0.0,10.0
6876,Business Story,Add Card,13,6847.0,REL_X+6,Critical,Done,,,,,,
6877,User Story,Payment Form,5,6876.0,REL_X+6,Critical,Done,,,,,,
6878,Task,QA iOS,3,6877.0,REL_X+6,Critical,In Review,1733.0,3.0,QA,11.0,0.0,11.0
6879,Task,QA iOS,3,6877.0,REL_X+6,Critical,In Review,1733.0,3.0,QA,15.0,2.0,17.0
6880,Task,Android development task -1,2,6877.0,REL_X+6,Critical,Closed,1733.0,3.0,Android,8.0,0.0,8.0
6881,Task,iOS UI implementation,2,6877.0,REL_X+6,Critical,Blocked,1733.0,3.0,iOS,11.0,2.0,13.0
6882,Task,iOS development task 1,3,6877.0,REL_X+6,Critical,In Review,1733.0,3.0,iOS,10.0,0.0,10.0
6883,Feature,Data Export,21,6846.0,REL_X+6,Critical,In Progress,,,,,,
6884,Business Story,Add Card,13,6883.0,REL_X+6,Critical,In Review,,,,,,
6885,User Story,Error Handling,6,6884.0,REL_X+6,Critical,To Do,,,,,,
6886,Task,QA Testing,1,6885.0,REL_X+6,Critical,Closed,657.0,2.0,QA,5.0,1.0,6.0
6887,Task,QA Android,2,6885.0,REL_X+6,Critical,To Do,657.0,2.0,QA,11.0,2.0,13.0
6888,Task,Backend API development,2,6885.0,REL_X+6,Critical,Done,657.0,2.0,Backend,7.0,1.0,8.0
6889,Task,QA Testing,3,6885.0,REL_X+6,Critical,In Review,657.0,2.0,QA,9.0,0.0,9.0
6890,Task,iOS development task 1,2,6885.0,REL_X+6,Critical,Blocked,657.0,2.0,iOS,6.0,1.0,7.0
6891,Business Story,Password Reset,10,6883.0,REL_X+6,Critical,In Progress,,,,,,
6892,User Story,Make a transfer,5,6891.0,REL_X+6,Critical,Closed,,,,,,
6893,Task,Back end development task -1,1,6892.0,REL_X+6,Critical,Done,813.0,8.0,Backend,4.0,0.0,4.0
6894,Task,Android development task -1,1,6892.0,REL_X+6,Critical,Done,813.0,8.0,Android,3.0,0.0,3.0
6895,Task,QA iOS,1,6892.0,REL_X+6,Critical,In Progress,813.0,8.0,QA,6.0,1.0,7.0
6896,Task,Android UI implementation,3,6892.0,REL_X+6,Critical,Done,813.0,8.0,Android,18.0,1.0,19.0
6897,User Story,Display Card Screen,7,6891.0,REL_X+6,Critical,Blocked,,,,,,
6898,Task,QA iOS,2,6897.0,REL_X+6,Critical,In Review,1747.0,4.0,QA,6.0,0.0,6.0
6899,Task,Android UI implementation,1,6897.0,REL_X+6,Critical,To Do,1747.0,4.0,Android,3.0,0.0,3.0
6900,Task,QA Testing,2,6897.0,REL_X+6,Critical,To Do,1747.0,4.0,QA,9.0,1.0,10.0
6901,Task,QA Android,2,6897.0,REL_X+6,Critical,In Review,1747.0,4.0,QA,9.0,0.0,9.0
6902,Task,Backend API development,3,6897.0,REL_X+6,Critical,To Do,1747.0,4.0,Backend,16.0,3.0,19.0
6903,Feature,User Registration,34,6846.0,REL_X+6,Critical,To Do,,,,,,
6904,Business Story,Email Verification,10,6903.0,REL_X+6,Critical,In Review,,,,,,
6905,User Story,Make a transfer,3,6904.0,REL_X+6,Critical,To Do,,,,,,
6906,Task,QA Android,1,6905.0,REL_X+6,Critical,Closed,1113.0,3.0,QA,4.0,0.0,4.0
6907,User Story,Review transfer,8,6904.0,REL_X+6,Critical,Closed,,,,,,
6908,Task,QA iOS,2,6907.0,REL_X+6,Critical,In Progress,300.0,4.0,QA,11.0,2.0,13.0
6909,Task,Android UI implementation,1,6907.0,REL_X+6,Critical,To Do,300.0,4.0,Android,4.0,0.0,4.0
6910,Task,QA Testing,2,6907.0,REL_X+6,Critical,In Progress,300.0,4.0,QA,10.0,2.0,12.0
6911,Task,Environment setup,1,6907.0,REL_X+6,Critical,Closed,300.0,4.0,DevOps,6.0,0.0,6.0
6912,Task,iOS UI implementation,3,6907.0,REL_X+6,Critical,In Review,300.0,4.0,iOS,13.0,2.0,15.0
6913,User Story,Payment Confirmation,4,6904.0,REL_X+6,Critical,To Do,,,,,,
6914,Task,Back end development task -1,1,6913.0,REL_X+6,Critical,Done,967.0,6.0,Backend,6.0,0.0,6.0
6915,Task,Android development task -1,1,6913.0,REL_X+6,Critical,Closed,967.0,6.0,Android,6.0,1.0,7.0
6916,Business Story,Payment Validation,9,6903.0,REL_X+6,Critical,To Do,,,,,,
6917,User Story,Make a transfer,5,6916.0,REL_X+6,Critical,Blocked,,,,,,
6918,Task,Backend API development,1,6917.0,REL_X+6,Critical,In Review,1561.0,5.0,Backend,4.0,0.0,4.0
6919,Task,QA iOS,1,6917.0,REL_X+6,Critical,In Review,1561.0,5.0,QA,3.0,0.0,3.0
6920,User Story,Payment Form,7,6916.0,REL_X+6,Critical,To Do,,,,,,
6921,Task,Android development task -1,2,6920.0,REL_X+6,Critical,Closed,1052.0,1.0,Android,12.0,1.0,13.0
6922,Feature,Cards,34,6846.0,REL_X+6,Critical,In Progress,,,,,,
6923,Business Story,Password Reset,10,6922.0,REL_X+6,Critical,In Progress,,,,,,
6924,User Story,Display Card Menu,5,6923.0,REL_X+6,Critical,Blocked,,,,,,
6925,Task,Back end development task -1,1,6924.0,REL_X+6,Critical,To Do,276.0,3.0,Backend,4.0,0.0,4.0
6926,Task,QA Android,2,6924.0,REL_X+6,Critical,Closed,276.0,3.0,QA,11.0,0.0,11.0
6927,User Story,Error Handling,5,6923.0,REL_X+6,Critical,Blocked,,,,,,
6928,Task,iOS development task 1,3,6927.0,REL_X+6,Critical,Done,678.0,3.0,iOS,18.0,1.0,19.0
6929,Task,Back end development task -1,3,6927.0,REL_X+6,Critical,Closed,678.0,3.0,Backend,10.0,1.0,11.0
6930,User Story,Review transfer,5,6923.0,REL_X+6,Critical,To Do,,,,,,
6931,Task,Backend API development,3,6930.0,REL_X+6,Critical,To Do,865.0,2.0,Backend,16.0,2.0,18.0
6932,Task,Back end development task -1,1,6930.0,REL_X+6,Critical,In Review,865.0,2.0,Backend,3.0,0.0,3.0
6933,Task,iOS development task 1,3,6930.0,REL_X+6,Critical,Blocked,865.0,2.0,iOS,10.0,0.0,10.0
6934,Task,iOS development task 1,1,6930.0,REL_X+6,Critical,To Do,865.0,2.0,iOS,5.0,1.0,6.0
6935,Business Story,Update Card,13,6922.0,REL_X+6,Critical,To Do,,,,,,
6936,User Story,Payment Confirmation,6,6935.0,REL_X+6,Critical,In Review,,,,,,
6937,Task,iOS development task 1,1,6936.0,REL_X+6,Critical,Blocked,1132.0,4.0,iOS,3.0,0.0,3.0
6938,User Story,Transaction history,5,6935.0,REL_X+6,Critical,Done,,,,,,
6939,Task,Back end development task -1,2,6938.0,REL_X+6,Critical,To Do,846.0,1.0,Backend,8.0,0.0,8.0
6940,Task,QA Android,1,6938.0,REL_X+6,Critical,Done,846.0,1.0,QA,3.0,0.0,3.0
6941,User Story,Error Handling,5,6935.0,REL_X+6,Critical,Closed,,,,,,
6942,Task,QA Android,1,6941.0,REL_X+6,Critical,In Review,852.0,1.0,QA,4.0,0.0,4.0
6943,Epic,Payments,55,,REL_X+5,Medium,In Progress,,,,,,
6944,Feature,Push Notifications,21,6943.0,REL_X+5,Medium,Done,,,,,,
6945,Business Story,Process Payment,9,6944.0,REL_X+5,Medium,Closed,,,,,,
6946,User Story,Review transfer,8,6945.0,REL_X+5,Medium,Closed,,,,,,
6947,Task,QA Testing,3,6946.0,REL_X+5,Medium,Closed,118.0,5.0,QA,11.0,1.0,12.0
6948,Task,QA Android,2,6946.0,REL_X+5,Medium,To Do,118.0,5.0,QA,6.0,0.0,6.0
6949,Task,iOS development task 1,3,6946.0,REL_X+5,Medium,In Review,118.0,5.0,iOS,11.0,1.0,12.0
6950,User Story,Send email,5,6945.0,REL_X+5,Medium,Blocked,,,,,,
6951,Task,Android UI implementation,1,6950.0,REL_X+5,Medium,To Do,1710.0,2.0,Android,4.0,0.0,4.0
6952,Task,Back end development task -1,1,6950.0,REL_X+5,Medium,Done,1710.0,2.0,Backend,6.0,1.0,7.0
6953,Business Story,Payment Callback,9,6944.0,REL_X+5,Medium,Done,,,,,,
6954,User Story,Review transfer,3,6953.0,REL_X+5,Medium,In Review,,,,,,
6955,Task,Back end development task -1,2,6954.0,REL_X+5,Medium,To Do,1644.0,8.0,Backend,10.0,1.0,11.0
6956,Task,iOS UI implementation,1,6954.0,REL_X+5,Medium,In Progress,1644.0,8.0,iOS,5.0,0.0,5.0
6957,Task,Back end development task -1,1,6954.0,REL_X+5,Medium,Closed,1644.0,8.0,Backend,5.0,1.0,6.0
6958,Task,QA Android,2,6954.0,REL_X+5,Medium,In Review,1644.0,8.0,QA,7.0,0.0,7.0
6959,Task,QA Android,2,6954.0,REL_X+5,Medium,Blocked,1644.0,8.0,QA,9.0,1.0,10.0
6960,Feature,User Profile,34,6943.0,REL_X+5,Medium,Blocked,,,,,,
6961,Business Story,Remove Card,13,6960.0,REL_X+5,Medium,Blocked,,,,,,
6962,User Story,Payment Confirmation,6,6961.0,REL_X+5,Medium,In Review,,,,,,
6963,Task,Android development task -1,1,6962.0,REL_X+5,Medium,Closed,958.0,5.0,Android,5.0,1.0,6.0
6964,Task,iOS development task 1,1,6962.0,REL_X+5,Medium,Done,958.0,5.0,iOS,6.0,0.0,6.0
6965,Task,QA Android,3,6962.0,REL_X+5,Medium,To Do,958.0,5.0,QA,18.0,3.0,21.0
6966,Task,iOS development task 1,3,6962.0,REL_X+5,Medium,To Do,958.0,5.0,iOS,11.0,0.0,11.0
6967,User Story,Review transfer,6,6961.0,REL_X+5,Medium,In Progress,,,,,,
6968,Task,Backend API development,1,6967.0,REL_X+5,Medium,Blocked,777.0,6.0,Backend,4.0,0.0,4.0
6969,Task,iOS UI implementation,2,6967.0,REL_X+5,Medium,Closed,777.0,6.0,iOS,6.0,0.0,6.0
6970,Task,Back end development task -1,1,6967.0,REL_X+5,Medium,Blocked,777.0,6.0,Backend,6.0,1.0,7.0
6971,Task,iOS development task 1,2,6967.0,REL_X+5,Medium,Closed,777.0,6.0,iOS,11.0,0.0,11.0
6972,Task,QA Testing,2,6967.0,REL_X+5,Medium,In Progress,777.0,6.0,QA,12.0,2.0,14.0
6973,User Story,Display Card Menu,5,6961.0,REL_X+5,Medium,Closed,,,,,,
6974,Task,Backend API development,3,6973.0,REL_X+5,Medium,Done,1857.0,8.0,Backend,12.0,0.0,12.0
6975,Task,QA Testing,2,6973.0,REL_X+5,Medium,In Review,1857.0,8.0,QA,10.0,2.0,12.0
6976,Task,Android development task -1,2,6973.0,REL_X+5,Medium,Done,1857.0,8.0,Android,11.0,2.0,13.0
6977,Business Story,View Cards,12,6960.0,REL_X+5,Medium,Done,,,,,,
6978,User Story,Verify Email,5,6977.0,REL_X+5,Medium,In Review,,,,,,
6979,Task,Android UI implementation,1,6978.0,REL_X+5,Medium,Closed,1590.0,6.0,Android,4.0,0.0,4.0
6980,Task,Back end development task -1,2,6978.0,REL_X+5,Medium,Blocked,1590.0,6.0,Backend,9.0,0.0,9.0
6981,User Story,Payment Confirmation,5,6977.0,REL_X+5,Medium,Done,,,,,,
6982,Task,Android development task -1,2,6981.0,REL_X+5,Medium,Closed,1193.0,6.0,Android,8.0,1.0,9.0
6983,Task,iOS development task 1,3,6981.0,REL_X+5,Medium,To Do,1193.0,6.0,iOS,13.0,1.0,14.0
6984,Task,Back end development task -2,1,6981.0,REL_X+5,Medium,In Progress,1193.0,6.0,Backend,4.0,0.0,4.0
6985,Task,Backend API development,2,6981.0,REL_X+5,Medium,Closed,1193.0,6.0,Backend,8.0,1.0,9.0
6986,Task,Back end development task -1,1,6981.0,REL_X+5,Medium,Done,1193.0,6.0,Backend,6.0,1.0,7.0
6987,User Story,Display Card Screen,4,6977.0,REL_X+5,Medium,Blocked,,,,,,
6988,Task,Back end development task -1,1,6987.0,REL_X+5,Medium,Closed,64.0,3.0,Backend,4.0,0.0,4.0
6989,Task,Back end development task -2,1,6987.0,REL_X+5,Medium,Done,64.0,3.0,Backend,6.0,1.0,7.0
6990,Task,QA iOS,1,6987.0,REL_X+5,Medium,In Review,64.0,3.0,QA,4.0,0.0,4.0
6991,Feature,Audit Logs,21,6943.0,REL_X+5,Medium,Blocked,,,,,,
6992,Business Story,Password Reset,10,6991.0,REL_X+5,Medium,Done,,,,,,
6993,User Story,Review transfer,5,6992.0,REL_X+5,Medium,Blocked,,,,,,
6994,Task,Back end development task -2,3,6993.0,REL_X+5,Medium,Blocked,1723.0,3.0,Backend,10.0,2.0,12.0
6995,Task,Android UI implementation,3,6993.0,REL_X+5,Medium,Closed,1723.0,3.0,Android,10.0,2.0,12.0
6996,User Story,Transaction history,7,6992.0,REL_X+5,Medium,In Review,,,,,,
6997,Task,Back end development task -1,1,6996.0,REL_X+5,Medium,Done,1347.0,4.0,Backend,4.0,0.0,4.0
6998,Business Story,Process Payment,9,6991.0,REL_X+5,Medium,In Progress,,,,,,
6999,User Story,Review transfer,4,6998.0,REL_X+5,Medium,Closed,,,,,,
7000,Task,Android development task -1,1,6999.0,REL_X+5,Medium,Done,1027.0,8.0,Android,4.0,0.0,4.0
7001,Task,QA iOS,1,6999.0,REL_X+5,Medium,Closed,1027.0,8.0,QA,5.0,0.0,5.0
7002,Task,QA iOS,1,6999.0,REL_X+5,Medium,In Review,1027.0,8.0,QA,4.0,0.0,4.0
7003,Feature,Email Service,21,6943.0,REL_X+5,Medium,In Progress,,,,,,
7004,Business Story,Process Payment,9,7003.0,REL_X+5,Medium,In Review,,,,,,
7005,User Story,Send email,5,7004.0,REL_X+5,Medium,In Progress,,,,,,
7006,Task,Back end development task -2,1,7005.0,REL_X+5,Medium,In Review,538.0,5.0,Backend,4.0,0.0,4.0
7007,Task,QA Testing,1,7005.0,REL_X+5,Medium,Done,538.0,5.0,QA,5.0,1.0,6.0
7008,Task,QA iOS,3,7005.0,REL_X+5,Medium,Closed,538.0,5.0,QA,18.0,1.0,19.0
7009,Task,QA Android,1,7005.0,REL_X+5,Medium,To Do,538.0,5.0,QA,5.0,1.0,6.0
7010,Task,Android development task -1,1,7005.0,REL_X+5,Medium,Blocked,538.0,5.0,Android,6.0,0.0,6.0
7011,User Story,Display Card Screen,5,7004.0,REL_X+5,Medium,In Progress,,,,,,
7012,Task,iOS development task 1,3,7011.0,REL_X+5,Medium,In Review,857.0,1.0,iOS,14.0,2.0,16.0
7013,Task,QA Testing,2,7011.0,REL_X+5,Medium,To Do,857.0,1.0,QA,6.0,0.0,6.0
7014,Task,Back end development task -1,3,7011.0,REL_X+5,Medium,Closed,857.0,1.0,Backend,18.0,0.0,18.0
7015,User Story,Transaction history,4,7004.0,REL_X+5,Medium,Closed,,,,,,
7016,Task,iOS UI implementation,1,7015.0,REL_X+5,Medium,To Do,1500.0,2.0,iOS,6.0,1.0,7.0
7017,Business Story,View Cards,12,7003.0,REL_X+5,Medium,In Progress,,,,,,
7018,User Story,Make a transfer,8,7017.0,REL_X+5,Medium,Done,,,,,,
7019,Task,Back end development task -1,1,7018.0,REL_X+5,Medium,Blocked,1330.0,4.0,Backend,5.0,1.0,6.0
7020,Task,QA Android,1,7018.0,REL_X+5,Medium,In Review,1330.0,4.0,QA,3.0,0.0,3.0
7021,Epic,Security,55,,REL_X+7,High,Done,,,,,,
7022,Feature,User Profile,34,7021.0,REL_X+7,High,In Progress,,,,,,
7023,Business Story,Password Reset,10,7022.0,REL_X+7,High,Blocked,,,,,,
7024,User Story,Payment Confirmation,8,7023.0,REL_X+7,High,In Progress,,,,,,
7025,Task,QA Testing,1,7024.0,REL_X+7,High,In Review,476.0,3.0,QA,4.0,0.0,4.0
7026,Task,iOS UI implementation,1,7024.0,REL_X+7,High,Blocked,476.0,3.0,iOS,4.0,0.0,4.0
7027,User Story,Transaction history,5,7023.0,REL_X+7,High,Closed,,,,,,
7028,Task,iOS UI implementation,3,7027.0,REL_X+7,High,In Progress,1354.0,5.0,iOS,18.0,0.0,18.0
7029,Task,QA iOS,1,7027.0,REL_X+7,High,In Review,1354.0,5.0,QA,6.0,1.0,7.0
7030,Business Story,Add Card,13,7022.0,REL_X+7,High,Closed,,,,,,
7031,User Story,Verify Email,4,7030.0,REL_X+7,High,Done,,,,,,
7032,Task,Android UI implementation,1,7031.0,REL_X+7,High,Closed,77.0,3.0,Android,3.0,0.0,3.0
7033,Task,iOS development task 1,1,7031.0,REL_X+7,High,Done,77.0,3.0,iOS,3.0,0.0,3.0
7034,Task,QA Android,1,7031.0,REL_X+7,High,Blocked,77.0,3.0,QA,3.0,0.0,3.0
7035,Task,QA Testing,3,7031.0,REL_X+7,High,In Progress,77.0,3.0,QA,10.0,1.0,11.0
7036,Business Story,Process Payment,9,7022.0,REL_X+7,High,Closed,,,,,,
7037,User Story,Payment Confirmation,5,7036.0,REL_X+7,High,Closed,,,,,,
7038,Task,Environment setup,2,7037.0,REL_X+7,High,Closed,487.0,3.0,DevOps,7.0,1.0,8.0
7039,Task,Android development task -1,1,7037.0,REL_X+7,High,To Do,487.0,3.0,Android,5.0,0.0,5.0
7040,Feature,Payment Gateway,34,7021.0,REL_X+7,High,Blocked,,,,,,
7041,Business Story,Update Card,13,7040.0,REL_X+7,High,Blocked,,,,,,
7042,User Story,Display Card Menu,7,7041.0,REL_X+7,High,In Progress,,,,,,
7043,Task,Back end development task -1,2,7042.0,REL_X+7,High,In Progress,1812.0,6.0,Backend,9.0,1.0,10.0
7044,Task,Android UI implementation,2,7042.0,REL_X+7,High,Done,1812.0,6.0,Android,8.0,1.0,9.0
7045,Business Story,Payment Callback,9,7040.0,REL_X+7,High,Done,,,,,,
7046,User Story,Payment Form,5,7045.0,REL_X+7,High,Blocked,,,,,,
7047,Task,Android development task -1,1,7046.0,REL_X+7,High,In Progress,1617.0,7.0,Android,4.0,0.0,4.0
7048,Task,Back end development task -1,3,7046.0,REL_X+7,High,Done,1617.0,7.0,Backend,11.0,1.0,12.0
7049,User Story,Payment Confirmation,5,7045.0,REL_X+7,High,In Review,,,,,,
7050,Task,iOS UI implementation,1,7049.0,REL_X+7,High,Closed,530.0,5.0,iOS,5.0,0.0,5.0
7051,Task,iOS development task 1,1,7049.0,REL_X+7,High,Closed,530.0,5.0,iOS,3.0,0.0,3.0
7052,Task,Back end development task -1,2,7049.0,REL_X+7,High,Blocked,530.0,5.0,Backend,12.0,1.0,13.0
7053,Task,Android development task -1,2,7049.0,REL_X+7,High,In Progress,530.0,5.0,Android,8.0,1.0,9.0
7054,Feature,Custom Reports,34,7021.0,REL_X+7,High,In Review,,,,,,
7055,Business Story,View Cards,12,7054.0,REL_X+7,High,Closed,,,,,,
7056,User Story,Payment Form,5,7055.0,REL_X+7,High,Done,,,,,,
7057,Task,Android UI implementation,1,7056.0,REL_X+7,High,In Review,535.0,5.0,Android,5.0,1.0,6.0
7058,User Story,Error Handling,5,7055.0,REL_X+7,High,Blocked,,,,,,
7059,Task,iOS UI implementation,1,7058.0,REL_X+7,High,Done,1589.0,6.0,iOS,6.0,0.0,6.0
7060,Business Story,Process Payment,9,7054.0,REL_X+7,High,In Review,,,,,,
7061,User Story,Verify Email,5,7060.0,REL_X+7,High,Done,,,,,,
7062,Task,Android development task -1,3,7061.0,REL_X+7,High,Closed,280.0,3.0,Android,10.0,2.0,12.0
7063,Task,Backend API development,1,7061.0,REL_X+7,High,To Do,280.0,3.0,Backend,6.0,0.0,6.0
7064,Task,QA iOS,1,7061.0,REL_X+7,High,Closed,280.0,3.0,QA,6.0,0.0,6.0
7065,Task,iOS UI implementation,1,7061.0,REL_X+7,High,Done,280.0,3.0,iOS,6.0,1.0,7.0
7066,Task,Back end development task -1,2,7061.0,REL_X+7,High,Blocked,280.0,3.0,Backend,6.0,1.0,7.0
7067,Business Story,Payment Validation,9,7054.0,REL_X+7,High,In Review,,,,,,
7068,User Story,Error Handling,5,7067.0,REL_X+7,High,In Progress,,,,,,
7069,Task,QA Android,3,7068.0,REL_X+7,High,In Progress,955.0,5.0,QA,11.0,1.0,12.0
7070,Task,QA Android,1,7068.0,REL_X+7,High,To Do,955.0,5.0,QA,5.0,1.0,6.0
7071,Task,Backend API development,2,7068.0,REL_X+7,High,Done,955.0,5.0,Backend,6.0,0.0,6.0
7072,Task,iOS development task 1,2,7068.0,REL_X+7,High,To Do,955.0,5.0,iOS,10.0,1.0,11.0
7073,Task,iOS development task 1,1,7068.0,REL_X+7,High,To Do,955.0,5.0,iOS,6.0,1.0,7.0
7074,User Story,Send email,5,7067.0,REL_X+7,High,To Do,,,,,,
7075,Task,iOS development task 1,2,7074.0,REL_X+7,High,In Review,983.0,6.0,iOS,6.0,1.0,7.0
7076,Task,Back end development task -2,1,7074.0,REL_X+7,High,Done,983.0,6.0,Backend,4.0,0.0,4.0
7077,Task,QA Android,2,7074.0,REL_X+7,High,Blocked,983.0,6.0,QA,10.0,1.0,11.0
7078,Task,Android development task -1,2,7074.0,REL_X+7,High,To Do,983.0,6.0,Android,8.0,1.0,9.0
7079,Epic,Accounts,55,,REL_X+7,Low,To Do,,,,,,
7080,Feature,In-App Messages,21,7079.0,REL_X+7,Low,To Do,,,,,,
7081,Business Story,Add Card,13,7080.0,REL_X+7,Low,Done,,,,,,
7082,User Story,Send email,3,7081.0,REL_X+7,Low,To Do,,,,,,
7083,Task,Android development task -1,2,7082.0,REL_X+7,Low,Closed,305.0,4.0,Android,7.0,0.0,7.0
7084,Task,QA iOS,1,7082.0,REL_X+7,Low,Done,305.0,4.0,QA,3.0,0.0,3.0
7085,Task,QA Testing,1,7082.0,REL_X+7,Low,Closed,305.0,4.0,QA,6.0,1.0,7.0
7086,User Story,Display Card Menu,5,7081.0,REL_X+7,Low,Closed,,,,,,
7087,Task,Back end development task -1,3,7086.0,REL_X+7,Low,Done,1340.0,4.0,Backend,15.0,2.0,17.0
7088,Task,Android UI implementation,2,7086.0,REL_X+7,Low,In Review,1340.0,4.0,Android,8.0,0.0,8.0
7089,Task,Android development task -1,1,7086.0,REL_X+7,Low,To Do,1340.0,4.0,Android,5.0,0.0,5.0
7090,User Story,Make a transfer,5,7081.0,REL_X+7,Low,Blocked,,,,,,
7091,Task,QA Android,2,7090.0,REL_X+7,Low,In Review,583.0,7.0,QA,7.0,1.0,8.0
7092,Business Story,Remove Card,13,7080.0,REL_X+7,Low,To Do,,,,,,
7093,User Story,Send email,5,7092.0,REL_X+7,Low,Done,,,,,,
7094,Task,Android UI implementation,2,7093.0,REL_X+7,Low,Closed,1572.0,5.0,Android,12.0,1.0,13.0
7095,Task,Android UI implementation,1,7093.0,REL_X+7,Low,To Do,1572.0,5.0,Android,3.0,0.0,3.0
7096,User Story,Display Card Screen,7,7092.0,REL_X+7,Low,In Review,,,,,,
7097,Task,Environment setup,3,7096.0,REL_X+7,Low,Done,704.0,4.0,DevOps,16.0,2.0,18.0
7098,Task,Back end development task -2,2,7096.0,REL_X+7,Low,Done,704.0,4.0,Backend,10.0,1.0,11.0
7099,Task,Backend API development,2,7096.0,REL_X+7,Low,In Review,704.0,4.0,Backend,6.0,1.0,7.0
7100,Task,Back end development task -2,2,7096.0,REL_X+7,Low,Done,704.0,4.0,Backend,7.0,1.0,8.0
7101,User Story,Review transfer,5,7092.0,REL_X+7,Low,In Review,,,,,,
7102,Task,QA Android,1,7101.0,REL_X+7,Low,To Do,1505.0,2.0,QA,5.0,1.0,6.0
7103,Business Story,Process Payment,9,7080.0,REL_X+7,Low,Done,,,,,,
7104,User Story,Error Handling,5,7103.0,REL_X+7,Low,In Review,,,,,,
7105,Task,QA iOS,1,7104.0,REL_X+7,Low,To Do,766.0,6.0,QA,6.0,0.0,6.0
7106,Task,iOS development task 1,1,7104.0,REL_X+7,Low,Closed,766.0,6.0,iOS,3.0,0.0,3.0
7107,User Story,Payment Confirmation,7,7103.0,REL_X+7,Low,Done,,,,,,
7108,Task,iOS UI implementation,3,7107.0,REL_X+7,Low,Done,513.0,4.0,iOS,18.0,2.0,20.0
7109,Task,Back end development task -1,3,7107.0,REL_X+7,Low,In Review,513.0,4.0,Backend,10.0,0.0,10.0
7110,Task,iOS UI implementation,1,7107.0,REL_X+7,Low,Closed,513.0,4.0,iOS,4.0,0.0,4.0
7111,Task,Android UI implementation,2,7107.0,REL_X+7,Low,Closed,513.0,4.0,Android,7.0,1.0,8.0
7112,User Story,Verify Email,8,7103.0,REL_X+7,Low,Done,,,,,,
7113,Task,Android development task -1,1,7112.0,REL_X+7,Low,In Progress,18.0,1.0,Android,6.0,1.0,7.0
7114,Feature,User Registration,34,7079.0,REL_X+7,Low,In Review,,,,,,
7115,Business Story,Update Card,13,7114.0,REL_X+7,Low,In Review,,,,,,
7116,User Story,Payment Confirmation,7,7115.0,REL_X+7,Low,Done,,,,,,
7117,Task,iOS development task 1,2,7116.0,REL_X+7,Low,In Review,1782.0,5.0,iOS,7.0,0.0,7.0
7118,Task,QA Testing,3,7116.0,REL_X+7,Low,Closed,1782.0,5.0,QA,13.0,2.0,15.0
7119,Task,iOS development task 1,1,7116.0,REL_X+7,Low,In Review,1782.0,5.0,iOS,6.0,0.0,6.0
7120,Task,QA iOS,2,7116.0,REL_X+7,Low,Blocked,1782.0,5.0,QA,9.0,0.0,9.0
7121,User Story,Make a transfer,6,7115.0,REL_X+7,Low,In Review,,,,,,
7122,Task,QA iOS,1,7121.0,REL_X+7,Low,Blocked,1398.0,6.0,QA,6.0,0.0,6.0
7123,Task,QA iOS,1,7121.0,REL_X+7,Low,In Review,1398.0,6.0,QA,3.0,0.0,3.0
7124,Task,Android development task -1,2,7121.0,REL_X+7,Low,Blocked,1398.0,6.0,Android,7.0,1.0,8.0
7125,Task,iOS UI implementation,2,7121.0,REL_X+7,Low,Closed,1398.0,6.0,iOS,10.0,2.0,12.0
7126,Business Story,Add Card,13,7114.0,REL_X+7,Low,Done,,,,,,
7127,User Story,Error Handling,5,7126.0,REL_X+7,Low,Blocked,,,,,,
7128,Task,iOS development task 1,1,7127.0,REL_X+7,Low,In Review,678.0,3.0,iOS,5.0,1.0,6.0
7129,Task,Environment setup,1,7127.0,REL_X+7,Low,Done,678.0,3.0,DevOps,3.0,0.0,3.0
7130,Task,Android development task -1,2,7127.0,REL_X+7,Low,In Progress,678.0,3.0,Android,10.0,2.0,12.0
7131,User Story,Payment Confirmation,5,7126.0,REL_X+7,Low,To Do,,,,,,
7132,Task,iOS UI implementation,1,7131.0,REL_X+7,Low,Closed,1416.0,7.0,iOS,6.0,1.0,7.0
7133,Task,Environment setup,3,7131.0,REL_X+7,Low,In Review,1416.0,7.0,DevOps,18.0,1.0,19.0
7134,Task,Backend API development,3,7131.0,REL_X+7,Low,To Do,1416.0,7.0,Backend,17.0,0.0,17.0
7135,Business Story,Email Verification,10,7114.0,REL_X+7,Low,In Progress,,,,,,
7136,User Story,Payment Confirmation,6,7135.0,REL_X+7,Low,Blocked,,,,,,
7137,Task,iOS UI implementation,2,7136.0,REL_X+7,Low,Blocked,1238.0,8.0,iOS,11.0,1.0,12.0
7138,Task,iOS development task 1,3,7136.0,REL_X+7,Low,Blocked,1238.0,8.0,iOS,10.0,1.0,11.0
7139,User Story,Transaction history,5,7135.0,REL_X+7,Low,Blocked,,,,,,
7140,Task,Back end development task -1,3,7139.0,REL_X+7,Low,To Do,279.0,3.0,Backend,9.0,1.0,10.0
7141,Task,iOS UI implementation,1,7139.0,REL_X+7,Low,In Review,279.0,3.0,iOS,5.0,0.0,5.0
7142,Epic,Payments,55,,REL_X+3,Critical,To Do,,,,,,
7143,Feature,Payment Gateway,34,7142.0,REL_X+3,Critical,Closed,,,,,,
7144,Business Story,View Cards,12,7143.0,REL_X+3,Critical,In Progress,,,,,,
7145,User Story,Make a transfer,3,7144.0,REL_X+3,Critical,Blocked,,,,,,
7146,Task,Android development task -1,1,7145.0,REL_X+3,Critical,In Progress,1302.0,3.0,Android,5.0,1.0,6.0
7147,Task,Environment setup,2,7145.0,REL_X+3,Critical,Closed,1302.0,3.0,DevOps,6.0,0.0,6.0
7148,User Story,Payment Form,3,7144.0,REL_X+3,Critical,Done,,,,,,
7149,Task,QA Testing,2,7148.0,REL_X+3,Critical,Done,1431.0,8.0,QA,7.0,1.0,8.0
7150,Business Story,Payment Callback,9,7143.0,REL_X+3,Critical,To Do,,,,,,
7151,User Story,Verify Email,5,7150.0,REL_X+3,Critical,In Review,,,,,,
7152,Task,QA iOS,2,7151.0,REL_X+3,Critical,In Review,711.0,4.0,QA,9.0,0.0,9.0
7153,Task,iOS UI implementation,1,7151.0,REL_X+3,Critical,Done,711.0,4.0,iOS,5.0,0.0,5.0
7154,Task,Back end development task -1,1,7151.0,REL_X+3,Critical,In Progress,711.0,4.0,Backend,4.0,0.0,4.0
7155,Task,Environment setup,3,7151.0,REL_X+3,Critical,Blocked,711.0,4.0,DevOps,17.0,3.0,20.0
7156,Task,Back end development task -2,3,7151.0,REL_X+3,Critical,In Review,711.0,4.0,Backend,14.0,2.0,16.0
7157,User Story,Display Card Screen,5,7150.0,REL_X+3,Critical,Closed,,,,,,
7158,Task,Android development task -1,1,7157.0,REL_X+3,Critical,Blocked,1241.0,8.0,Android,4.0,0.0,4.0
7159,Task,Back end development task -2,1,7157.0,REL_X+3,Critical,To Do,1241.0,8.0,Backend,3.0,0.0,3.0
7160,Task,Back end development task -1,3,7157.0,REL_X+3,Critical,Done,1241.0,8.0,Backend,11.0,2.0,13.0
7161,Task,Android UI implementation,1,7157.0,REL_X+3,Critical,Closed,1241.0,8.0,Android,4.0,0.0,4.0
7162,Task,QA iOS,3,7157.0,REL_X+3,Critical,Blocked,1241.0,8.0,QA,12.0,1.0,13.0
7163,Business Story,Add Card,13,7143.0,REL_X+3,Critical,Done,,,,,,
7164,User Story,Transaction history,6,7163.0,REL_X+3,Critical,Closed,,,,,,
7165,Task,Backend API development,1,7164.0,REL_X+3,Critical,Blocked,985.0,6.0,Backend,5.0,0.0,5.0
7166,Task,Android development task -1,2,7164.0,REL_X+3,Critical,To Do,985.0,6.0,Android,11.0,1.0,12.0
7167,Task,Back end development task -1,1,7164.0,REL_X+3,Critical,Done,985.0,6.0,Backend,6.0,1.0,7.0
7168,Task,Back end development task -1,3,7164.0,REL_X+3,Critical,Closed,985.0,6.0,Backend,16.0,0.0,16.0
7169,Task,Back end development task -1,1,7164.0,REL_X+3,Critical,In Review,985.0,6.0,Backend,4.0,0.0,4.0
7170,User Story,Make a transfer,5,7163.0,REL_X+3,Critical,In Review,,,,,,
7171,Task,QA Testing,1,7170.0,REL_X+3,Critical,In Progress,1666.0,1.0,QA,6.0,0.0,6.0
7172,Task,Android development task -1,3,7170.0,REL_X+3,Critical,Closed,1666.0,1.0,Android,16.0,3.0,19.0
7173,Task,Back end development task -2,1,7170.0,REL_X+3,Critical,In Review,1666.0,1.0,Backend,5.0,0.0,5.0
7174,Feature,Data Export,21,7142.0,REL_X+3,Critical,Done,,,,,,
7175,Business Story,Payment Callback,9,7174.0,REL_X+3,Critical,To Do,,,,,,
7176,User Story,Payment Form,5,7175.0,REL_X+3,Critical,Closed,,,,,,
7177,Task,QA iOS,2,7176.0,REL_X+3,Critical,To Do,1371.0,5.0,QA,12.0,1.0,13.0
7178,Task,Android development task -1,2,7176.0,REL_X+3,Critical,To Do,1371.0,5.0,Android,12.0,1.0,13.0
7179,Business Story,Process Payment,9,7174.0,REL_X+3,Critical,Closed,,,,,,
7180,User Story,Send email,5,7179.0,REL_X+3,Critical,In Review,,,,,,
7181,Task,Back end development task -1,3,7180.0,REL_X+3,Critical,Closed,1861.0,8.0,Backend,16.0,3.0,19.0
7182,Task,Back end development task -2,1,7180.0,REL_X+3,Critical,Blocked,1861.0,8.0,Backend,3.0,0.0,3.0
7183,Task,Environment setup,1,7180.0,REL_X+3,Critical,Blocked,1861.0,8.0,DevOps,6.0,1.0,7.0
7184,Task,Android UI implementation,1,7180.0,REL_X+3,Critical,Blocked,1861.0,8.0,Android,6.0,1.0,7.0
7185,Business Story,View Cards,12,7174.0,REL_X+3,Critical,Done,,,,,,
7186,User Story,Transaction history,8,7185.0,REL_X+3,Critical,In Review,,,,,,
7187,Task,iOS UI implementation,1,7186.0,REL_X+3,Critical,In Progress,1055.0,1.0,iOS,4.0,0.0,4.0
7188,Task,QA iOS,2,7186.0,REL_X+3,Critical,In Review,1055.0,1.0,QA,6.0,0.0,6.0
7189,Task,QA iOS,1,7186.0,REL_X+3,Critical,To Do,1055.0,1.0,QA,6.0,1.0,7.0
7190,Epic,Accounts,55,,REL_X+8,Medium,In Progress,,,,,,
7191,Feature,SMS Alerts,21,7190.0,REL_X+8,Medium,In Progress,,,,,,
7192,Business Story,Sign Up,11,7191.0,REL_X+8,Medium,Blocked,,,,,,
7193,User Story,Payment Confirmation,5,7192.0,REL_X+8,Medium,In Progress,,,,,,
7194,Task,Android development task -1,3,7193.0,REL_X+8,Medium,In Progress,122.0,5.0,Android,9.0,0.0,9.0
7195,Business Story,Add Card,13,7191.0,REL_X+8,Medium,Done,,,,,,
7196,User Story,Display Card Menu,6,7195.0,REL_X+8,Medium,Done,,,,,,
7197,Task,Backend API development,1,7196.0,REL_X+8,Medium,In Review,1022.0,8.0,Backend,4.0,0.0,4.0
7198,User Story,Display Card Screen,5,7195.0,REL_X+8,Medium,Done,,,,,,
7199,Task,Environment setup,1,7198.0,REL_X+8,Medium,In Review,110.0,5.0,DevOps,3.0,0.0,3.0
7200,Task,QA Android,1,7198.0,REL_X+8,Medium,In Review,110.0,5.0,QA,5.0,0.0,5.0
7201,Task,Backend API development,1,7198.0,REL_X+8,Medium,Blocked,110.0,5.0,Backend,4.0,0.0,4.0
7202,User Story,Review transfer,4,7195.0,REL_X+8,Medium,Blocked,,,,,,
7203,Task,Backend API development,1,7202.0,REL_X+8,Medium,Blocked,146.0,6.0,Backend,6.0,1.0,7.0
7204,Task,Android development task -1,1,7202.0,REL_X+8,Medium,Done,146.0,6.0,Android,6.0,1.0,7.0
7205,Task,QA iOS,2,7202.0,REL_X+8,Medium,To Do,146.0,6.0,QA,8.0,1.0,9.0
7206,Business Story,Process Payment,9,7191.0,REL_X+8,Medium,In Review,,,,,,
7207,User Story,Review transfer,4,7206.0,REL_X+8,Medium,Closed,,,,,,
7208,Task,Android UI implementation,1,7207.0,REL_X+8,Medium,To Do,1294.0,2.0,Android,5.0,1.0,6.0
7209,User Story,Verify Email,5,7206.0,REL_X+8,Medium,Done,,,,,,
7210,Task,QA iOS,1,7209.0,REL_X+8,Medium,To Do,707.0,4.0,QA,5.0,0.0,5.0
7211,Task,Android UI implementation,3,7209.0,REL_X+8,Medium,To Do,707.0,4.0,Android,17.0,1.0,18.0
7212,Feature,Authentication,34,7190.0,REL_X+8,Medium,Blocked,,,,,,
7213,Business Story,Remove Card,13,7212.0,REL_X+8,Medium,To Do,,,,,,
7214,User Story,Send email,5,7213.0,REL_X+8,Medium,In Review,,,,,,
7215,Task,Back end development task -2,3,7214.0,REL_X+8,Medium,Blocked,655.0,2.0,Backend,9.0,0.0,9.0
7216,Task,Backend API development,2,7214.0,REL_X+8,Medium,In Progress,655.0,2.0,Backend,8.0,1.0,9.0
7217,User Story,Payment Form,3,7213.0,REL_X+8,Medium,Closed,,,,,,
7218,Task,Android development task -1,1,7217.0,REL_X+8,Medium,Closed,1587.0,6.0,Android,3.0,0.0,3.0
7219,Task,QA Android,2,7217.0,REL_X+8,Medium,Closed,1587.0,6.0,QA,7.0,0.0,7.0
7220,Task,Environment setup,2,7217.0,REL_X+8,Medium,In Review,1587.0,6.0,DevOps,11.0,1.0,12.0
7221,Task,Back end development task -1,2,7217.0,REL_X+8,Medium,Blocked,1587.0,6.0,Backend,7.0,0.0,7.0
7222,Task,Back end development task -1,1,7217.0,REL_X+8,Medium,To Do,1587.0,6.0,Backend,3.0,0.0,3.0
7223,Business Story,Payment Callback,9,7212.0,REL_X+8,Medium,In Progress,,,,,,
7224,User Story,Display Card Screen,5,7223.0,REL_X+8,Medium,Closed,,,,,,
7225,Task,QA Testing,2,7224.0,REL_X+8,Medium,To Do,338.0,5.0,QA,10.0,2.0,12.0
7226,Task,Back end development task -1,1,7224.0,REL_X+8,Medium,To Do,338.0,5.0,Backend,6.0,1.0,7.0
7227,Task,Android development task -1,3,7224.0,REL_X+8,Medium,In Review,338.0,5.0,Android,12.0,0.0,12.0
7228,User Story,Payment Confirmation,5,7223.0,REL_X+8,Medium,To Do,,,,,,
7229,Task,Environment setup,3,7228.0,REL_X+8,Medium,In Review,177.0,7.0,DevOps,10.0,0.0,10.0
7230,Task,Back end development task -1,1,7228.0,REL_X+8,Medium,To Do,177.0,7.0,Backend,5.0,1.0,6.0
7231,Task,QA Android,1,7228.0,REL_X+8,Medium,Blocked,177.0,7.0,QA,6.0,0.0,6.0
7232,Task,iOS UI implementation,2,7228.0,REL_X+8,Medium,Blocked,177.0,7.0,iOS,6.0,0.0,6.0
7233,Task,Back end development task -1,1,7228.0,REL_X+8,Medium,To Do,177.0,7.0,Backend,4.0,0.0,4.0
7234,User Story,Display Card Menu,4,7223.0,REL_X+8,Medium,In Progress,,,,,,
7235,Task,QA Android,2,7234.0,REL_X+8,Medium,To Do,1269.0,1.0,QA,7.0,0.0,7.0
7236,Business Story,Update Card,13,7212.0,REL_X+8,Medium,In Review,,,,,,
7237,User Story,Transaction history,4,7236.0,REL_X+8,Medium,Done,,,,,,
7238,Task,Environment setup,2,7237.0,REL_X+8,Medium,In Review,1234.0,8.0,DevOps,11.0,1.0,12.0
7239,User Story,Payment Confirmation,7,7236.0,REL_X+8,Medium,In Progress,,,,,,
7240,Task,iOS development task 1,2,7239.0,REL_X+8,Medium,To Do,386.0,7.0,iOS,12.0,2.0,14.0
7241,User Story,Display Card Menu,5,7236.0,REL_X+8,Medium,To Do,,,,,,
7242,Task,QA Android,1,7241.0,REL_X+8,Medium,Blocked,1374.0,5.0,QA,4.0,0.0,4.0
7243,Task,Android development task -1,1,7241.0,REL_X+8,Medium,Blocked,1374.0,5.0,Android,6.0,1.0,7.0
7244,Feature,Audit Logs,21,7190.0,REL_X+8,Medium,To Do,,,,,,
7245,Business Story,Remove Card,13,7244.0,REL_X+8,Medium,To Do,,,,,,
7246,User Story,Review transfer,5,7245.0,REL_X+8,Medium,Done,,,,,,
7247,Task,Android development task -1,1,7246.0,REL_X+8,Medium,In Progress,1625.0,7.0,Android,3.0,0.0,3.0
7248,Task,QA Android,2,7246.0,REL_X+8,Medium,In Review,1625.0,7.0,QA,6.0,0.0,6.0
7249,Task,iOS development task 1,2,7246.0,REL_X+8,Medium,Blocked,1625.0,7.0,iOS,9.0,0.0,9.0
7250,Task,Environment setup,1,7246.0,REL_X+8,Medium,In Review,1625.0,7.0,DevOps,6.0,1.0,7.0
7251,User Story,Payment Confirmation,3,7245.0,REL_X+8,Medium,Closed,,,,,,
7252,Task,QA Android,2,7251.0,REL_X+8,Medium,Closed,1016.0,8.0,QA,7.0,1.0,8.0
7253,Task,Android UI implementation,1,7251.0,REL_X+8,Medium,Closed,1016.0,8.0,Android,3.0,0.0,3.0
7254,Task,QA Android,1,7251.0,REL_X+8,Medium,Closed,1016.0,8.0,QA,3.0,0.0,3.0
7255,Task,QA Testing,3,7251.0,REL_X+8,Medium,To Do,1016.0,8.0,QA,17.0,0.0,17.0
7256,User Story,Display Card Screen,5,7245.0,REL_X+8,Medium,Closed,,,,,,
7257,Task,QA iOS,2,7256.0,REL_X+8,Medium,To Do,1525.0,3.0,QA,11.0,1.0,12.0
7258,Business Story,Process Payment,9,7244.0,REL_X+8,Medium,In Progress,,,,,,
7259,User Story,Error Handling,3,7258.0,REL_X+8,Medium,Blocked,,,,,,
7260,Task,Back end development task -1,1,7259.0,REL_X+8,Medium,Done,1782.0,5.0,Backend,5.0,1.0,6.0
7261,Task,Backend API development,1,7259.0,REL_X+8,Medium,In Progress,1782.0,5.0,Backend,4.0,0.0,4.0
7262,Task,QA Android,2,7259.0,REL_X+8,Medium,Blocked,1782.0,5.0,QA,6.0,0.0,6.0
7263,Task,iOS development task 1,2,7259.0,REL_X+8,Medium,To Do,1782.0,5.0,iOS,8.0,0.0,8.0
7264,User Story,Verify Email,5,7258.0,REL_X+8,Medium,To Do,,,,,,
7265,Task,iOS UI implementation,1,7264.0,REL_X+8,Medium,In Review,562.0,6.0,iOS,4.0,0.0,4.0
7266,User Story,Review transfer,5,7258.0,REL_X+8,Medium,To Do,,,,,,
7267,Task,QA iOS,3,7266.0,REL_X+8,Medium,In Review,1637.0,7.0,QA,16.0,2.0,18.0
7268,Task,QA Android,2,7266.0,REL_X+8,Medium,In Progress,1637.0,7.0,QA,11.0,0.0,11.0
7269,Task,Android UI implementation,1,7266.0,REL_X+8,Medium,In Progress,1637.0,7.0,Android,3.0,0.0,3.0
7270,Task,Android development task -1,2,7266.0,REL_X+8,Medium,Closed,1637.0,7.0,Android,8.0,0.0,8.0
7271,Business Story,Payment Callback,9,7244.0,REL_X+8,Medium,In Review,,,,,,
7272,User Story,Send email,5,7271.0,REL_X+8,Medium,To Do,,,,,,
7273,Task,iOS development task 1,3,7272.0,REL_X+8,Medium,In Progress,434.0,1.0,iOS,15.0,0.0,15.0
7274,Task,Android development task -1,2,7272.0,REL_X+8,Medium,Blocked,434.0,1.0,Android,7.0,0.0,7.0
7275,Task,QA Testing,2,7272.0,REL_X+8,Medium,In Progress,434.0,1.0,QA,7.0,1.0,8.0
7276,Task,Backend API development,3,7272.0,REL_X+8,Medium,In Progress,434.0,1.0,Backend,12.0,0.0,12.0
7277,Task,Back end development task -1,1,7272.0,REL_X+8,Medium,In Review,434.0,1.0,Backend,4.0,0.0,4.0
7278,User Story,Transaction history,5,7271.0,REL_X+8,Medium,Done,,,,,,
7279,Task,iOS UI implementation,3,7278.0,REL_X+8,Medium,Blocked,638.0,1.0,iOS,13.0,2.0,15.0
7280,Task,QA Testing,3,7278.0,REL_X+8,Medium,Blocked,638.0,1.0,QA,13.0,0.0,13.0
7281,Task,Back end development task -1,1,7278.0,REL_X+8,Medium,To Do,638.0,1.0,Backend,3.0,0.0,3.0
7282,Task,Backend API development,1,7278.0,REL_X+8,Medium,In Review,638.0,1.0,Backend,6.0,1.0,7.0
7283,User Story,Error Handling,7,7271.0,REL_X+8,Medium,Done,,,,,,
7284,Task,Backend API development,1,7283.0,REL_X+8,Medium,Done,906.0,3.0,Backend,5.0,1.0,6.0
7285,Task,Android development task -1,1,7283.0,REL_X+8,Medium,Closed,906.0,3.0,Android,3.0,0.0,3.0
7286,Task,iOS development task 1,1,7283.0,REL_X+8,Medium,Blocked,906.0,3.0,iOS,3.0,0.0,3.0
7287,Task,QA iOS,2,7283.0,REL_X+8,Medium,Closed,906.0,3.0,QA,11.0,1.0,12.0
7288,Feature,In-App Messages,21,7190.0,REL_X+8,Medium,In Progress,,,,,,
7289,Business Story,Remove Card,13,7288.0,REL_X+8,Medium,Done,,,,,,
7290,User Story,Display Card Screen,5,7289.0,REL_X+8,Medium,To Do,,,,,,
7291,Task,Backend API development,1,7290.0,REL_X+8,Medium,Closed,1761.0,4.0,Backend,4.0,0.0,4.0
7292,Task,Back end development task -1,2,7290.0,REL_X+8,Medium,Closed,1761.0,4.0,Backend,8.0,1.0,9.0
7293,User Story,Error Handling,5,7289.0,REL_X+8,Medium,Blocked,,,,,,
7294,Task,QA iOS,2,7293.0,REL_X+8,Medium,Blocked,719.0,4.0,QA,10.0,0.0,10.0
7295,Task,iOS development task 1,3,7293.0,REL_X+8,Medium,Blocked,719.0,4.0,iOS,12.0,1.0,13.0
7296,Task,Environment setup,3,7293.0,REL_X+8,Medium,In Review,719.0,4.0,DevOps,9.0,0.0,9.0
7297,Business Story,Payment Callback,9,7288.0,REL_X+8,Medium,Closed,,,,,,
7298,User Story,Send email,8,7297.0,REL_X+8,Medium,Done,,,,,,
7299,Task,iOS UI implementation,1,7298.0,REL_X+8,Medium,To Do,726.0,4.0,iOS,4.0,0.0,4.0
7300,Task,Environment setup,2,7298.0,REL_X+8,Medium,In Progress,726.0,4.0,DevOps,9.0,0.0,9.0
7301,Task,QA Testing,2,7298.0,REL_X+8,Medium,Done,726.0,4.0,QA,7.0,1.0,8.0
7302,Task,QA Testing,3,7298.0,REL_X+8,Medium,To Do,726.0,4.0,QA,11.0,2.0,13.0
7303,User Story,Transaction history,5,7297.0,REL_X+8,Medium,Closed,,,,,,
7304,Task,QA Android,1,7303.0,REL_X+8,Medium,Closed,1569.0,5.0,QA,4.0,0.0,4.0
7305,Task,Back end development task -2,3,7303.0,REL_X+8,Medium,Closed,1569.0,5.0,Backend,14.0,2.0,16.0
7306,Task,Android UI implementation,1,7303.0,REL_X+8,Medium,To Do,1569.0,5.0,Android,4.0,0.0,4.0
7307,Task,Environment setup,1,7303.0,REL_X+8,Medium,Done,1569.0,5.0,DevOps,5.0,0.0,5.0
7308,Business Story,Password Reset,10,7288.0,REL_X+8,Medium,To Do,,,,,,
7309,User Story,Review transfer,5,7308.0,REL_X+8,Medium,Closed,,,,,,
7310,Task,Back end development task -1,1,7309.0,REL_X+8,Medium,In Progress,1620.0,7.0,Backend,5.0,1.0,6.0
7311,Task,QA Testing,3,7309.0,REL_X+8,Medium,Closed,1620.0,7.0,QA,9.0,0.0,9.0
7312,Task,iOS UI implementation,1,7309.0,REL_X+8,Medium,Closed,1620.0,7.0,iOS,6.0,1.0,7.0
7313,Epic,Notifications,55,,REL_X+7,Low,In Review,,,,,,
7314,Feature,SMS Alerts,21,7313.0,REL_X+7,Low,In Review,,,,,,
7315,Business Story,Payment Callback,9,7314.0,REL_X+7,Low,Done,,,,,,
7316,User Story,Transaction history,7,7315.0,REL_X+7,Low,Closed,,,,,,
7317,Task,QA Android,3,7316.0,REL_X+7,Low,In Review,1540.0,4.0,QA,11.0,1.0,12.0
7318,Task,QA iOS,2,7316.0,REL_X+7,Low,Blocked,1540.0,4.0,QA,6.0,0.0,6.0
7319,Task,Environment setup,2,7316.0,REL_X+7,Low,In Review,1540.0,4.0,DevOps,9.0,0.0,9.0
7320,Task,Android development task -1,1,7316.0,REL_X+7,Low,Done,1540.0,4.0,Android,5.0,1.0,6.0
7321,User Story,Make a transfer,4,7315.0,REL_X+7,Low,In Review,,,,,,
7322,Task,iOS UI implementation,2,7321.0,REL_X+7,Low,In Progress,1381.0,6.0,iOS,10.0,0.0,10.0
7323,Business Story,Password Reset,10,7314.0,REL_X+7,Low,Blocked,,,,,,
7324,User Story,Payment Confirmation,6,7323.0,REL_X+7,Low,Closed,,,,,,
7325,Task,Back end development task -2,1,7324.0,REL_X+7,Low,Done,1400.0,6.0,Backend,3.0,0.0,3.0
7326,User Story,Payment Form,8,7323.0,REL_X+7,Low,To Do,,,,,,
7327,Task,Android development task -1,2,7326.0,REL_X+7,Low,Blocked,257.0,2.0,Android,8.0,1.0,9.0
7328,Task,Environment setup,2,7326.0,REL_X+7,Low,In Review,257.0,2.0,DevOps,7.0,0.0,7.0
7329,Task,Android development task -1,2,7326.0,REL_X+7,Low,In Progress,257.0,2.0,Android,6.0,1.0,7.0
7330,Task,Back end development task -1,1,7326.0,REL_X+7,Low,Done,257.0,2.0,Backend,5.0,0.0,5.0
7331,Task,QA Android,2,7326.0,REL_X+7,Low,Closed,257.0,2.0,QA,9.0,0.0,9.0
7332,Business Story,Payment Validation,9,7314.0,REL_X+7,Low,Done,,,,,,
7333,User Story,Send email,5,7332.0,REL_X+7,Low,Done,,,,,,
7334,Task,QA Android,1,7333.0,REL_X+7,Low,In Review,1137.0,4.0,QA,4.0,0.0,4.0
7335,User Story,Verify Email,5,7332.0,REL_X+7,Low,Closed,,,,,,
7336,Task,iOS development task 1,3,7335.0,REL_X+7,Low,Done,935.0,4.0,iOS,14.0,2.0,16.0
7337,Task,Android development task -1,3,7335.0,REL_X+7,Low,Blocked,935.0,4.0,Android,10.0,2.0,12.0
7338,Task,Back end development task -2,2,7335.0,REL_X+7,Low,In Review,935.0,4.0,Backend,10.0,2.0,12.0
7339,Task,Environment setup,3,7335.0,REL_X+7,Low,Closed,935.0,4.0,DevOps,9.0,1.0,10.0
7340,Feature,Encryption,21,7313.0,REL_X+7,Low,Done,,,,,,
7341,Business Story,Remove Card,13,7340.0,REL_X+7,Low,To Do,,,,,,
7342,User Story,Transaction history,8,7341.0,REL_X+7,Low,In Review,,,,,,
7343,Task,Environment setup,3,7342.0,REL_X+7,Low,To Do,522.0,5.0,DevOps,18.0,1.0,19.0
7344,Task,Android UI implementation,1,7342.0,REL_X+7,Low,Closed,522.0,5.0,Android,5.0,0.0,5.0
7345,Task,Android development task -1,3,7342.0,REL_X+7,Low,Closed,522.0,5.0,Android,16.0,1.0,17.0
7346,Task,QA iOS,3,7342.0,REL_X+7,Low,Blocked,522.0,5.0,QA,11.0,0.0,11.0
7347,Business Story,Password Reset,10,7340.0,REL_X+7,Low,Closed,,,,,,
7348,User Story,Payment Form,5,7347.0,REL_X+7,Low,To Do,,,,,,
7349,Task,iOS development task 1,2,7348.0,REL_X+7,Low,In Progress,961.0,5.0,iOS,8.0,0.0,8.0
7350,Task,QA iOS,3,7348.0,REL_X+7,Low,Closed,961.0,5.0,QA,11.0,0.0,11.0
7351,Task,Back end development task -1,2,7348.0,REL_X+7,Low,Blocked,961.0,5.0,Backend,7.0,0.0,7.0
7352,Task,QA Testing,2,7348.0,REL_X+7,Low,Done,961.0,5.0,QA,10.0,0.0,10.0
7353,Task,iOS UI implementation,2,7348.0,REL_X+7,Low,In Progress,961.0,5.0,iOS,9.0,0.0,9.0
7354,User Story,Transaction history,5,7347.0,REL_X+7,Low,In Review,,,,,,
7355,Task,QA Android,3,7354.0,REL_X+7,Low,To Do,1865.0,8.0,QA,14.0,1.0,15.0
7356,Task,iOS UI implementation,1,7354.0,REL_X+7,Low,Closed,1865.0,8.0,iOS,4.0,0.0,4.0
7357,User Story,Error Handling,3,7347.0,REL_X+7,Low,To Do,,,,,,
7358,Task,Back end development task -1,3,7357.0,REL_X+7,Low,Blocked,387.0,7.0,Backend,18.0,0.0,18.0
7359,Task,Back end development task -2,3,7357.0,REL_X+7,Low,Done,387.0,7.0,Backend,16.0,0.0,16.0
7360,Task,iOS UI implementation,3,7357.0,REL_X+7,Low,In Progress,387.0,7.0,iOS,15.0,1.0,16.0
7361,Task,Back end development task -2,1,7357.0,REL_X+7,Low,In Review,387.0,7.0,Backend,3.0,0.0,3.0
7362,Epic,Notifications,55,,REL_X+6,Medium,Closed,,,,,,
7363,Feature,Custom Reports,34,7362.0,REL_X+6,Medium,Blocked,,,,,,
7364,Business Story,Payment Callback,9,7363.0,REL_X+6,Medium,In Review,,,,,,
7365,User Story,Payment Form,6,7364.0,REL_X+6,Medium,Closed,,,,,,
7366,Task,QA iOS,1,7365.0,REL_X+6,Medium,Blocked,1769.0,5.0,QA,6.0,0.0,6.0
7367,Task,QA Testing,1,7365.0,REL_X+6,Medium,Done,1769.0,5.0,QA,5.0,0.0,5.0
7368,Task,QA iOS,2,7365.0,REL_X+6,Medium,Blocked,1769.0,5.0,QA,9.0,1.0,10.0
7369,Business Story,Password Reset,10,7363.0,REL_X+6,Medium,Blocked,,,,,,
7370,User Story,Send email,4,7369.0,REL_X+6,Medium,In Review,,,,,,
7371,Task,Android development task -1,1,7370.0,REL_X+6,Medium,Blocked,1567.0,5.0,Android,6.0,0.0,6.0
7372,Task,Back end development task -1,1,7370.0,REL_X+6,Medium,Closed,1567.0,5.0,Backend,4.0,0.0,4.0
7373,User Story,Display Card Menu,8,7369.0,REL_X+6,Medium,In Review,,,,,,
7374,Task,QA Android,3,7373.0,REL_X+6,Medium,To Do,708.0,4.0,QA,12.0,0.0,12.0
7375,Task,Back end development task -2,3,7373.0,REL_X+6,Medium,To Do,708.0,4.0,Backend,16.0,2.0,18.0
7376,User Story,Payment Confirmation,6,7369.0,REL_X+6,Medium,In Progress,,,,,,
7377,Task,iOS UI implementation,2,7376.0,REL_X+6,Medium,In Review,687.0,3.0,iOS,7.0,0.0,7.0
7378,Feature,Scheduled Reports,21,7362.0,REL_X+6,Medium,Blocked,,,,,,
7379,Business Story,Process Payment,9,7378.0,REL_X+6,Medium,In Progress,,,,,,
7380,User Story,Payment Confirmation,5,7379.0,REL_X+6,Medium,Closed,,,,,,
7381,Task,Back end development task -1,1,7380.0,REL_X+6,Medium,Blocked,1178.0,6.0,Backend,5.0,0.0,5.0
7382,Task,iOS UI implementation,2,7380.0,REL_X+6,Medium,In Progress,1178.0,6.0,iOS,7.0,0.0,7.0
7383,Task,QA Testing,1,7380.0,REL_X+6,Medium,In Progress,1178.0,6.0,QA,4.0,0.0,4.0
7384,Task,Android development task -1,2,7380.0,REL_X+6,Medium,In Progress,1178.0,6.0,Android,8.0,1.0,9.0
7385,Task,Back end development task -1,1,7380.0,REL_X+6,Medium,Closed,1178.0,6.0,Backend,4.0,0.0,4.0
7386,User Story,Review transfer,4,7379.0,REL_X+6,Medium,In Review,,,,,,
7387,Task,QA Android,1,7386.0,REL_X+6,Medium,Closed,1538.0,4.0,QA,4.0,0.0,4.0
7388,Task,QA Testing,3,7386.0,REL_X+6,Medium,Done,1538.0,4.0,QA,9.0,0.0,9.0
7389,Task,Android development task -1,1,7386.0,REL_X+6,Medium,To Do,1538.0,4.0,Android,4.0,0.0,4.0
7390,Task,QA Android,2,7386.0,REL_X+6,Medium,In Progress,1538.0,4.0,QA,6.0,1.0,7.0
7391,Task,QA Android,1,7386.0,REL_X+6,Medium,Closed,1538.0,4.0,QA,4.0,0.0,4.0
7392,Business Story,Email Verification,10,7378.0,REL_X+6,Medium,Closed,,,,,,
7393,User Story,Payment Confirmation,5,7392.0,REL_X+6,Medium,Closed,,,,,,
7394,Task,Android development task -1,1,7393.0,REL_X+6,Medium,In Review,1569.0,5.0,Android,6.0,0.0,6.0
7395,User Story,Review transfer,5,7392.0,REL_X+6,Medium,Blocked,,,,,,
7396,Task,QA Android,2,7395.0,REL_X+6,Medium,To Do,207.0,8.0,QA,11.0,2.0,13.0
7397,Task,QA Testing,3,7395.0,REL_X+6,Medium,Done,207.0,8.0,QA,18.0,3.0,21.0
7398,Task,Back end development task -1,3,7395.0,REL_X+6,Medium,In Review,207.0,8.0,Backend,15.0,2.0,17.0
7399,Task,QA Android,1,7395.0,REL_X+6,Medium,In Review,207.0,8.0,QA,4.0,0.0,4.0
7400,Task,QA Testing,2,7395.0,REL_X+6,Medium,Blocked,207.0,8.0,QA,10.0,0.0,10.0
7401,User Story,Transaction history,5,7392.0,REL_X+6,Medium,In Progress,,,,,,
7402,Task,Back end development task -1,1,7401.0,REL_X+6,Medium,In Progress,892.0,3.0,Backend,4.0,0.0,4.0
7403,Task,iOS UI implementation,2,7401.0,REL_X+6,Medium,In Review,892.0,3.0,iOS,8.0,0.0,8.0
7404,Task,Android development task -1,2,7401.0,REL_X+6,Medium,Closed,892.0,3.0,Android,10.0,0.0,10.0
7405,Business Story,Remove Card,13,7378.0,REL_X+6,Medium,Done,,,,,,
7406,User Story,Review transfer,5,7405.0,REL_X+6,Medium,Done,,,,,,
7407,Task,Android UI implementation,3,7406.0,REL_X+6,Medium,Closed,1865.0,8.0,Android,17.0,1.0,18.0
7408,Task,QA Android,1,7406.0,REL_X+6,Medium,In Progress,1865.0,8.0,QA,5.0,0.0,5.0
7409,Task,QA iOS,1,7406.0,REL_X+6,Medium,In Review,1865.0,8.0,QA,5.0,1.0,6.0
7410,Task,QA Android,2,7406.0,REL_X+6,Medium,Closed,1865.0,8.0,QA,11.0,2.0,13.0
7411,Task,Back end development task -1,1,7406.0,REL_X+6,Medium,Blocked,1865.0,8.0,Backend,3.0,0.0,3.0
7412,Feature,Authorization,34,7362.0,REL_X+6,Medium,Blocked,,,,,,
7413,Business Story,Add Card,13,7412.0,REL_X+6,Medium,In Progress,,,,,,
7414,User Story,Payment Form,5,7413.0,REL_X+6,Medium,In Review,,,,,,
7415,Task,iOS UI implementation,1,7414.0,REL_X+6,Medium,Closed,1698.0,2.0,iOS,5.0,0.0,5.0
7416,Task,Back end development task -1,1,7414.0,REL_X+6,Medium,In Review,1698.0,2.0,Backend,5.0,0.0,5.0
7417,Task,Android development task -1,3,7414.0,REL_X+6,Medium,In Progress,1698.0,2.0,Android,15.0,1.0,16.0
7418,Task,iOS development task 1,1,7414.0,REL_X+6,Medium,Closed,1698.0,2.0,iOS,6.0,0.0,6.0
7419,Task,Android UI implementation,1,7414.0,REL_X+6,Medium,Done,1698.0,2.0,Android,6.0,0.0,6.0
7420,User Story,Verify Email,5,7413.0,REL_X+6,Medium,Done,,,,,,
7421,Task,Android development task -1,1,7420.0,REL_X+6,Medium,Closed,690.0,3.0,Android,5.0,1.0,6.0
7422,Task,Android development task -1,1,7420.0,REL_X+6,Medium,In Progress,690.0,3.0,Android,6.0,1.0,7.0
7423,Task,Environment setup,1,7420.0,REL_X+6,Medium,To Do,690.0,3.0,DevOps,6.0,0.0,6.0
7424,Task,Back end development task -2,1,7420.0,REL_X+6,Medium,Closed,690.0,3.0,Backend,3.0,0.0,3.0
7425,Task,Android development task -1,2,7420.0,REL_X+6,Medium,Blocked,690.0,3.0,Android,9.0,0.0,9.0
7426,Business Story,Password Reset,10,7412.0,REL_X+6,Medium,Closed,,,,,,
7427,User Story,Review transfer,5,7426.0,REL_X+6,Medium,Blocked,,,,,,
7428,Task,QA Android,2,7427.0,REL_X+6,Medium,In Progress,1346.0,4.0,QA,12.0,0.0,12.0
7429,Task,QA Android,1,7427.0,REL_X+6,Medium,Done,1346.0,4.0,QA,6.0,1.0,7.0
7430,Task,QA Android,2,7427.0,REL_X+6,Medium,Closed,1346.0,4.0,QA,6.0,1.0,7.0
7431,Task,Backend API development,1,7427.0,REL_X+6,Medium,To Do,1346.0,4.0,Backend,3.0,0.0,3.0
7432,User Story,Make a transfer,5,7426.0,REL_X+6,Medium,In Review,,,,,,
7433,Task,iOS UI implementation,1,7432.0,REL_X+6,Medium,In Progress,1124.0,4.0,iOS,3.0,0.0,3.0
7434,Task,Android development task -1,1,7432.0,REL_X+6,Medium,Done,1124.0,4.0,Android,5.0,1.0,6.0
7435,Task,QA Android,2,7432.0,REL_X+6,Medium,Done,1124.0,4.0,QA,10.0,1.0,11.0
7436,Task,QA Android,2,7432.0,REL_X+6,Medium,Blocked,1124.0,4.0,QA,8.0,0.0,8.0
7437,Task,iOS UI implementation,2,7432.0,REL_X+6,Medium,Closed,1124.0,4.0,iOS,12.0,2.0,14.0
7438,Business Story,Process Payment,9,7412.0,REL_X+6,Medium,To Do,,,,,,
7439,User Story,Review transfer,8,7438.0,REL_X+6,Medium,In Review,,,,,,
7440,Task,iOS development task 1,1,7439.0,REL_X+6,Medium,In Progress,1580.0,5.0,iOS,5.0,1.0,6.0
7441,Task,iOS development task 1,1,7439.0,REL_X+6,Medium,Blocked,1580.0,5.0,iOS,5.0,1.0,6.0
7442,Task,QA Android,2,7439.0,REL_X+6,Medium,Done,1580.0,5.0,QA,7.0,1.0,8.0
7443,User Story,Payment Form,7,7438.0,REL_X+6,Medium,Closed,,,,,,
7444,Task,Android development task -1,2,7443.0,REL_X+6,Medium,Closed,1579.0,5.0,Android,10.0,0.0,10.0
7445,Task,QA iOS,1,7443.0,REL_X+6,Medium,Done,1579.0,5.0,QA,5.0,0.0,5.0
7446,Task,QA Android,1,7443.0,REL_X+6,Medium,Blocked,1579.0,5.0,QA,5.0,1.0,6.0
7447,User Story,Display Card Screen,3,7438.0,REL_X+6,Medium,Done,,,,,,
7448,Task,Back end development task -1,3,7447.0,REL_X+6,Medium,In Review,1544.0,4.0,Backend,13.0,0.0,13.0
7449,Task,QA Android,1,7447.0,REL_X+6,Medium,Done,1544.0,4.0,QA,6.0,1.0,7.0
7450,Task,QA Android,2,7447.0,REL_X+6,Medium,Closed,1544.0,4.0,QA,9.0,0.0,9.0
7451,Task,QA iOS,1,7447.0,REL_X+6,Medium,Done,1544.0,4.0,QA,4.0,0.0,4.0
7452,Task,Backend API development,1,7447.0,REL_X+6,Medium,In Progress,1544.0,4.0,Backend,4.0,0.0,4.0
7453,Feature,Data Export,21,7362.0,REL_X+6,Medium,In Review,,,,,,
7454,Business Story,Email Verification,10,7453.0,REL_X+6,Medium,Done,,,,,,
7455,User Story,Error Handling,4,7454.0,REL_X+6,Medium,To Do,,,,,,
7456,Task,QA Android,1,7455.0,REL_X+6,Medium,To Do,383.0,7.0,QA,4.0,0.0,4.0
7457,User Story,Send email,3,7454.0,REL_X+6,Medium,Done,,,,,,
7458,Task,QA iOS,3,7457.0,REL_X+6,Medium,Blocked,93.0,4.0,QA,15.0,2.0,17.0
7459,Task,iOS UI implementation,1,7457.0,REL_X+6,Medium,In Progress,93.0,4.0,iOS,5.0,0.0,5.0
7460,Business Story,Sign Up,11,7453.0,REL_X+6,Medium,Blocked,,,,,,
7461,User Story,Transaction history,5,7460.0,REL_X+6,Medium,Blocked,,,,,,
7462,Task,iOS development task 1,2,7461.0,REL_X+6,Medium,To Do,1505.0,2.0,iOS,6.0,1.0,7.0
7463,Task,QA iOS,1,7461.0,REL_X+6,Medium,In Progress,1505.0,2.0,QA,5.0,0.0,5.0
7464,Task,Backend API development,2,7461.0,REL_X+6,Medium,Closed,1505.0,2.0,Backend,8.0,1.0,9.0
7465,Task,Environment setup,2,7461.0,REL_X+6,Medium,To Do,1505.0,2.0,DevOps,11.0,0.0,11.0
7466,Task,Android development task -1,1,7461.0,REL_X+6,Medium,In Progress,1505.0,2.0,Android,4.0,0.0,4.0
7467,User Story,Payment Form,5,7460.0,REL_X+6,Medium,Done,,,,,,
7468,Task,Back end development task -1,1,7467.0,REL_X+6,Medium,In Review,852.0,1.0,Backend,4.0,0.0,4.0
7469,Task,Back end development task -1,2,7467.0,REL_X+6,Medium,Done,852.0,1.0,Backend,6.0,0.0,6.0
7470,Task,QA iOS,2,7467.0,REL_X+6,Medium,Done,852.0,1.0,QA,9.0,0.0,9.0
7471,Task,Back end development task -1,1,7467.0,REL_X+6,Medium,In Progress,852.0,1.0,Backend,3.0,0.0,3.0
7472,Epic,Security,55,,REL_X+7,Critical,To Do,,,,,,
7473,Feature,Account Settings,21,7472.0,REL_X+7,Critical,Blocked,,,,,,
7474,Business Story,Payment Callback,9,7473.0,REL_X+7,Critical,Done,,,,,,
7475,User Story,Error Handling,8,7474.0,REL_X+7,Critical,Closed,,,,,,
7476,Task,Back end development task -2,3,7475.0,REL_X+7,Critical,Done,1607.0,6.0,Backend,14.0,0.0,14.0
7477,Task,iOS development task 1,2,7475.0,REL_X+7,Critical,In Progress,1607.0,6.0,iOS,11.0,2.0,13.0
7478,Task,iOS UI implementation,2,7475.0,REL_X+7,Critical,Closed,1607.0,6.0,iOS,6.0,1.0,7.0
7479,User Story,Display Card Screen,5,7474.0,REL_X+7,Critical,Blocked,,,,,,
7480,Task,Back end development task -1,2,7479.0,REL_X+7,Critical,Done,16.0,1.0,Backend,10.0,0.0,10.0
7481,Task,QA Android,2,7479.0,REL_X+7,Critical,Closed,16.0,1.0,QA,12.0,2.0,14.0
7482,Task,QA Android,1,7479.0,REL_X+7,Critical,To Do,16.0,1.0,QA,3.0,0.0,3.0
7483,Task,Android development task -1,3,7479.0,REL_X+7,Critical,In Progress,16.0,1.0,Android,12.0,0.0,12.0
7484,Task,Environment setup,2,7479.0,REL_X+7,Critical,In Progress,16.0,1.0,DevOps,8.0,1.0,9.0
7485,User Story,Review transfer,8,7474.0,REL_X+7,Critical,To Do,,,,,,
7486,Task,Back end development task -2,2,7485.0,REL_X+7,Critical,Blocked,1153.0,5.0,Backend,12.0,0.0,12.0
7487,Task,Environment setup,3,7485.0,REL_X+7,Critical,In Review,1153.0,5.0,DevOps,16.0,3.0,19.0
7488,Task,QA Android,1,7485.0,REL_X+7,Critical,Done,1153.0,5.0,QA,6.0,1.0,7.0
7489,Business Story,Sign Up,11,7473.0,REL_X+7,Critical,To Do,,,,,,
7490,User Story,Verify Email,3,7489.0,REL_X+7,Critical,In Progress,,,,,,
7491,Task,Android development task -1,2,7490.0,REL_X+7,Critical,To Do,1854.0,8.0,Android,11.0,0.0,11.0
7492,Task,Backend API development,2,7490.0,REL_X+7,Critical,To Do,1854.0,8.0,Backend,12.0,1.0,13.0
7493,Task,iOS UI implementation,1,7490.0,REL_X+7,Critical,To Do,1854.0,8.0,iOS,3.0,0.0,3.0
7494,Task,iOS development task 1,2,7490.0,REL_X+7,Critical,Done,1854.0,8.0,iOS,6.0,0.0,6.0
7495,User Story,Display Card Screen,3,7489.0,REL_X+7,Critical,To Do,,,,,,
7496,Task,Back end development task -1,3,7495.0,REL_X+7,Critical,In Progress,1367.0,5.0,Backend,18.0,1.0,19.0
7497,Task,Back end development task -2,1,7495.0,REL_X+7,Critical,Done,1367.0,5.0,Backend,5.0,1.0,6.0
7498,Feature,Encryption,21,7472.0,REL_X+7,Critical,Closed,,,,,,
7499,Business Story,Add Card,13,7498.0,REL_X+7,Critical,In Progress,,,,,,
7500,User Story,Display Card Screen,6,7499.0,REL_X+7,Critical,Closed,,,,,,
7501,Task,iOS UI implementation,2,7500.0,REL_X+7,Critical,Closed,699.0,3.0,iOS,11.0,2.0,13.0
7502,Task,iOS development task 1,3,7500.0,REL_X+7,Critical,Closed,699.0,3.0,iOS,18.0,3.0,21.0
7503,Task,iOS development task 1,2,7500.0,REL_X+7,Critical,In Review,699.0,3.0,iOS,9.0,0.0,9.0
7504,Task,QA Android,1,7500.0,REL_X+7,Critical,To Do,699.0,3.0,QA,4.0,0.0,4.0
7505,Task,Android development task -1,2,7500.0,REL_X+7,Critical,Blocked,699.0,3.0,Android,12.0,0.0,12.0
7506,Business Story,Password Reset,10,7498.0,REL_X+7,Critical,To Do,,,,,,
7507,User Story,Display Card Screen,6,7506.0,REL_X+7,Critical,Closed,,,,,,
7508,Task,Back end development task -1,1,7507.0,REL_X+7,Critical,Done,1823.0,7.0,Backend,6.0,0.0,6.0
7509,Task,Environment setup,2,7507.0,REL_X+7,Critical,In Review,1823.0,7.0,DevOps,9.0,0.0,9.0
7510,Task,Back end development task -2,3,7507.0,REL_X+7,Critical,In Review,1823.0,7.0,Backend,17.0,1.0,18.0
7511,Task,iOS UI implementation,2,7507.0,REL_X+7,Critical,Done,1823.0,7.0,iOS,8.0,1.0,9.0
7512,Task,QA Android,1,7507.0,REL_X+7,Critical,Done,1823.0,7.0,QA,6.0,0.0,6.0
7513,User Story,Verify Email,5,7506.0,REL_X+7,Critical,Closed,,,,,,
7514,Task,Back end development task -2,1,7513.0,REL_X+7,Critical,In Review,681.0,3.0,Backend,4.0,0.0,4.0
7515,Task,QA iOS,1,7513.0,REL_X+7,Critical,Done,681.0,3.0,QA,4.0,0.0,4.0
7516,Task,Back end development task -2,1,7513.0,REL_X+7,Critical,To Do,681.0,3.0,Backend,4.0,0.0,4.0
7517,Task,Android development task -1,1,7513.0,REL_X+7,Critical,Done,681.0,3.0,Android,3.0,0.0,3.0
7518,Task,QA Android,1,7513.0,REL_X+7,Critical,In Progress,681.0,3.0,QA,6.0,1.0,7.0
7519,User Story,Transaction history,5,7506.0,REL_X+7,Critical,In Progress,,,,,,
7520,Task,Android development task -1,1,7519.0,REL_X+7,Critical,Done,1382.0,6.0,Android,6.0,0.0,6.0
7521,Task,QA Android,1,7519.0,REL_X+7,Critical,In Review,1382.0,6.0,QA,3.0,0.0,3.0
7522,Task,QA Testing,1,7519.0,REL_X+7,Critical,Blocked,1382.0,6.0,QA,6.0,0.0,6.0
7523,Task,Android development task -1,2,7519.0,REL_X+7,Critical,Done,1382.0,6.0,Android,9.0,1.0,10.0
7524,Task,Back end development task -1,1,7519.0,REL_X+7,Critical,Done,1382.0,6.0,Backend,6.0,0.0,6.0
7525,Feature,Push Notifications,21,7472.0,REL_X+7,Critical,Blocked,,,,,,
7526,Business Story,Remove Card,13,7525.0,REL_X+7,Critical,Blocked,,,,,,
7527,User Story,Payment Confirmation,5,7526.0,REL_X+7,Critical,To Do,,,,,,
7528,Task,Android development task -1,2,7527.0,REL_X+7,Critical,Blocked,1573.0,5.0,Android,7.0,1.0,8.0
7529,Task,iOS UI implementation,1,7527.0,REL_X+7,Critical,Blocked,1573.0,5.0,iOS,3.0,0.0,3.0
7530,Business Story,Payment Callback,9,7525.0,REL_X+7,Critical,In Review,,,,,,
7531,User Story,Make a transfer,6,7530.0,REL_X+7,Critical,Closed,,,,,,
7532,Task,QA iOS,1,7531.0,REL_X+7,Critical,In Progress,605.0,8.0,QA,5.0,1.0,6.0
7533,User Story,Payment Form,5,7530.0,REL_X+7,Critical,Closed,,,,,,
7534,Task,Android development task -1,1,7533.0,REL_X+7,Critical,In Progress,303.0,4.0,Android,4.0,0.0,4.0
7535,Task,QA iOS,3,7533.0,REL_X+7,Critical,To Do,303.0,4.0,QA,15.0,0.0,15.0
7536,Task,QA iOS,2,7533.0,REL_X+7,Critical,In Review,303.0,4.0,QA,10.0,2.0,12.0
7537,Business Story,Password Reset,10,7525.0,REL_X+7,Critical,Done,,,,,,
7538,User Story,Display Card Screen,4,7537.0,REL_X+7,Critical,In Review,,,,,,
7539,Task,QA iOS,2,7538.0,REL_X+7,Critical,Closed,1740.0,3.0,QA,6.0,1.0,7.0
7540,User Story,Payment Form,7,7537.0,REL_X+7,Critical,In Review,,,,,,
7541,Task,QA Android,2,7540.0,REL_X+7,Critical,In Review,408.0,8.0,QA,10.0,1.0,11.0
7542,Feature,User Profile,34,7472.0,REL_X+7,Critical,Blocked,,,,,,
7543,Business Story,Email Verification,10,7542.0,REL_X+7,Critical,In Review,,,,,,
7544,User Story,Make a transfer,4,7543.0,REL_X+7,Critical,Closed,,,,,,
7545,Task,Back end development task -1,2,7544.0,REL_X+7,Critical,In Review,1457.0,1.0,Backend,7.0,1.0,8.0
7546,User Story,Review transfer,7,7543.0,REL_X+7,Critical,In Progress,,,,,,
7547,Task,iOS development task 1,3,7546.0,REL_X+7,Critical,To Do,1486.0,2.0,iOS,10.0,1.0,11.0
7548,User Story,Error Handling,7,7543.0,REL_X+7,Critical,Done,,,,,,
7549,Task,Back end development task -1,1,7548.0,REL_X+7,Critical,Blocked,1618.0,7.0,Backend,4.0,0.0,4.0
7550,Task,Android development task -1,2,7548.0,REL_X+7,Critical,In Progress,1618.0,7.0,Android,8.0,0.0,8.0
7551,Task,iOS development task 1,3,7548.0,REL_X+7,Critical,In Progress,1618.0,7.0,iOS,15.0,1.0,16.0
7552,Task,Environment setup,1,7548.0,REL_X+7,Critical,Closed,1618.0,7.0,DevOps,3.0,0.0,3.0
7553,Business Story,View Cards,12,7542.0,REL_X+7,Critical,To Do,,,,,,
7554,User Story,Error Handling,5,7553.0,REL_X+7,Critical,In Review,,,,,,
7555,Task,QA Android,3,7554.0,REL_X+7,Critical,In Progress,334.0,5.0,QA,17.0,3.0,20.0
7556,Task,QA iOS,1,7554.0,REL_X+7,Critical,In Review,334.0,5.0,QA,6.0,1.0,7.0
7557,Task,QA Android,3,7554.0,REL_X+7,Critical,Closed,334.0,5.0,QA,15.0,1.0,16.0
7558,Task,Android development task -1,2,7554.0,REL_X+7,Critical,In Progress,334.0,5.0,Android,10.0,0.0,10.0
7559,Epic,Reporting,55,,REL_X+4,High,In Review,,,,,,
7560,Feature,Transaction History,34,7559.0,REL_X+4,High,In Progress,,,,,,
7561,Business Story,Remove Card,13,7560.0,REL_X+4,High,Done,,,,,,
7562,User Story,Payment Confirmation,5,7561.0,REL_X+4,High,In Progress,,,,,,
7563,Task,QA Android,1,7562.0,REL_X+4,High,In Progress,516.0,4.0,QA,4.0,0.0,4.0
7564,Task,Back end development task -1,3,7562.0,REL_X+4,High,Blocked,516.0,4.0,Backend,16.0,3.0,19.0
7565,Task,iOS UI implementation,1,7562.0,REL_X+4,High,Done,516.0,4.0,iOS,6.0,0.0,6.0
7566,User Story,Make a transfer,4,7561.0,REL_X+4,High,Done,,,,,,
7567,Task,QA iOS,2,7566.0,REL_X+4,High,Blocked,1015.0,8.0,QA,12.0,2.0,14.0
7568,Task,Environment setup,2,7566.0,REL_X+4,High,Closed,1015.0,8.0,DevOps,7.0,0.0,7.0
7569,Task,QA Testing,1,7566.0,REL_X+4,High,Closed,1015.0,8.0,QA,3.0,0.0,3.0
7570,User Story,Display Card Menu,8,7561.0,REL_X+4,High,Done,,,,,,
7571,Task,QA Android,1,7570.0,REL_X+4,High,In Progress,738.0,5.0,QA,4.0,0.0,4.0
7572,Task,iOS development task 1,2,7570.0,REL_X+4,High,In Review,738.0,5.0,iOS,6.0,1.0,7.0
7573,Task,Environment setup,1,7570.0,REL_X+4,High,To Do,738.0,5.0,DevOps,5.0,0.0,5.0
7574,Task,iOS development task 1,1,7570.0,REL_X+4,High,In Review,738.0,5.0,iOS,6.0,0.0,6.0
7575,Task,Android development task -1,1,7570.0,REL_X+4,High,In Review,738.0,5.0,Android,6.0,1.0,7.0
7576,Business Story,Payment Callback,9,7560.0,REL_X+4,High,Closed,,,,,,
7577,User Story,Transaction history,8,7576.0,REL_X+4,High,In Progress,,,,,,
7578,Task,QA Testing,1,7577.0,REL_X+4,High,In Progress,142.0,6.0,QA,3.0,0.0,3.0
7579,Task,Back end development task -1,3,7577.0,REL_X+4,High,Blocked,142.0,6.0,Backend,13.0,2.0,15.0
7580,Task,QA iOS,2,7577.0,REL_X+4,High,Blocked,142.0,6.0,QA,12.0,2.0,14.0
7581,Task,Back end development task -1,1,7577.0,REL_X+4,High,Closed,142.0,6.0,Backend,3.0,0.0,3.0
7582,Task,Android development task -1,1,7577.0,REL_X+4,High,In Review,142.0,6.0,Android,5.0,1.0,6.0
7583,User Story,Error Handling,6,7576.0,REL_X+4,High,Done,,,,,,
7584,Task,iOS UI implementation,2,7583.0,REL_X+4,High,Done,1436.0,8.0,iOS,11.0,2.0,13.0
7585,Task,Environment setup,3,7583.0,REL_X+4,High,To Do,1436.0,8.0,DevOps,16.0,3.0,19.0
7586,Task,Android development task -1,1,7583.0,REL_X+4,High,Done,1436.0,8.0,Android,4.0,0.0,4.0
7587,Business Story,Process Payment,9,7560.0,REL_X+4,High,In Review,,,,,,
7588,User Story,Payment Form,5,7587.0,REL_X+4,High,In Progress,,,,,,
7589,Task,QA Testing,3,7588.0,REL_X+4,High,In Progress,1055.0,1.0,QA,18.0,0.0,18.0
7590,Task,QA Android,1,7588.0,REL_X+4,High,In Progress,1055.0,1.0,QA,4.0,0.0,4.0
7591,Feature,Payment Gateway,34,7559.0,REL_X+4,High,Done,,,,,,
7592,Business Story,Sign Up,11,7591.0,REL_X+4,High,Blocked,,,,,,
7593,User Story,Transaction history,5,7592.0,REL_X+4,High,Closed,,,,,,
7594,Task,QA Android,2,7593.0,REL_X+4,High,In Review,241.0,2.0,QA,10.0,1.0,11.0
7595,Task,Android UI implementation,1,7593.0,REL_X+4,High,To Do,241.0,2.0,Android,6.0,1.0,7.0
7596,Task,Android UI implementation,1,7593.0,REL_X+4,High,Blocked,241.0,2.0,Android,6.0,1.0,7.0
7597,Business Story,Payment Validation,9,7591.0,REL_X+4,High,In Review,,,,,,
7598,User Story,Display Card Menu,5,7597.0,REL_X+4,High,Blocked,,,,,,
7599,Task,QA iOS,3,7598.0,REL_X+4,High,To Do,774.0,6.0,QA,17.0,1.0,18.0
7600,Task,QA iOS,2,7598.0,REL_X+4,High,In Progress,774.0,6.0,QA,11.0,2.0,13.0
7601,User Story,Error Handling,4,7597.0,REL_X+4,High,In Progress,,,,,,
7602,Task,iOS UI implementation,3,7601.0,REL_X+4,High,Blocked,1759.0,4.0,iOS,17.0,1.0,18.0
7603,Task,iOS development task 1,2,7601.0,REL_X+4,High,In Review,1759.0,4.0,iOS,7.0,1.0,8.0
7604,Task,QA Android,2,7601.0,REL_X+4,High,In Review,1759.0,4.0,QA,7.0,0.0,7.0
7605,Task,QA Android,2,7601.0,REL_X+4,High,Done,1759.0,4.0,QA,12.0,1.0,13.0
7606,Task,QA iOS,2,7601.0,REL_X+4,High,Blocked,1759.0,4.0,QA,6.0,1.0,7.0
7607,Business Story,Add Card,13,7591.0,REL_X+4,High,Closed,,,,,,
7608,User Story,Display Card Menu,5,7607.0,REL_X+4,High,In Progress,,,,,,
7609,Task,QA Android,1,7608.0,REL_X+4,High,In Review,194.0,8.0,QA,5.0,0.0,5.0
7610,Task,iOS development task 1,2,7608.0,REL_X+4,High,To Do,194.0,8.0,iOS,10.0,0.0,10.0
7611,User Story,Transaction history,8,7607.0,REL_X+4,High,Closed,,,,,,
7612,Task,QA Android,1,7611.0,REL_X+4,High,To Do,634.0,1.0,QA,5.0,0.0,5.0
7613,Task,Back end development task -1,3,7611.0,REL_X+4,High,Done,634.0,1.0,Backend,12.0,1.0,13.0
7614,Task,Environment setup,1,7611.0,REL_X+4,High,Done,634.0,1.0,DevOps,3.0,0.0,3.0
7615,Task,Back end development task -1,2,7611.0,REL_X+4,High,To Do,634.0,1.0,Backend,8.0,0.0,8.0
7616,Feature,Audit Logs,21,7559.0,REL_X+4,High,Closed,,,,,,
7617,Business Story,Email Verification,10,7616.0,REL_X+4,High,Closed,,,,,,
7618,User Story,Send email,3,7617.0,REL_X+4,High,In Progress,,,,,,
7619,Task,QA Android,3,7618.0,REL_X+4,High,In Progress,1024.0,8.0,QA,12.0,1.0,13.0
7620,Task,Backend API development,1,7618.0,REL_X+4,High,Blocked,1024.0,8.0,Backend,6.0,0.0,6.0
7621,Task,Backend API development,1,7618.0,REL_X+4,High,Blocked,1024.0,8.0,Backend,6.0,1.0,7.0
7622,Task,QA Android,2,7618.0,REL_X+4,High,To Do,1024.0,8.0,QA,8.0,1.0,9.0
7623,Task,QA Android,3,7618.0,REL_X+4,High,Blocked,1024.0,8.0,QA,13.0,0.0,13.0
7624,User Story,Transaction history,5,7617.0,REL_X+4,High,Done,,,,,,
7625,Task,QA Android,1,7624.0,REL_X+4,High,In Progress,150.0,6.0,QA,3.0,0.0,3.0
7626,Task,iOS UI implementation,2,7624.0,REL_X+4,High,In Progress,150.0,6.0,iOS,12.0,0.0,12.0
7627,Task,QA Android,2,7624.0,REL_X+4,High,Blocked,150.0,6.0,QA,6.0,1.0,7.0
7628,Task,iOS development task 1,1,7624.0,REL_X+4,High,To Do,150.0,6.0,iOS,3.0,0.0,3.0
7629,Task,Environment setup,1,7624.0,REL_X+4,High,In Review,150.0,6.0,DevOps,3.0,0.0,3.0
7630,User Story,Make a transfer,5,7617.0,REL_X+4,High,To Do,,,,,,
7631,Task,QA iOS,2,7630.0,REL_X+4,High,Blocked,631.0,1.0,QA,9.0,1.0,10.0
7632,Task,QA iOS,2,7630.0,REL_X+4,High,To Do,631.0,1.0,QA,8.0,0.0,8.0
7633,Task,Back end development task -1,3,7630.0,REL_X+4,High,To Do,631.0,1.0,Backend,17.0,3.0,20.0
7634,Business Story,Payment Callback,9,7616.0,REL_X+4,High,Blocked,,,,,,
7635,User Story,Payment Form,5,7634.0,REL_X+4,High,Closed,,,,,,
7636,Task,Environment setup,1,7635.0,REL_X+4,High,Done,1640.0,8.0,DevOps,6.0,0.0,6.0
7637,Task,Back end development task -1,1,7635.0,REL_X+4,High,Closed,1640.0,8.0,Backend,6.0,1.0,7.0
7638,Task,Back end development task -1,1,7635.0,REL_X+4,High,Done,1640.0,8.0,Backend,4.0,0.0,4.0
7639,Task,Backend API development,1,7635.0,REL_X+4,High,Blocked,1640.0,8.0,Backend,4.0,0.0,4.0
7640,Task,QA iOS,1,7635.0,REL_X+4,High,To Do,1640.0,8.0,QA,4.0,0.0,4.0
7641,User Story,Display Card Menu,5,7634.0,REL_X+4,High,Blocked,,,,,,
7642,Task,Android UI implementation,3,7641.0,REL_X+4,High,Done,1163.0,5.0,Android,13.0,1.0,14.0
7643,Task,QA Testing,1,7641.0,REL_X+4,High,Closed,1163.0,5.0,QA,5.0,1.0,6.0
7644,Task,Android UI implementation,2,7641.0,REL_X+4,High,Blocked,1163.0,5.0,Android,7.0,1.0,8.0
7645,Task,Back end development task -1,1,7641.0,REL_X+4,High,Closed,1163.0,5.0,Backend,5.0,1.0,6.0
7646,Task,iOS development task 1,3,7641.0,REL_X+4,High,In Progress,1163.0,5.0,iOS,16.0,3.0,19.0
7647,Business Story,Payment Validation,9,7616.0,REL_X+4,High,Closed,,,,,,
7648,User Story,Verify Email,3,7647.0,REL_X+4,High,Done,,,,,,
7649,Task,QA iOS,1,7648.0,REL_X+4,High,To Do,869.0,2.0,QA,6.0,0.0,6.0
7650,Task,QA iOS,2,7648.0,REL_X+4,High,In Review,869.0,2.0,QA,9.0,0.0,9.0
7651,Task,Backend API development,3,7648.0,REL_X+4,High,In Progress,869.0,2.0,Backend,16.0,2.0,18.0
7652,Task,QA Android,3,7648.0,REL_X+4,High,In Review,869.0,2.0,QA,15.0,2.0,17.0
7653,Task,QA Testing,1,7648.0,REL_X+4,High,In Progress,869.0,2.0,QA,6.0,0.0,6.0
7654,Epic,Reporting,55,,REL_X+8,Critical,Closed,,,,,,
7655,Feature,Encryption,21,7654.0,REL_X+8,Critical,Closed,,,,,,
7656,Business Story,Payment Validation,9,7655.0,REL_X+8,Critical,Blocked,,,,,,
7657,User Story,Transaction history,6,7656.0,REL_X+8,Critical,In Review,,,,,,
7658,Task,iOS development task 1,3,7657.0,REL_X+8,Critical,Closed,725.0,4.0,iOS,13.0,1.0,14.0
7659,Task,Back end development task -2,2,7657.0,REL_X+8,Critical,To Do,725.0,4.0,Backend,7.0,1.0,8.0
7660,User Story,Error Handling,6,7656.0,REL_X+8,Critical,In Progress,,,,,,
7661,Task,QA iOS,2,7660.0,REL_X+8,Critical,Closed,907.0,3.0,QA,6.0,1.0,7.0
7662,Task,Backend API development,1,7660.0,REL_X+8,Critical,In Review,907.0,3.0,Backend,4.0,0.0,4.0
7663,Task,Back end development task -1,1,7660.0,REL_X+8,Critical,Done,907.0,3.0,Backend,5.0,1.0,6.0
7664,Task,Back end development task -2,2,7660.0,REL_X+8,Critical,In Review,907.0,3.0,Backend,9.0,0.0,9.0
7665,User Story,Payment Form,5,7656.0,REL_X+8,Critical,In Progress,,,,,,
7666,Task,QA Android,3,7665.0,REL_X+8,Critical,In Progress,407.0,8.0,QA,18.0,1.0,19.0
7667,Task,iOS development task 1,1,7665.0,REL_X+8,Critical,Closed,407.0,8.0,iOS,6.0,1.0,7.0
7668,Task,Back end development task -2,2,7665.0,REL_X+8,Critical,Blocked,407.0,8.0,Backend,8.0,0.0,8.0
7669,Task,Back end development task -1,1,7665.0,REL_X+8,Critical,To Do,407.0,8.0,Backend,3.0,0.0,3.0
7670,Task,QA Android,1,7665.0,REL_X+8,Critical,In Progress,407.0,8.0,QA,6.0,0.0,6.0
7671,Business Story,Process Payment,9,7655.0,REL_X+8,Critical,Closed,,,,,,
7672,User Story,Display Card Menu,4,7671.0,REL_X+8,Critical,Closed,,,,,,
7673,Task,iOS UI implementation,1,7672.0,REL_X+8,Critical,Closed,1802.0,6.0,iOS,4.0,0.0,4.0
7674,Task,iOS UI implementation,1,7672.0,REL_X+8,Critical,Blocked,1802.0,6.0,iOS,5.0,1.0,6.0
7675,User Story,Send email,5,7671.0,REL_X+8,Critical,Blocked,,,,,,
7676,Task,iOS UI implementation,2,7675.0,REL_X+8,Critical,In Progress,546.0,5.0,iOS,7.0,0.0,7.0
7677,Task,QA Testing,1,7675.0,REL_X+8,Critical,To Do,546.0,5.0,QA,6.0,1.0,7.0
7678,Task,QA iOS,2,7675.0,REL_X+8,Critical,Closed,546.0,5.0,QA,12.0,0.0,12.0
7679,Task,Android development task -1,3,7675.0,REL_X+8,Critical,To Do,546.0,5.0,Android,10.0,0.0,10.0
7680,Business Story,Password Reset,10,7655.0,REL_X+8,Critical,To Do,,,,,,
7681,User Story,Payment Form,5,7680.0,REL_X+8,Critical,Blocked,,,,,,
7682,Task,iOS development task 1,2,7681.0,REL_X+8,Critical,To Do,1647.0,8.0,iOS,10.0,1.0,11.0
7683,Task,Backend API development,1,7681.0,REL_X+8,Critical,Blocked,1647.0,8.0,Backend,5.0,1.0,6.0
7684,Task,QA Testing,1,7681.0,REL_X+8,Critical,To Do,1647.0,8.0,QA,4.0,0.0,4.0
7685,Task,iOS UI implementation,1,7681.0,REL_X+8,Critical,In Review,1647.0,8.0,iOS,5.0,0.0,5.0
7686,Task,Android UI implementation,3,7681.0,REL_X+8,Critical,Closed,1647.0,8.0,Android,14.0,1.0,15.0
7687,Feature,Dashboard,34,7654.0,REL_X+8,Critical,Blocked,,,,,,
7688,Business Story,Email Verification,10,7687.0,REL_X+8,Critical,In Review,,,,,,
7689,User Story,Make a transfer,4,7688.0,REL_X+8,Critical,Blocked,,,,,,
7690,Task,QA Testing,1,7689.0,REL_X+8,Critical,Blocked,60.0,3.0,QA,6.0,0.0,6.0
7691,Task,Environment setup,2,7689.0,REL_X+8,Critical,Closed,60.0,3.0,DevOps,11.0,2.0,13.0
7692,Task,iOS development task 1,3,7689.0,REL_X+8,Critical,In Progress,60.0,3.0,iOS,18.0,1.0,19.0
7693,Task,Backend API development,3,7689.0,REL_X+8,Critical,To Do,60.0,3.0,Backend,12.0,2.0,14.0
7694,User Story,Verify Email,4,7688.0,REL_X+8,Critical,Blocked,,,,,,
7695,Task,QA Android,2,7694.0,REL_X+8,Critical,In Review,946.0,5.0,QA,10.0,2.0,12.0
7696,Task,iOS development task 1,2,7694.0,REL_X+8,Critical,Blocked,946.0,5.0,iOS,7.0,0.0,7.0
7697,Task,iOS UI implementation,3,7694.0,REL_X+8,Critical,In Review,946.0,5.0,iOS,16.0,0.0,16.0
7698,User Story,Display Card Menu,8,7688.0,REL_X+8,Critical,Done,,,,,,
7699,Task,QA Testing,2,7698.0,REL_X+8,Critical,Closed,1595.0,6.0,QA,12.0,0.0,12.0
7700,Business Story,Add Card,13,7687.0,REL_X+8,Critical,Blocked,,,,,,
7701,User Story,Send email,7,7700.0,REL_X+8,Critical,In Review,,,,,,
7702,Task,Back end development task -2,3,7701.0,REL_X+8,Critical,Done,84.0,4.0,Backend,17.0,1.0,18.0
7703,Task,Android development task -1,1,7701.0,REL_X+8,Critical,To Do,84.0,4.0,Android,5.0,0.0,5.0
7704,Task,Back end development task -1,1,7701.0,REL_X+8,Critical,In Progress,84.0,4.0,Backend,5.0,1.0,6.0
7705,Task,iOS UI implementation,3,7701.0,REL_X+8,Critical,In Review,84.0,4.0,iOS,14.0,2.0,16.0
7706,User Story,Display Card Screen,5,7700.0,REL_X+8,Critical,To Do,,,,,,
7707,Task,iOS development task 1,2,7706.0,REL_X+8,Critical,Done,1778.0,5.0,iOS,9.0,0.0,9.0
7708,Task,Back end development task -2,2,7706.0,REL_X+8,Critical,Blocked,1778.0,5.0,Backend,7.0,0.0,7.0
7709,Task,Back end development task -1,2,7706.0,REL_X+8,Critical,In Review,1778.0,5.0,Backend,12.0,1.0,13.0
7710,User Story,Display Card Menu,5,7700.0,REL_X+8,Critical,To Do,,,,,,
7711,Task,QA iOS,2,7710.0,REL_X+8,Critical,In Review,877.0,2.0,QA,10.0,1.0,11.0
7712,Task,iOS development task 1,3,7710.0,REL_X+8,Critical,Closed,877.0,2.0,iOS,17.0,2.0,19.0
7713,Task,QA Android,1,7710.0,REL_X+8,Critical,Blocked,877.0,2.0,QA,4.0,0.0,4.0
7714,Task,QA Android,1,7710.0,REL_X+8,Critical,Blocked,877.0,2.0,QA,5.0,0.0,5.0
7715,Feature,Authentication,34,7654.0,REL_X+8,Critical,Done,,,,,,
7716,Business Story,Remove Card,13,7715.0,REL_X+8,Critical,In Progress,,,,,,
7717,User Story,Display Card Menu,7,7716.0,REL_X+8,Critical,Done,,,,,,
7718,Task,Backend API development,1,7717.0,REL_X+8,Critical,Done,1225.0,8.0,Backend,4.0,0.0,4.0
7719,Task,QA iOS,3,7717.0,REL_X+8,Critical,In Review,1225.0,8.0,QA,14.0,1.0,15.0
7720,Task,iOS development task 1,3,7717.0,REL_X+8,Critical,Blocked,1225.0,8.0,iOS,12.0,0.0,12.0
7721,Task,iOS development task 1,3,7717.0,REL_X+8,Critical,In Progress,1225.0,8.0,iOS,13.0,0.0,13.0
7722,Task,Android UI implementation,1,7717.0,REL_X+8,Critical,To Do,1225.0,8.0,Android,4.0,0.0,4.0
7723,Business Story,Email Verification,10,7715.0,REL_X+8,Critical,In Progress,,,,,,
7724,User Story,Error Handling,3,7723.0,REL_X+8,Critical,In Review,,,,,,
7725,Task,Android development task -1,1,7724.0,REL_X+8,Critical,Closed,9.0,1.0,Android,3.0,0.0,3.0
7726,User Story,Send email,3,7723.0,REL_X+8,Critical,Closed,,,,,,
7727,Task,Android development task -1,3,7726.0,REL_X+8,Critical,Done,1750.0,4.0,Android,9.0,1.0,10.0
7728,Task,iOS development task 1,2,7726.0,REL_X+8,Critical,To Do,1750.0,4.0,iOS,6.0,0.0,6.0
7729,Task,QA Android,1,7726.0,REL_X+8,Critical,In Progress,1750.0,4.0,QA,5.0,1.0,6.0
7730,Task,QA Android,1,7726.0,REL_X+8,Critical,In Progress,1750.0,4.0,QA,6.0,1.0,7.0
7731,User Story,Review transfer,5,7723.0,REL_X+8,Critical,Done,,,,,,
7732,Task,iOS development task 1,3,7731.0,REL_X+8,Critical,Closed,1533.0,3.0,iOS,14.0,2.0,16.0
7733,Task,QA iOS,1,7731.0,REL_X+8,Critical,To Do,1533.0,3.0,QA,3.0,0.0,3.0
7734,Epic,Notifications,55,,REL_X+4,Critical,In Progress,,,,,,
7735,Feature,Refunds,34,7734.0,REL_X+4,Critical,In Review,,,,,,
7736,Business Story,Payment Callback,9,7735.0,REL_X+4,Critical,To Do,,,,,,
7737,User Story,Send email,5,7736.0,REL_X+4,Critical,Blocked,,,,,,
7738,Task,Environment setup,1,7737.0,REL_X+4,Critical,In Progress,1405.0,7.0,DevOps,5.0,0.0,5.0
7739,Task,Back end development task -2,3,7737.0,REL_X+4,Critical,Blocked,1405.0,7.0,Backend,10.0,2.0,12.0
7740,Task,QA iOS,3,7737.0,REL_X+4,Critical,Done,1405.0,7.0,QA,13.0,2.0,15.0
7741,Task,Android UI implementation,1,7737.0,REL_X+4,Critical,Closed,1405.0,7.0,Android,5.0,0.0,5.0
7742,User Story,Make a transfer,6,7736.0,REL_X+4,Critical,Done,,,,,,
7743,Task,iOS development task 1,3,7742.0,REL_X+4,Critical,To Do,1136.0,4.0,iOS,14.0,2.0,16.0
7744,Task,Android development task -1,2,7742.0,REL_X+4,Critical,Closed,1136.0,4.0,Android,8.0,1.0,9.0
7745,Task,Android development task -1,1,7742.0,REL_X+4,Critical,Blocked,1136.0,4.0,Android,5.0,0.0,5.0
7746,User Story,Error Handling,8,7736.0,REL_X+4,Critical,Blocked,,,,,,
7747,Task,QA Android,2,7746.0,REL_X+4,Critical,In Progress,1220.0,7.0,QA,10.0,2.0,12.0
7748,Task,QA Android,3,7746.0,REL_X+4,Critical,To Do,1220.0,7.0,QA,17.0,0.0,17.0
7749,Task,Android development task -1,2,7746.0,REL_X+4,Critical,In Review,1220.0,7.0,Android,9.0,1.0,10.0
7750,Business Story,Email Verification,10,7735.0,REL_X+4,Critical,In Review,,,,,,
7751,User Story,Payment Form,8,7750.0,REL_X+4,Critical,In Review,,,,,,
7752,Task,QA iOS,1,7751.0,REL_X+4,Critical,In Progress,763.0,6.0,QA,3.0,0.0,3.0
7753,Task,Android UI implementation,1,7751.0,REL_X+4,Critical,Blocked,763.0,6.0,Android,5.0,0.0,5.0
7754,Task,QA Testing,2,7751.0,REL_X+4,Critical,To Do,763.0,6.0,QA,6.0,1.0,7.0
7755,Task,Android development task -1,3,7751.0,REL_X+4,Critical,In Review,763.0,6.0,Android,14.0,2.0,16.0
7756,Task,Android development task -1,2,7751.0,REL_X+4,Critical,Blocked,763.0,6.0,Android,11.0,1.0,12.0
7757,User Story,Error Handling,7,7750.0,REL_X+4,Critical,Closed,,,,,,
7758,Task,iOS UI implementation,1,7757.0,REL_X+4,Critical,Blocked,1732.0,3.0,iOS,4.0,0.0,4.0
7759,Feature,Email Service,21,7734.0,REL_X+4,Critical,Closed,,,,,,
7760,Business Story,Remove Card,13,7759.0,REL_X+4,Critical,In Review,,,,,,
7761,User Story,Review transfer,8,7760.0,REL_X+4,Critical,Blocked,,,,,,
7762,Task,iOS development task 1,2,7761.0,REL_X+4,Critical,Blocked,883.0,2.0,iOS,12.0,0.0,12.0
7763,Task,Android development task -1,1,7761.0,REL_X+4,Critical,Blocked,883.0,2.0,Android,4.0,0.0,4.0
7764,Task,Android development task -1,2,7761.0,REL_X+4,Critical,In Progress,883.0,2.0,Android,9.0,1.0,10.0
7765,Task,Environment setup,3,7761.0,REL_X+4,Critical,Closed,883.0,2.0,DevOps,14.0,0.0,14.0
7766,User Story,Send email,5,7760.0,REL_X+4,Critical,In Review,,,,,,
7767,Task,Back end development task -2,1,7766.0,REL_X+4,Critical,In Review,212.0,1.0,Backend,5.0,1.0,6.0
7768,Task,Back end development task -1,2,7766.0,REL_X+4,Critical,Done,212.0,1.0,Backend,8.0,1.0,9.0
7769,Task,QA iOS,3,7766.0,REL_X+4,Critical,In Progress,212.0,1.0,QA,14.0,1.0,15.0
7770,Task,iOS development task 1,1,7766.0,REL_X+4,Critical,In Review,212.0,1.0,iOS,4.0,0.0,4.0
7771,User Story,Display Card Menu,6,7760.0,REL_X+4,Critical,Closed,,,,,,
7772,Task,iOS UI implementation,2,7771.0,REL_X+4,Critical,In Review,991.0,7.0,iOS,10.0,2.0,12.0
7773,Task,Back end development task -1,1,7771.0,REL_X+4,Critical,Done,991.0,7.0,Backend,3.0,0.0,3.0
7774,Task,iOS UI implementation,2,7771.0,REL_X+4,Critical,In Progress,991.0,7.0,iOS,6.0,1.0,7.0
7775,Task,Environment setup,1,7771.0,REL_X+4,Critical,Closed,991.0,7.0,DevOps,5.0,1.0,6.0
7776,Business Story,Update Card,13,7759.0,REL_X+4,Critical,Blocked,,,,,,
7777,User Story,Send email,5,7776.0,REL_X+4,Critical,Done,,,,,,
7778,Task,Back end development task -1,1,7777.0,REL_X+4,Critical,Done,936.0,4.0,Backend,6.0,0.0,6.0
7779,Task,Back end development task -1,3,7777.0,REL_X+4,Critical,Done,936.0,4.0,Backend,15.0,0.0,15.0
7780,Task,QA Android,2,7777.0,REL_X+4,Critical,To Do,936.0,4.0,QA,6.0,0.0,6.0
7781,Task,QA Android,1,7777.0,REL_X+4,Critical,To Do,936.0,4.0,QA,4.0,0.0,4.0
7782,Task,iOS development task 1,1,7777.0,REL_X+4,Critical,To Do,936.0,4.0,iOS,4.0,0.0,4.0
7783,User Story,Make a transfer,4,7776.0,REL_X+4,Critical,In Review,,,,,,
7784,Task,QA Android,2,7783.0,REL_X+4,Critical,Closed,100.0,4.0,QA,11.0,0.0,11.0
7785,User Story,Display Card Screen,5,7776.0,REL_X+4,Critical,Done,,,,,,
7786,Task,QA Testing,2,7785.0,REL_X+4,Critical,Closed,888.0,3.0,QA,7.0,0.0,7.0
7787,Task,Back end development task -1,2,7785.0,REL_X+4,Critical,Done,888.0,3.0,Backend,11.0,1.0,12.0
7788,Business Story,Email Verification,10,7759.0,REL_X+4,Critical,In Progress,,,,,,
7789,User Story,Display Card Screen,5,7788.0,REL_X+4,Critical,In Review,,,,,,
7790,Task,iOS development task 1,2,7789.0,REL_X+4,Critical,Blocked,922.0,4.0,iOS,9.0,1.0,10.0
7791,Task,Backend API development,1,7789.0,REL_X+4,Critical,Closed,922.0,4.0,Backend,5.0,0.0,5.0
7792,Task,Back end development task -1,2,7789.0,REL_X+4,Critical,In Progress,922.0,4.0,Backend,8.0,0.0,8.0
7793,Task,Android development task -1,1,7789.0,REL_X+4,Critical,In Review,922.0,4.0,Android,6.0,1.0,7.0
7794,Task,QA Testing,1,7789.0,REL_X+4,Critical,In Review,922.0,4.0,QA,6.0,1.0,7.0
7795,User Story,Payment Confirmation,7,7788.0,REL_X+4,Critical,In Review,,,,,,
7796,Task,QA Android,2,7795.0,REL_X+4,Critical,Blocked,949.0,5.0,QA,12.0,0.0,12.0
7797,Task,iOS UI implementation,1,7795.0,REL_X+4,Critical,Done,949.0,5.0,iOS,6.0,1.0,7.0
7798,Task,Environment setup,2,7795.0,REL_X+4,Critical,Blocked,949.0,5.0,DevOps,10.0,1.0,11.0
7799,Task,Android development task -1,1,7795.0,REL_X+4,Critical,Blocked,949.0,5.0,Android,4.0,0.0,4.0
7800,Task,Android UI implementation,2,7795.0,REL_X+4,Critical,Blocked,949.0,5.0,Android,8.0,1.0,9.0
7801,User Story,Review transfer,7,7788.0,REL_X+4,Critical,In Progress,,,,,,
7802,Task,QA iOS,1,7801.0,REL_X+4,Critical,Blocked,1625.0,7.0,QA,5.0,1.0,6.0
7803,Task,Backend API development,1,7801.0,REL_X+4,Critical,Done,1625.0,7.0,Backend,4.0,0.0,4.0
7804,Task,iOS development task 1,1,7801.0,REL_X+4,Critical,Done,1625.0,7.0,iOS,4.0,0.0,4.0
7805,Task,Back end development task -1,3,7801.0,REL_X+4,Critical,In Review,1625.0,7.0,Backend,18.0,3.0,21.0
7806,Task,Backend API development,1,7801.0,REL_X+4,Critical,Closed,1625.0,7.0,Backend,3.0,0.0,3.0
7807,Feature,Payment Gateway,34,7734.0,REL_X+4,Critical,Done,,,,,,
7808,Business Story,Update Card,13,7807.0,REL_X+4,Critical,In Progress,,,,,,
7809,User Story,Make a transfer,5,7808.0,REL_X+4,Critical,In Progress,,,,,,
7810,Task,Back end development task -1,1,7809.0,REL_X+4,Critical,Closed,381.0,7.0,Backend,4.0,0.0,4.0
7811,User Story,Transaction history,5,7808.0,REL_X+4,Critical,In Review,,,,,,
7812,Task,Environment setup,1,7811.0,REL_X+4,Critical,In Review,110.0,5.0,DevOps,6.0,1.0,7.0
7813,Task,QA iOS,1,7811.0,REL_X+4,Critical,In Review,110.0,5.0,QA,4.0,0.0,4.0
7814,Task,QA iOS,1,7811.0,REL_X+4,Critical,Closed,110.0,5.0,QA,6.0,1.0,7.0
7815,Task,Android UI implementation,2,7811.0,REL_X+4,Critical,In Review,110.0,5.0,Android,11.0,2.0,13.0
7816,User Story,Verify Email,7,7808.0,REL_X+4,Critical,Blocked,,,,,,
7817,Task,Back end development task -1,1,7816.0,REL_X+4,Critical,To Do,1029.0,8.0,Backend,5.0,1.0,6.0
7818,Task,Android development task -1,3,7816.0,REL_X+4,Critical,In Review,1029.0,8.0,Android,16.0,3.0,19.0
7819,Task,iOS development task 1,3,7816.0,REL_X+4,Critical,Blocked,1029.0,8.0,iOS,13.0,0.0,13.0
7820,Task,Back end development task -1,1,7816.0,REL_X+4,Critical,Blocked,1029.0,8.0,Backend,3.0,0.0,3.0
7821,Business Story,Payment Callback,9,7807.0,REL_X+4,Critical,To Do,,,,,,
7822,User Story,Verify Email,4,7821.0,REL_X+4,Critical,In Review,,,,,,
7823,Task,QA iOS,1,7822.0,REL_X+4,Critical,To Do,1638.0,7.0,QA,5.0,0.0,5.0
7824,Task,iOS UI implementation,1,7822.0,REL_X+4,Critical,In Review,1638.0,7.0,iOS,6.0,0.0,6.0
7825,Task,Android development task -1,1,7822.0,REL_X+4,Critical,Closed,1638.0,7.0,Android,5.0,0.0,5.0
7826,User Story,Send email,5,7821.0,REL_X+4,Critical,Done,,,,,,
7827,Task,Back end development task -1,3,7826.0,REL_X+4,Critical,Closed,1081.0,2.0,Backend,15.0,2.0,17.0
7828,Task,iOS development task 1,1,7826.0,REL_X+4,Critical,To Do,1081.0,2.0,iOS,5.0,1.0,6.0
7829,Task,Environment setup,2,7826.0,REL_X+4,Critical,In Progress,1081.0,2.0,DevOps,7.0,0.0,7.0
7830,Feature,Custom Reports,34,7734.0,REL_X+4,Critical,Closed,,,,,,
7831,Business Story,Password Reset,10,7830.0,REL_X+4,Critical,In Progress,,,,,,
7832,User Story,Error Handling,6,7831.0,REL_X+4,Critical,In Progress,,,,,,
7833,Task,iOS development task 1,1,7832.0,REL_X+4,Critical,Closed,425.0,1.0,iOS,3.0,0.0,3.0
7834,Task,QA Testing,1,7832.0,REL_X+4,Critical,In Progress,425.0,1.0,QA,5.0,0.0,5.0
7835,User Story,Display Card Menu,5,7831.0,REL_X+4,Critical,Done,,,,,,
7836,Task,Android UI implementation,3,7835.0,REL_X+4,Critical,Blocked,548.0,6.0,Android,13.0,2.0,15.0
7837,Task,QA Android,2,7835.0,REL_X+4,Critical,In Progress,548.0,6.0,QA,6.0,1.0,7.0
7838,Task,QA Testing,1,7835.0,REL_X+4,Critical,Done,548.0,6.0,QA,4.0,0.0,4.0
7839,Business Story,Payment Callback,9,7830.0,REL_X+4,Critical,Done,,,,,,
7840,User Story,Display Card Screen,7,7839.0,REL_X+4,Critical,In Progress,,,,,,
7841,Task,QA Android,1,7840.0,REL_X+4,Critical,Blocked,649.0,1.0,QA,3.0,0.0,3.0
7842,Task,QA Android,1,7840.0,REL_X+4,Critical,To Do,649.0,1.0,QA,3.0,0.0,3.0
7843,Task,Back end development task -1,2,7840.0,REL_X+4,Critical,To Do,649.0,1.0,Backend,7.0,0.0,7.0
7844,Task,Backend API development,2,7840.0,REL_X+4,Critical,In Review,649.0,1.0,Backend,9.0,1.0,10.0
7845,Task,QA Android,3,7840.0,REL_X+4,Critical,Blocked,649.0,1.0,QA,10.0,1.0,11.0
7846,User Story,Error Handling,5,7839.0,REL_X+4,Critical,In Progress,,,,,,
7847,Task,Back end development task -1,1,7846.0,REL_X+4,Critical,In Review,90.0,4.0,Backend,4.0,0.0,4.0
7848,Task,Back end development task -1,2,7846.0,REL_X+4,Critical,Blocked,90.0,4.0,Backend,7.0,1.0,8.0
7849,Task,iOS UI implementation,1,7846.0,REL_X+4,Critical,In Progress,90.0,4.0,iOS,3.0,0.0,3.0
7850,Business Story,View Cards,12,7830.0,REL_X+4,Critical,In Progress,,,,,,
7851,User Story,Display Card Screen,8,7850.0,REL_X+4,Critical,In Review,,,,,,
7852,Task,iOS UI implementation,2,7851.0,REL_X+4,Critical,In Review,1045.0,1.0,iOS,8.0,1.0,9.0
7853,User Story,Verify Email,5,7850.0,REL_X+4,Critical,In Progress,,,,,,
7854,Task,Android development task -1,3,7853.0,REL_X+4,Critical,Closed,863.0,2.0,Android,12.0,1.0,13.0
7855,Task,QA Testing,2,7853.0,REL_X+4,Critical,Closed,863.0,2.0,QA,7.0,1.0,8.0
7856,Task,QA iOS,1,7853.0,REL_X+4,Critical,Closed,863.0,2.0,QA,3.0,0.0,3.0
7857,Task,iOS UI implementation,2,7853.0,REL_X+4,Critical,Done,863.0,2.0,iOS,6.0,1.0,7.0
7858,Epic,Accounts,55,,REL_X+7,Critical,To Do,,,,,,
7859,Feature,Transaction History,34,7858.0,REL_X+7,Critical,Closed,,,,,,
7860,Business Story,Password Reset,10,7859.0,REL_X+7,Critical,Closed,,,,,,
7861,User Story,Review transfer,5,7860.0,REL_X+7,Critical,In Progress,,,,,,
7862,Task,Back end development task -1,1,7861.0,REL_X+7,Critical,Done,1177.0,6.0,Backend,5.0,1.0,6.0
7863,Task,Android development task -1,2,7861.0,REL_X+7,Critical,To Do,1177.0,6.0,Android,11.0,1.0,12.0
7864,User Story,Make a transfer,7,7860.0,REL_X+7,Critical,Blocked,,,,,,
7865,Task,Back end development task -2,3,7864.0,REL_X+7,Critical,In Progress,678.0,3.0,Backend,18.0,2.0,20.0
7866,Task,Android development task -1,3,7864.0,REL_X+7,Critical,To Do,678.0,3.0,Android,17.0,1.0,18.0
7867,Task,Android development task -1,1,7864.0,REL_X+7,Critical,Blocked,678.0,3.0,Android,6.0,1.0,7.0
7868,Task,QA iOS,2,7864.0,REL_X+7,Critical,Closed,678.0,3.0,QA,11.0,1.0,12.0
7869,User Story,Error Handling,4,7860.0,REL_X+7,Critical,To Do,,,,,,
7870,Task,Android development task -1,1,7869.0,REL_X+7,Critical,Closed,293.0,4.0,Android,3.0,0.0,3.0
7871,Business Story,Process Payment,9,7859.0,REL_X+7,Critical,In Review,,,,,,
7872,User Story,Payment Confirmation,3,7871.0,REL_X+7,Critical,Done,,,,,,
7873,Task,Android development task -1,1,7872.0,REL_X+7,Critical,In Progress,454.0,2.0,Android,5.0,0.0,5.0
7874,Task,iOS UI implementation,1,7872.0,REL_X+7,Critical,In Review,454.0,2.0,iOS,4.0,0.0,4.0
7875,User Story,Display Card Menu,5,7871.0,REL_X+7,Critical,In Review,,,,,,
7876,Task,QA Android,1,7875.0,REL_X+7,Critical,Done,1434.0,8.0,QA,3.0,0.0,3.0
7877,Task,Android development task -1,1,7875.0,REL_X+7,Critical,Blocked,1434.0,8.0,Android,5.0,0.0,5.0
7878,Task,Android UI implementation,1,7875.0,REL_X+7,Critical,Blocked,1434.0,8.0,Android,4.0,0.0,4.0
7879,User Story,Send email,3,7871.0,REL_X+7,Critical,Closed,,,,,,
7880,Task,Back end development task -2,1,7879.0,REL_X+7,Critical,Closed,553.0,6.0,Backend,4.0,0.0,4.0
7881,Task,QA iOS,2,7879.0,REL_X+7,Critical,In Progress,553.0,6.0,QA,11.0,0.0,11.0
7882,Task,QA Testing,1,7879.0,REL_X+7,Critical,Done,553.0,6.0,QA,5.0,1.0,6.0
7883,Task,iOS development task 1,1,7879.0,REL_X+7,Critical,To Do,553.0,6.0,iOS,6.0,1.0,7.0
7884,Feature,Account Settings,21,7858.0,REL_X+7,Critical,In Review,,,,,,
7885,Business Story,Process Payment,9,7884.0,REL_X+7,Critical,Closed,,,,,,
7886,User Story,Review transfer,8,7885.0,REL_X+7,Critical,Closed,,,,,,
7887,Task,Environment setup,2,7886.0,REL_X+7,Critical,In Progress,711.0,4.0,DevOps,10.0,2.0,12.0
7888,Task,Back end development task -1,2,7886.0,REL_X+7,Critical,Done,711.0,4.0,Backend,6.0,1.0,7.0
7889,Task,QA Android,3,7886.0,REL_X+7,Critical,Closed,711.0,4.0,QA,15.0,2.0,17.0
7890,User Story,Display Card Menu,5,7885.0,REL_X+7,Critical,Done,,,,,,
7891,Task,Android development task -1,1,7890.0,REL_X+7,Critical,In Review,1234.0,8.0,Android,5.0,1.0,6.0
7892,Task,Android development task -1,3,7890.0,REL_X+7,Critical,In Progress,1234.0,8.0,Android,14.0,2.0,16.0
7893,Task,QA Android,1,7890.0,REL_X+7,Critical,In Review,1234.0,8.0,QA,6.0,1.0,7.0
7894,User Story,Display Card Screen,3,7885.0,REL_X+7,Critical,In Review,,,,,,
7895,Task,Back end development task -1,1,7894.0,REL_X+7,Critical,In Progress,803.0,7.0,Backend,5.0,1.0,6.0
7896,Task,QA iOS,1,7894.0,REL_X+7,Critical,To Do,803.0,7.0,QA,4.0,0.0,4.0
7897,Business Story,View Cards,12,7884.0,REL_X+7,Critical,In Progress,,,,,,
7898,User Story,Verify Email,5,7897.0,REL_X+7,Critical,Done,,,,,,
7899,Task,iOS development task 1,1,7898.0,REL_X+7,Critical,To Do,1763.0,4.0,iOS,4.0,0.0,4.0
7900,User Story,Display Card Screen,5,7897.0,REL_X+7,Critical,To Do,,,,,,
7901,Task,Back end development task -1,3,7900.0,REL_X+7,Critical,Blocked,1208.0,7.0,Backend,10.0,2.0,12.0
7902,Task,Back end development task -2,1,7900.0,REL_X+7,Critical,Blocked,1208.0,7.0,Backend,4.0,0.0,4.0
7903,Task,Backend API development,2,7900.0,REL_X+7,Critical,In Review,1208.0,7.0,Backend,10.0,0.0,10.0
7904,User Story,Payment Confirmation,8,7897.0,REL_X+7,Critical,Closed,,,,,,
7905,Task,Android UI implementation,1,7904.0,REL_X+7,Critical,To Do,1366.0,5.0,Android,6.0,1.0,7.0
7906,Task,Environment setup,1,7904.0,REL_X+7,Critical,Closed,1366.0,5.0,DevOps,6.0,0.0,6.0
7907,Task,Backend API development,2,7904.0,REL_X+7,Critical,Done,1366.0,5.0,Backend,6.0,0.0,6.0
7908,Task,QA iOS,1,7904.0,REL_X+7,Critical,Blocked,1366.0,5.0,QA,6.0,1.0,7.0
7909,Task,Back end development task -1,3,7904.0,REL_X+7,Critical,Closed,1366.0,5.0,Backend,16.0,1.0,17.0
7910,Epic,Security,55,,REL_X+7,Critical,Closed,,,,,,
7911,Feature,Cards,34,7910.0,REL_X+7,Critical,To Do,,,,,,
7912,Business Story,Remove Card,13,7911.0,REL_X+7,Critical,Blocked,,,,,,
7913,User Story,Error Handling,8,7912.0,REL_X+7,Critical,Closed,,,,,,
7914,Task,QA iOS,1,7913.0,REL_X+7,Critical,In Review,942.0,5.0,QA,3.0,0.0,3.0
7915,Task,iOS development task 1,1,7913.0,REL_X+7,Critical,Closed,942.0,5.0,iOS,5.0,1.0,6.0
7916,Task,QA Testing,1,7913.0,REL_X+7,Critical,Closed,942.0,5.0,QA,3.0,0.0,3.0
7917,Business Story,View Cards,12,7911.0,REL_X+7,Critical,To Do,,,,,,
7918,User Story,Payment Form,5,7917.0,REL_X+7,Critical,In Review,,,,,,
7919,Task,Back end development task -1,1,7918.0,REL_X+7,Critical,In Progress,1023.0,8.0,Backend,5.0,1.0,6.0
7920,Task,Back end development task -1,1,7918.0,REL_X+7,Critical,In Progress,1023.0,8.0,Backend,6.0,0.0,6.0
7921,Task,QA Android,1,7918.0,REL_X+7,Critical,Done,1023.0,8.0,QA,3.0,0.0,3.0
